Protocollo;Gruppo;DataOraIncidente;Localizzazione1;STRADA1;Localizzazione2;STRADA2;Strada02;Chilometrica;DaSpecificare;NaturaIncidente;particolaritastrade;TipoStrada;FondoStradale;Pavimentazione;Segnaletica;CondizioneAtmosferica;Traffico;Visibilita;Illuminazione;NUM_FERITI;NUM_RISERVATA;NUM_MORTI;NUM_ILLESI;Longitude;Latitude;Confermato;Progressivo;TipoVeicolo;StatoVeicolo;TipoPersona;Sesso;Tipolesione;Deceduto;DecedutoDopo;CinturaCascoUtilizzato;Airbag;
5939355;1;02/05/2022 07:45:00;Strada Urbana;VIALE AVENTINO;in prossimità;;del palo luce n.;6;;Veicolo in marcia contro ostacolo fisso;Rettilineo;Più di due carreggiate;Asciutto;Asfaltata;Verticale ed orizzontale;Sereno;Normale;Buona;;0;0;0;2;12.4864;41.8824;-1;1;Motociclo a solo;In marcia / fermata / arresto;Passeggero;F;Illeso;0;;Non accertato;
5939408;18;02/05/2022 17:30:00;Strada Urbana;VIA PIO IX;all'intersezione con;VIA DEL FORTE BOCCEA;VIA DEL FORTE BOCCEA;;;Scontro frontale/laterale DX fra veicoli in marcia;Intersezione stradale segnalata;Una carreggiata a doppio senso;Asciutto;Asfaltata;Verticale ed orizzontale;Sereno;Normale;Buona;;0;0;0;2;12.4238;41.9074;-1;1;Autovettura privata;In marcia / fermata / arresto;Conducente;M;Illeso;0;;;
5939408;18;02/05/2022 17:30:00;Strada Urbana;VIA PIO IX;all'intersezione con;VIA DEL FORTE BOCCEA;VIA DEL FORTE BOCCEA;;;Scontro frontale/laterale DX fra veicoli in marcia;Intersezione stradale segnalata;Una carreggiata a doppio senso;Asciutto;Asfaltata;Verticale ed orizzontale;Sereno;Normale;Buona;;0;0;0;2;12.4238;41.9074;-1;2;Autovettura privata;In marcia / fermata / arresto;Conducente;M;Illeso;0;;;
5939421;6;02/05/2022 12:00:00;Strada Urbana;VIALE PARTENOPE;in corrispondenza;;del civico n.;101;;Veicolo in marcia contro veicolo in sosta;Rettilineo;Due carreggiate;Asciutto;Asfaltata;Orizzontale;Sereno;Normale;Sufficiente;;0;0;0;1;12.5513;41.8906;-1;1;Autovettura privata;In marcia / fermata / arresto;Conducente;M;Illeso;0;;Non accertato;Inesploso
5939421;6;02/05/2022 12:00:00;Strada Urbana;VIALE PARTENOPE;in corrispondenza;;del civico n.;101;;Veicolo in marcia contro veicolo in sosta;Rettilineo;Due carreggiate;Asciutto;Asfaltata;Orizzontale;Sereno;Normale;Sufficiente;;0;0;0;1;12.5513;41.8906;-1;2;Autovettura privata;Sosta;;;;;;;
5939428;1;02/05/2022 15:45:00;Strada Urbana;LUNGOTEVERE RAFFAELLO SANZIO;da specificare;;;;INTERSEZIONE PIAZZA G.G. BELLI;Scontro laterale fra veicoli in marcia;Rettilineo;Una carreggiata a senso unico di marcia;Asciutto;Asfaltata;Verticale ed orizzontale;Nuvoloso;Normale;Buona;;0;0;0;2;12.4742;41.8903;-1;1;Autocarro superiore 35 q.;In marcia / fermata / arresto;Conducente;M;Illeso;0;;Non accertato;Inesploso
5939428;1;02/05/2022 15:45:00;Strada Urbana;LUNGOTEVERE RAFFAELLO SANZIO;da specificare;;;;INTERSEZIONE PIAZZA G.G. BELLI;Scontro laterale fra veicoli in marcia;Rettilineo;Una carreggiata a senso unico di marcia;Asciutto;Asfaltata;Verticale ed orizzontale;Nuvoloso;Normale;Buona;;0;0;0;2;12.4742;41.8903;-1;2;Autovettura privata;In marcia / fermata / arresto;Conducente;M;Illeso;0;;Non accertato;Inesploso
5939599;16;02/05/2022 15:00:00;Strada Urbana;VIA OTTAVIO GASPARRI;in prossimità;;del civico n.;42;;Scontro laterale fra veicoli in marcia;Pendenza;Due carreggiate;Asciutto;Asfaltata;Verticale ed orizzontale;Sereno;Normale;Buona;;0;0;0;2;12.4417;41.8791;-1;1;Autovettura privata;In marcia / fermata / arresto;Conducente;M;Illeso;0;;Non accertato;Inesploso
5939599;16;02/05/2022 15:00:00;Strada Urbana;VIA OTTAVIO GASPARRI;in prossimità;;del civico n.;42;;Scontro laterale fra veicoli in marcia;Pendenza;Due carreggiate;Asciutto;Asfaltata;Verticale ed orizzontale;Sereno;Normale;Buona;;0;0;0;2;12.4417;41.8791;-1;2;Autocarro inferiore 35 q.;In marcia / fermata / arresto;Conducente;M;Illeso;0;;Non accertato;Inesploso
5939602;16;02/05/2022 17:50:00;Strada Urbana;VIA DI MONTE VERDE;all'intersezione con;VIA FRANCESCO DURANTE;VIA FRANCESCO DURANTE;;;Scontro frontale/laterale DX fra veicoli in marcia;Intersezione stradale segnalata;Una carreggiata a doppio senso;Asciutto;Asfaltata;Verticale ed orizzontale;Nuvoloso;Normale;Buona;;0;0;0;2;12.4492;41.8712;-1;1;Autovettura privata;In marcia / fermata / arresto;Conducente;F;Illeso;0;;Non accertato;Inesploso
5939602;16;02/05/2022 17:50:00;Strada Urbana;VIA DI MONTE VERDE;all'intersezione con;VIA FRANCESCO DURANTE;VIA FRANCESCO DURANTE;;;Scontro frontale/laterale DX fra veicoli in marcia;Intersezione stradale segnalata;Una carreggiata a doppio senso;Asciutto;Asfaltata;Verticale ed orizzontale;Nuvoloso;Normale;Buona;;0;0;0;2;12.4492;41.8712;-1;2;Autovettura privata;In marcia / fermata / arresto;Conducente;F;Illeso;0;;Non accertato;Inesploso
5939603;16;02/05/2022 19:50:00;Strada Urbana;VIALE AURELIO SAFFI;in prossimità;;del palo luce n.;13;;Tamponamento;Rettilineo;Una carreggiata a senso unico di marcia;Bagnato (pioggia);Asfaltata;Assente;Nuvoloso;Normale;Sufficiente;;0;0;0;3;12.4666;41.8822;-1;1;Autovettura privata;In marcia / fermata / arresto;Conducente;M;Illeso;0;;Non accertato;Inesploso
5939603;16;02/05/2022 19:50:00;Strada Urbana;VIALE AURELIO SAFFI;in prossimità;;del palo luce n.;13;;Tamponamento;Rettilineo;Una carreggiata a senso unico di marcia;Bagnato (pioggia);Asfaltata;Assente;Nuvoloso;Normale;Sufficiente;;0;0;0;3;12.4666;41.8822;-1;2;Autovettura privata;In marcia / fermata / arresto;Conducente;M;Illeso;0;;Non accertato;Inesploso
5939603;16;02/05/2022 19:50:00;Strada Urbana;VIALE AURELIO SAFFI;in prossimità;;del palo luce n.;13;;Tamponamento;Rettilineo;Una carreggiata a senso unico di marcia;Bagnato (pioggia);Asfaltata;Assente;Nuvoloso;Normale;Sufficiente;;0;0;0;3;12.4666;41.8822;-1;2;Autovettura privata;In marcia / fermata / arresto;Passeggero;M;Illeso;0;;Non accertato;Inesploso
5939702;8;02/05/2022 01:30:00;Strada Urbana;VIA LAERTE;da specificare;;;;prox palo acea 11;Fuoriuscita dalla sede stradale;Rettilineo;Una carreggiata a doppio senso;Asciutto;Asfaltata;Assente;Sereno;Normale;Buona;;0;0;0;0;12.6156;41.8696;-1;1;Autovettura privata;In marcia / fermata / arresto;;;;;;;
5939726;11;02/05/2022 14:15:00;Strada Urbana;VIA CRISTOFORO COLOMBO;in prossimità;;del civico n.;116;;Scontro laterale fra veicoli in marcia;Rettilineo;Più di due carreggiate;Asciutto;Asfaltata;Verticale;Sereno;Scarso;Buona;;1;0;0;1;12.4963;41.8655;-1;1;Autovettura privata;In marcia / fermata / arresto;Conducente;F;Rifiuta cure immediate;0;NON DECEDUTO;Non accertato;
5939726;11;02/05/2022 14:15:00;Strada Urbana;VIA CRISTOFORO COLOMBO;in prossimità;;del civico n.;116;;Scontro laterale fra veicoli in marcia;Rettilineo;Più di due carreggiate;Asciutto;Asfaltata;Verticale;Sereno;Scarso;Buona;;1;0;0;1;12.4963;41.8655;-1;2;Autovettura privata;In marcia / fermata / arresto;Conducente;M;Illeso;0;;Non accertato;
5939729;8;02/05/2022 11:00:00;Strada Urbana;VIA PRENESTINA;da specificare;;;;1430;Infortunio per caduta del veicolo;Rettilineo;Una carreggiata a doppio senso;Asciutto;Asfaltata;Verticale ed orizzontale;Sereno;Normale;Buona;;1;0;0;1;12.6155;41.8933;-1;1;Autobus di linea;In marcia / fermata / arresto;Conducente;M;Illeso;0;;Non accertato;Inesploso
5939729;8;02/05/2022 11:00:00;Strada Urbana;VIA PRENESTINA;da specificare;;;;1430;Infortunio per caduta del veicolo;Rettilineo;Una carreggiata a doppio senso;Asciutto;Asfaltata;Verticale ed orizzontale;Sereno;Normale;Buona;;1;0;0;1;12.6155;41.8933;-1;1;Autobus di linea;In marcia / fermata / arresto;Passeggero;F;Rimandato;0;NON DECEDUTO;Non accertato;Inesploso
5939732;8;02/05/2022 14:30:00;Strada Urbana;VIALE DELLA SORBONA;in corrispondenza;;del palo luce n.;501;;Tamponamento;Rettilineo;Due carreggiate;Asciutto;Asfaltata;Verticale ed orizzontale;Sereno;Normale;Buona;;2;0;0;0;12.6155;41.8561;-1;1;Motociclo con passeggero;In marcia / fermata / arresto;Conducente;M;Rifiuta cure immediate;0;NON DECEDUTO;Non accertato;
5939732;8;02/05/2022 14:30:00;Strada Urbana;VIALE DELLA SORBONA;in corrispondenza;;del palo luce n.;501;;Tamponamento;Rettilineo;Due carreggiate;Asciutto;Asfaltata;Verticale ed orizzontale;Sereno;Normale;Buona;;2;0;0;0;12.6155;41.8561;-1;1;Motociclo con passeggero;In marcia / fermata / arresto;Passeggero;F;Rifiuta cure immediate;0;NON DECEDUTO;Non accertato;
5939732;8;02/05/2022 14:30:00;Strada Urbana;VIALE DELLA SORBONA;in corrispondenza;;del palo luce n.;501;;Tamponamento;Rettilineo;Due carreggiate;Asciutto;Asfaltata;Verticale ed orizzontale;Sereno;Normale;Buona;;2;0;0;0;12.6155;41.8561;-1;2;Autovettura privata;Allontanatosi;;;;;;;
5939738;8;02/05/2022 15:45:00;Strada Urbana;VIA PALMA DI MONTECHIARO;all'intersezione con;VIA CASILINA;VIA CASILINA;;;Scontro frontale/laterale SX fra veicoli in marcia;Intersezione stradale segnalata;Una carreggiata a doppio senso;Asciutto;Asfaltata;Verticale ed orizzontale;Nuvoloso;Intenso;Buona;;0;0;0;2;12.6822;41.8627;-1;1;Autovettura privata;In marcia / fermata / arresto;Conducente;M;Illeso;0;;;
5939738;8;02/05/2022 15:45:00;Strada Urbana;VIA PALMA DI MONTECHIARO;all'intersezione con;VIA CASILINA;VIA CASILINA;;;Scontro frontale/laterale SX fra veicoli in marcia;Intersezione stradale segnalata;Una carreggiata a doppio senso;Asciutto;Asfaltata;Verticale ed orizzontale;Nuvoloso;Intenso;Buona;;0;0;0;2;12.6822;41.8627;-1;2;Autovettura privata;In marcia / fermata / arresto;Conducente;F;Illeso;0;;;
5939739;8;02/05/2022 08:00:00;Strada Urbana;VIA MASSA DI SAN GIULIANO;all'intersezione con;VIA FANO ADRIANO;VIA FANO ADRIANO;;;Scontro frontale/laterale DX fra veicoli in marcia;Incrocio;Una carreggiata a doppio senso;Asciutto;Asfaltata;Verticale ed orizzontale;Sereno;Intenso;Buona;;0;0;0;2;12.6918;41.9062;-1;1;Autovettura privata;In marcia / fermata / arresto;Conducente;M;Illeso;0;;;
5939739;8;02/05/2022 08:00:00;Strada Urbana;VIA MASSA DI SAN GIULIANO;all'intersezione con;VIA FANO ADRIANO;VIA FANO ADRIANO;;;Scontro frontale/laterale DX fra veicoli in marcia;Incrocio;Una carreggiata a doppio senso;Asciutto;Asfaltata;Verticale ed orizzontale;Sereno;Intenso;Buona;;0;0;0;2;12.6918;41.9062;-1;2;Autovettura privata;In marcia / fermata / arresto;Conducente;F;Illeso;0;;;
5939743;8;02/05/2022 08:15:00;Strada Urbana;VIA CASILINA;da specificare;;;;pross.inters.via PONTE DELLA CATENA dir. centro;Tamponamento;Rettilineo;Una carreggiata a doppio senso;Asciutto;Asfaltata;Orizzontale;Sereno;Intenso;Buona;;1;0;0;2;12.6212;41.8626;-1;1;Autocarro inferiore 35 q.;In marcia / fermata / arresto;Conducente;M;Rifiuta cure immediate;0;NON DECEDUTO;Non accertato;Inesploso
5939743;8;02/05/2022 08:15:00;Strada Urbana;VIA CASILINA;da specificare;;;;pross.inters.via PONTE DELLA CATENA dir. centro;Tamponamento;Rettilineo;Una carreggiata a doppio senso;Asciutto;Asfaltata;Orizzontale;Sereno;Intenso;Buona;;1;0;0;2;12.6212;41.8626;-1;1;Autocarro inferiore 35 q.;In marcia / fermata / arresto;Passeggero;M;Illeso;0;;Non accertato;Inesploso
5939743;8;02/05/2022 08:15:00;Strada Urbana;VIA CASILINA;da specificare;;;;pross.inters.via PONTE DELLA CATENA dir. centro;Tamponamento;Rettilineo;Una carreggiata a doppio senso;Asciutto;Asfaltata;Orizzontale;Sereno;Intenso;Buona;;1;0;0;2;12.6212;41.8626;-1;2;Autovettura privata;In marcia / fermata / arresto;Conducente;F;Illeso;0;;Non accertato;Inesploso
5939747;8;02/05/2022 09:35:00;Strada Urbana;VIA WALTER TOBAGI;all'intersezione con;VIA DEL PETTIROSSO;VIA DEL PETTIROSSO;;;Scontro laterale fra veicoli in marcia;Incrocio;Una carreggiata a senso unico di marcia;Asciutto;Asfaltata;Verticale ed orizzontale;Sereno;Normale;Buona;;1;0;0;3;12.5973;41.8753;-1;1;Autovettura privata;In marcia / fermata / arresto;Conducente;F;Illeso;0;;Non accertato;Inesploso
5939747;8;02/05/2022 09:35:00;Strada Urbana;VIA WALTER TOBAGI;all'intersezione con;VIA DEL PETTIROSSO;VIA DEL PETTIROSSO;;;Scontro laterale fra veicoli in marcia;Incrocio;Una carreggiata a senso unico di marcia;Asciutto;Asfaltata;Verticale ed orizzontale;Sereno;Normale;Buona;;1;0;0;3;12.5973;41.8753;-1;1;Autovettura privata;In marcia / fermata / arresto;Passeggero;M;Illeso;0;;Non accertato;Inesploso
5939747;8;02/05/2022 09:35:00;Strada Urbana;VIA WALTER TOBAGI;all'intersezione con;VIA DEL PETTIROSSO;VIA DEL PETTIROSSO;;;Scontro laterale fra veicoli in marcia;Incrocio;Una carreggiata a senso unico di marcia;Asciutto;Asfaltata;Verticale ed orizzontale;Sereno;Normale;Buona;;1;0;0;3;12.5973;41.8753;-1;2;Autovettura privata;In marcia / fermata / arresto;Conducente;M;Illeso;0;;Non accertato;Inesploso
5939747;8;02/05/2022 09:35:00;Strada Urbana;VIA WALTER TOBAGI;all'intersezione con;VIA DEL PETTIROSSO;VIA DEL PETTIROSSO;;;Scontro laterale fra veicoli in marcia;Incrocio;Una carreggiata a senso unico di marcia;Asciutto;Asfaltata;Verticale ed orizzontale;Sereno;Normale;Buona;;1;0;0;3;12.5973;41.8753;-1;3;Motociclo a solo;In marcia / fermata / arresto;Conducente;M;Rimandato;0;NON DECEDUTO;Non accertato;
5939748;8;02/05/2022 17:50:00;Strada Urbana;VIA DEL FOSSO DELL'OSA;in prossimità;;del palo luce n.;10;;Fuoriuscita dalla sede stradale;Rettilineo;Una carreggiata a doppio senso;Bagnato (pioggia);Asfaltata;Orizzontale;Pioggia in atto;Normale;Buona;;1;0;0;0;12.6842;41.9059;-1;1;Autovettura privata;In marcia / fermata / arresto;Conducente;M;Rimandato;0;NON DECEDUTO;Non accertato;Esploso
5939750;8;02/05/2022 10:30:00;Strada Urbana;VIA DI ROCCA CENCIA;in prossimità;;del civico n.;232;;Scontro frontale/laterale DX fra veicoli in marcia;Rettilineo;Una carreggiata a doppio senso;Asciutto;Asfaltata;Orizzontale;Sereno;Normale;Buona;;1;0;0;2;12.6958;41.8851;-1;1;Autovettura privata;In marcia / fermata / arresto;Conducente;F;Rifiuta cure immediate;0;NON DECEDUTO;Non accertato;Inesploso
5939750;8;02/05/2022 10:30:00;Strada Urbana;VIA DI ROCCA CENCIA;in prossimità;;del civico n.;232;;Scontro frontale/laterale DX fra veicoli in marcia;Rettilineo;Una carreggiata a doppio senso;Asciutto;Asfaltata;Orizzontale;Sereno;Normale;Buona;;1;0;0;2;12.6958;41.8851;-1;1;Autovettura privata;In marcia / fermata / arresto;Passeggero;M;Illeso;0;;Non accertato;Inesploso
5939750;8;02/05/2022 10:30:00;Strada Urbana;VIA DI ROCCA CENCIA;in prossimità;;del civico n.;232;;Scontro frontale/laterale DX fra veicoli in marcia;Rettilineo;Una carreggiata a doppio senso;Asciutto;Asfaltata;Orizzontale;Sereno;Normale;Buona;;1;0;0;2;12.6958;41.8851;-1;2;Autovettura privata;In marcia / fermata / arresto;Conducente;M;Illeso;0;;Non accertato;Inesploso
5939757;20;02/05/2022 10:15:00;Strada Urbana;VIA DEI FABI;in prossimità;;del civico n.;15/16;;Scontro frontale/laterale DX fra veicoli in marcia;Rettilineo;Una carreggiata a doppio senso;Asciutto;Asfaltata;Assente;Sereno;Scarso;Buona;;0;0;0;2;9.644;45.397;-1;1;Autocarro inferiore 35 q.;In marcia / fermata / arresto;Conducente;M;Illeso;0;;;
5939757;20;02/05/2022 10:15:00;Strada Urbana;VIA DEI FABI;in prossimità;;del civico n.;15/16;;Scontro frontale/laterale DX fra veicoli in marcia;Rettilineo;Una carreggiata a doppio senso;Asciutto;Asfaltata;Assente;Sereno;Scarso;Buona;;0;0;0;2;9.644;45.397;-1;2;Autocarro inferiore 35 q.;In marcia / fermata / arresto;Conducente;M;Illeso;0;;;
5939767;20;02/05/2022 10:30:00;Strada Urbana;VIA FLAMINIA;in prossimità;;del civico n.;577;;Investimento di pedone;Curva a visuale libera;Una carreggiata a doppio senso;Asciutto;Asfaltata;Verticale ed orizzontale;Sereno;Normale;Buona;;1;0;0;1;12.472;41.9423;-1;;;;Pedone;M;Ricoverato;0;NON DECEDUTO;;
5939767;20;02/05/2022 10:30:00;Strada Urbana;VIA FLAMINIA;in prossimità;;del civico n.;577;;Investimento di pedone;Curva a visuale libera;Una carreggiata a doppio senso;Asciutto;Asfaltata;Verticale ed orizzontale;Sereno;Normale;Buona;;1;0;0;1;12.472;41.9423;-1;1;Autovettura privata;In marcia / fermata / arresto;Conducente;M;Illeso;0;;Non accertato;Inesploso
5939769;19;02/05/2022 13:10:00;Strada Urbana;VIA TRIONFALE;in prossimità;;del civico n.;7130;;Tamponamento;Rettilineo;Una carreggiata a doppio senso;Asciutto;Asfaltata;Orizzontale;Sereno;Scarso;Buona;;0;0;0;3;12.4382;41.9353;-1;1;Autovettura privata;In marcia / fermata / arresto;Conducente;F;Illeso;0;;;
5939769;19;02/05/2022 13:10:00;Strada Urbana;VIA TRIONFALE;in prossimità;;del civico n.;7130;;Tamponamento;Rettilineo;Una carreggiata a doppio senso;Asciutto;Asfaltata;Orizzontale;Sereno;Scarso;Buona;;0;0;0;3;12.4382;41.9353;-1;2;Autovettura privata;In marcia / fermata / arresto;Conducente;F;Illeso;0;;;
5939769;19;02/05/2022 13:10:00;Strada Urbana;VIA TRIONFALE;in prossimità;;del civico n.;7130;;Tamponamento;Rettilineo;Una carreggiata a doppio senso;Asciutto;Asfaltata;Orizzontale;Sereno;Scarso;Buona;;0;0;0;3;12.4382;41.9353;-1;2;Autovettura privata;In marcia / fermata / arresto;Passeggero;M;Illeso;0;;;
5939772;9;02/05/2022 16:40:00;Strada Urbana;PIAZZA ZAMA;in corrispondenza;;del civico n.;28;;Tamponamento Multiplo;Rotatoria;Una carreggiata a senso unico di marcia;Asciutto;Asfaltata;Verticale ed orizzontale;Sereno;Intenso;Buona;;0;0;0;6;12.5095;41.8759;-1;1;Autovettura privata;In marcia / fermata / arresto;Conducente;M;Illeso;0;;Non accertato;Inesploso
5939772;9;02/05/2022 16:40:00;Strada Urbana;PIAZZA ZAMA;in corrispondenza;;del civico n.;28;;Tamponamento Multiplo;Rotatoria;Una carreggiata a senso unico di marcia;Asciutto;Asfaltata;Verticale ed orizzontale;Sereno;Intenso;Buona;;0;0;0;6;12.5095;41.8759;-1;1;Autovettura privata;In marcia / fermata / arresto;Passeggero;M;Illeso;0;;Non accertato;Inesploso
5939772;9;02/05/2022 16:40:00;Strada Urbana;PIAZZA ZAMA;in corrispondenza;;del civico n.;28;;Tamponamento Multiplo;Rotatoria;Una carreggiata a senso unico di marcia;Asciutto;Asfaltata;Verticale ed orizzontale;Sereno;Intenso;Buona;;0;0;0;6;12.5095;41.8759;-1;2;Autovettura privata;In marcia / fermata / arresto;Conducente;M;Illeso;0;;Non accertato;Inesploso
5939772;9;02/05/2022 16:40:00;Strada Urbana;PIAZZA ZAMA;in corrispondenza;;del civico n.;28;;Tamponamento Multiplo;Rotatoria;Una carreggiata a senso unico di marcia;Asciutto;Asfaltata;Verticale ed orizzontale;Sereno;Intenso;Buona;;0;0;0;6;12.5095;41.8759;-1;2;Autovettura privata;In marcia / fermata / arresto;Passeggero;M;Illeso;0;;Non accertato;Inesploso
5939772;9;02/05/2022 16:40:00;Strada Urbana;PIAZZA ZAMA;in corrispondenza;;del civico n.;28;;Tamponamento Multiplo;Rotatoria;Una carreggiata a senso unico di marcia;Asciutto;Asfaltata;Verticale ed orizzontale;Sereno;Intenso;Buona;;0;0;0;6;12.5095;41.8759;-1;3;Autovettura privata;In marcia / fermata / arresto;Conducente;F;Illeso;0;;Non accertato;Inesploso
5939772;9;02/05/2022 16:40:00;Strada Urbana;PIAZZA ZAMA;in corrispondenza;;del civico n.;28;;Tamponamento Multiplo;Rotatoria;Una carreggiata a senso unico di marcia;Asciutto;Asfaltata;Verticale ed orizzontale;Sereno;Intenso;Buona;;0;0;0;6;12.5095;41.8759;-1;3;Autovettura privata;In marcia / fermata / arresto;Passeggero;F;Illeso;0;;Non accertato;Inesploso
5939785;11;02/05/2022 16:15:00;Strada Urbana;VIA CRISTOFORO COLOMBO;da specificare;;;;in prossimità di via Rosa Guarnieri Carducci;Tamponamento;Rettilineo;Più di due carreggiate;Asciutto;Asfaltata;Verticale ed orizzontale;Sereno;Intenso;Buona;;1;0;0;1;12.4929;41.8563;-1;1;Autovettura privata;In marcia / fermata / arresto;Conducente;F;Rifiuta cure immediate;0;NON DECEDUTO;Non accertato;Inesploso
5939785;11;02/05/2022 16:15:00;Strada Urbana;VIA CRISTOFORO COLOMBO;da specificare;;;;in prossimità di via Rosa Guarnieri Carducci;Tamponamento;Rettilineo;Più di due carreggiate;Asciutto;Asfaltata;Verticale ed orizzontale;Sereno;Intenso;Buona;;1;0;0;1;12.4929;41.8563;-1;2;Autocarro inferiore 35 q.;In marcia / fermata / arresto;Conducente;M;Illeso;0;;Non accertato;Inesploso
5939793;5;02/05/2022 14:00:00;Strada Urbana;VIA GIOVANNI ZANARDINI;in prossimità;;del civico n.;89/91;;Investimento di pedone;Rettilineo;Una carreggiata a doppio senso;Asciutto;Asfaltata;Verticale ed orizzontale;Sereno;Normale;Buona;;0;0;0;2;12.5512;41.9359;-1;;;;Pedone;F;Illeso;0;;;
5939793;5;02/05/2022 14:00:00;Strada Urbana;VIA GIOVANNI ZANARDINI;in prossimità;;del civico n.;89/91;;Investimento di pedone;Rettilineo;Una carreggiata a doppio senso;Asciutto;Asfaltata;Verticale ed orizzontale;Sereno;Normale;Buona;;0;0;0;2;12.5512;41.9359;-1;1;Autovettura privata;In marcia / fermata / arresto;Conducente;F;Illeso;0;;Non accertato;Inesploso
5939808;19;02/05/2022 15:35:00;Strada Urbana;VIA DI TORREVECCHIA;all'intersezione con;VIA PIETRO ADAMI;VIA PIETRO ADAMI;;;Scontro frontale/laterale SX fra veicoli in marcia;Incrocio;Una carreggiata a doppio senso;Asciutto;Asfaltata;Verticale ed orizzontale;Sereno;Normale;Buona;;0;0;0;2;12.4161;41.9273;-1;1;Autobus di linea;In marcia / fermata / arresto;Conducente;M;Illeso;0;;;
5939808;19;02/05/2022 15:35:00;Strada Urbana;VIA DI TORREVECCHIA;all'intersezione con;VIA PIETRO ADAMI;VIA PIETRO ADAMI;;;Scontro frontale/laterale SX fra veicoli in marcia;Incrocio;Una carreggiata a doppio senso;Asciutto;Asfaltata;Verticale ed orizzontale;Sereno;Normale;Buona;;0;0;0;2;12.4161;41.9273;-1;2;Autovettura privata;In marcia / fermata / arresto;Conducente;M;Illeso;0;;;
5939816;9;02/05/2022 15:30:00;Strada Urbana;VIA CALTAGIRONE;da specificare;;;;fronte civico 3;Scontro laterale fra veicoli in marcia;Rettilineo;Una carreggiata a senso unico di marcia;Asciutto;Asfaltata;Verticale ed orizzontale;Sereno;Intenso;Buona;;0;0;0;2;12.5184;41.8876;-1;1;Autovettura privata;In marcia / fermata / arresto;Conducente;M;Illeso;0;;Non accertato;Inesploso
5939816;9;02/05/2022 15:30:00;Strada Urbana;VIA CALTAGIRONE;da specificare;;;;fronte civico 3;Scontro laterale fra veicoli in marcia;Rettilineo;Una carreggiata a senso unico di marcia;Asciutto;Asfaltata;Verticale ed orizzontale;Sereno;Intenso;Buona;;0;0;0;2;12.5184;41.8876;-1;2;Autovettura privata;In marcia / fermata / arresto;Conducente;M;Illeso;0;;Non accertato;Inesploso
5939826;20;02/05/2022 11:50:00;Strada Urbana;VIA DEI DUE PONTI;all'intersezione con;VIA ORIOLO ROMANO;VIA ORIOLO ROMANO;;;Scontro frontale/laterale SX fra veicoli in marcia;Incrocio;Una carreggiata a doppio senso;Asciutto;Asfaltata;Verticale ed orizzontale;Sereno;Normale;Buona;;0;0;0;2;12.4615;41.9664;-1;1;Autovettura privata;In marcia / fermata / arresto;Conducente;M;Illeso;0;;;
5939826;20;02/05/2022 11:50:00;Strada Urbana;VIA DEI DUE PONTI;all'intersezione con;VIA ORIOLO ROMANO;VIA ORIOLO ROMANO;;;Scontro frontale/laterale SX fra veicoli in marcia;Incrocio;Una carreggiata a doppio senso;Asciutto;Asfaltata;Verticale ed orizzontale;Sereno;Normale;Buona;;0;0;0;2;12.4615;41.9664;-1;2;Autovettura privata;In marcia / fermata / arresto;Conducente;M;Illeso;0;;;
5939842;10;02/05/2022 09:35:00;Strada Urbana;VIA EMILIO LEPIDO;all'intersezione con;VIA FABIO RULLIANO;VIA FABIO RULLIANO;;;Scontro laterale fra veicoli in marcia;Intersezione stradale segnalata;Una carreggiata a senso unico di marcia;Asciutto;Asfaltata;Verticale ed orizzontale;Sereno;Normale;Buona;;0;0;0;2;12.5605;41.8587;-1;1;Autovettura privata;In marcia / fermata / arresto;Conducente;F;Illeso;0;;Non accertato;Inesploso
5939842;10;02/05/2022 09:35:00;Strada Urbana;VIA EMILIO LEPIDO;all'intersezione con;VIA FABIO RULLIANO;VIA FABIO RULLIANO;;;Scontro laterale fra veicoli in marcia;Intersezione stradale segnalata;Una carreggiata a senso unico di marcia;Asciutto;Asfaltata;Verticale ed orizzontale;Sereno;Normale;Buona;;0;0;0;2;12.5605;41.8587;-1;2;Autovettura privata;In marcia / fermata / arresto;Conducente;M;Illeso;0;;Non accertato;Inesploso
5939843;7;02/05/2022 06:50:00;Strada Urbana;VIALE DELLA PRIMAVERA;in corrispondenza;;del civico n.;29;;Investimento di pedone;Rettilineo;Due carreggiate;Asciutto;Asfaltata;Verticale ed orizzontale;Sereno;Normale;Buona;;2;0;0;0;12.5615;41.8867;-1;;;;Pedone;F;Rimandato;0;NON DECEDUTO;;
5939843;7;02/05/2022 06:50:00;Strada Urbana;VIALE DELLA PRIMAVERA;in corrispondenza;;del civico n.;29;;Investimento di pedone;Rettilineo;Due carreggiate;Asciutto;Asfaltata;Verticale ed orizzontale;Sereno;Normale;Buona;;2;0;0;0;12.5615;41.8867;-1;1;Motociclo con passeggero;In marcia / fermata / arresto;Conducente;M;Rimandato;0;NON DECEDUTO;Non accertato;
5939852;19;02/05/2022 14:38:00;Strada Urbana;VIA DELLA PINETA SACCHETTI;in prossimità;;del civico n.;426;;Scontro laterale fra veicoli in marcia;Rettilineo;Due carreggiate;Asciutto;Asfaltata;Verticale ed orizzontale;Sereno;Intenso;Buona;;1;0;0;1;12.4258;41.9251;-1;1;Autovettura privata;In marcia / fermata / arresto;Conducente;M;Illeso;0;;;