Protocollo;Gruppo;DataOraIncidente;Localizzazione1;STRADA1;Localizzazione2;STRADA2;Strada02;Chilometrica;DaSpecificare;NaturaIncidente;particolaritastrade;TipoStrada;FondoStradale;Pavimentazione;Segnaletica;CondizioneAtmosferica;Traffico;Visibilita;Illuminazione;NUM_FERITI;NUM_RISERVATA;NUM_MORTI;NUM_ILLESI;Longitude;Latitude;Confermato;Progressivo;TipoVeicolo;StatoVeicolo;TipoPersona;Sesso;Tipolesione;Deceduto;DecedutoDopo;CinturaCascoUtilizzato;Airbag;
5941810;4;03/05/2022 13:15:00;Strada Urbana;VIA SAN LEO;all'intersezione con;VIA INCISA IN VAL D'ARNO;VIA INCISA IN VAL D'ARNO;;;Scontro laterale fra veicoli in marcia;Incrocio;Una carreggiata a doppio senso;Asciutto;Asfaltata;Verticale ed orizzontale;Sereno;Normale;Buona;;1;0;0;2;12.5115;41.9803;-1;1;Motociclo a solo;In marcia / fermata / arresto;Conducente;M;Rimandato;0;NON DECEDUTO;Utilizzato;
5941810;4;03/05/2022 13:15:00;Strada Urbana;VIA SAN LEO;all'intersezione con;VIA INCISA IN VAL D'ARNO;VIA INCISA IN VAL D'ARNO;;;Scontro laterale fra veicoli in marcia;Incrocio;Una carreggiata a doppio senso;Asciutto;Asfaltata;Verticale ed orizzontale;Sereno;Normale;Buona;;1;0;0;2;12.5115;41.9803;-1;2;Autovettura privata;In marcia / fermata / arresto;Conducente;M;Illeso;0;;Non accertato;Inesploso
5941810;4;03/05/2022 13:15:00;Strada Urbana;VIA SAN LEO;all'intersezione con;VIA INCISA IN VAL D'ARNO;VIA INCISA IN VAL D'ARNO;;;Scontro laterale fra veicoli in marcia;Incrocio;Una carreggiata a doppio senso;Asciutto;Asfaltata;Verticale ed orizzontale;Sereno;Normale;Buona;;1;0;0;2;12.5115;41.9803;-1;2;Autovettura privata;In marcia / fermata / arresto;Passeggero;F;Illeso;0;;Non accertato;Inesploso
5941818;5;03/05/2022 17:15:00;Strada Urbana;VIA DI PIETRALATA;da specificare;;;;altezza civico 280 fronte civico 285;Veicolo in marcia contro ostacolo accidentale;Rettilineo;Una carreggiata a doppio senso;Asciutto;Asfaltata;Verticale ed orizzontale;Sereno;Normale;Buona;;0;0;0;1;12.5467;41.9227;-1;1;Autovettura privata;In marcia / fermata / arresto;Conducente;M;Illeso;0;;Non accertato;
5941826;5;03/05/2022 17:20:00;Strada Urbana;LARGO CAMESENA;all'intersezione con;VIA CAMESENA;VIA CAMESENA;;;Scontro frontale/laterale DX fra veicoli in marcia;Incrocio;Una carreggiata a senso unico di marcia;Asciutto;Asfaltata;Verticale ed orizzontale;Sereno;Normale;Sufficiente;;0;0;0;2;12.5348;41.9091;-1;1;Autovettura privata;In marcia / fermata / arresto;Conducente;M;Illeso;0;;Non accertato;
5941826;5;03/05/2022 17:20:00;Strada Urbana;LARGO CAMESENA;all'intersezione con;VIA CAMESENA;VIA CAMESENA;;;Scontro frontale/laterale DX fra veicoli in marcia;Incrocio;Una carreggiata a senso unico di marcia;Asciutto;Asfaltata;Verticale ed orizzontale;Sereno;Normale;Sufficiente;;0;0;0;2;12.5348;41.9091;-1;2;Autovettura privata;In marcia / fermata / arresto;Conducente;M;Illeso;0;;Non accertato;
5941849;13;03/05/2022 07:30:00;Strada Urbana;VIA DEL FOSSO DI DRAGONCELLO;all'intersezione con;VIA DI MACCHIA PALOCCO;VIA DI MACCHIA PALOCCO;;;Scontro frontale/laterale SX fra veicoli in marcia;Incrocio;Una carreggiata a doppio senso;Asciutto;Asfaltata;Verticale;Sereno;Intenso;Sufficiente;;1;0;0;1;12.3416;41.7656;-1;1;Autovettura privata;In marcia / fermata / arresto;Conducente;M;Illeso;0;;;Esploso
5941849;13;03/05/2022 07:30:00;Strada Urbana;VIA DEL FOSSO DI DRAGONCELLO;all'intersezione con;VIA DI MACCHIA PALOCCO;VIA DI MACCHIA PALOCCO;;;Scontro frontale/laterale SX fra veicoli in marcia;Incrocio;Una carreggiata a doppio senso;Asciutto;Asfaltata;Verticale;Sereno;Intenso;Sufficiente;;1;0;0;1;12.3416;41.7656;-1;2;Autovettura privata;In marcia / fermata / arresto;Conducente;M;Rimandato;0;NON DECEDUTO;;Inesploso
5941864;2;03/05/2022 19:15:00;Strada Urbana;LUNGOTEVERE ARNALDO DA BRESCIA;all'intersezione semaforizzata con;VIA DOMENICO ALBERTO AZUNI;VIA DOMENICO ALBERTO AZUNI;;;Infortunio per sola frenata improvvisa;Incrocio;Una carreggiata a senso unico di marcia;Asciutto;Asfaltata;Verticale ed orizzontale;Sereno;Normale;Buona;;1;0;0;1;12.4726;41.9123;-1;1;Motociclo con passeggero;In marcia / fermata / arresto;Conducente;M;Rimandato;0;NON DECEDUTO;;
5941864;2;03/05/2022 19:15:00;Strada Urbana;LUNGOTEVERE ARNALDO DA BRESCIA;all'intersezione semaforizzata con;VIA DOMENICO ALBERTO AZUNI;VIA DOMENICO ALBERTO AZUNI;;;Infortunio per sola frenata improvvisa;Incrocio;Una carreggiata a senso unico di marcia;Asciutto;Asfaltata;Verticale ed orizzontale;Sereno;Normale;Buona;;1;0;0;1;12.4726;41.9123;-1;1;Motociclo con passeggero;In marcia / fermata / arresto;Passeggero;F;Illeso;0;;;
5941864;2;03/05/2022 19:15:00;Strada Urbana;LUNGOTEVERE ARNALDO DA BRESCIA;all'intersezione semaforizzata con;VIA DOMENICO ALBERTO AZUNI;VIA DOMENICO ALBERTO AZUNI;;;Infortunio per sola frenata improvvisa;Incrocio;Una carreggiata a senso unico di marcia;Asciutto;Asfaltata;Verticale ed orizzontale;Sereno;Normale;Buona;;1;0;0;1;12.4726;41.9123;-1;2;Autovettura privata;Allontanatosi;;;;;;;
5941870;1;04/05/2022 01:15:00;Strada Urbana;VIA ODDONE DI CLUNY;all'intersezione con;VIA FELICE NERINI;VIA FELICE NERINI;;;Veicolo in marcia contro veicolo in sosta;Incrocio;Una carreggiata a senso unico di marcia;Asciutto;Asfaltata;Verticale ed orizzontale;Sereno;Scarso;Buona;;0;0;0;1;12.4806;41.88;-1;1;Autovettura privata;In marcia / fermata / arresto;Conducente;M;Illeso;0;;;
5941870;1;04/05/2022 01:15:00;Strada Urbana;VIA ODDONE DI CLUNY;all'intersezione con;VIA FELICE NERINI;VIA FELICE NERINI;;;Veicolo in marcia contro veicolo in sosta;Incrocio;Una carreggiata a senso unico di marcia;Asciutto;Asfaltata;Verticale ed orizzontale;Sereno;Scarso;Buona;;0;0;0;1;12.4806;41.88;-1;2;Motociclo a solo;Sosta;;;;;;;
5941870;1;04/05/2022 01:15:00;Strada Urbana;VIA ODDONE DI CLUNY;all'intersezione con;VIA FELICE NERINI;VIA FELICE NERINI;;;Veicolo in marcia contro veicolo in sosta;Incrocio;Una carreggiata a senso unico di marcia;Asciutto;Asfaltata;Verticale ed orizzontale;Sereno;Scarso;Buona;;0;0;0;1;12.4806;41.88;-1;3;Motociclo a solo;Sosta;;;;;;;
5941880;2;04/05/2022 05:30:00;Strada Urbana;VIA PIETRO MASCAGNI;da specificare;;;;prossimità VIA MARTUCCI;Veicolo in marcia contro veicoli in sosta;Rettilineo;Una carreggiata a senso unico di marcia;Asciutto;Asfaltata;Verticale ed orizzontale;Sereno;Scarso;Buona;;0;0;0;1;12.5172;41.9382;-1;1;Autovettura privata;In marcia / fermata / arresto;Conducente;M;Illeso;0;;Non accertato;Inesploso
5941880;2;04/05/2022 05:30:00;Strada Urbana;VIA PIETRO MASCAGNI;da specificare;;;;prossimità VIA MARTUCCI;Veicolo in marcia contro veicoli in sosta;Rettilineo;Una carreggiata a senso unico di marcia;Asciutto;Asfaltata;Verticale ed orizzontale;Sereno;Scarso;Buona;;0;0;0;1;12.5172;41.9382;-1;2;Autovettura privata;Sosta;;;;;;;
5941880;2;04/05/2022 05:30:00;Strada Urbana;VIA PIETRO MASCAGNI;da specificare;;;;prossimità VIA MARTUCCI;Veicolo in marcia contro veicoli in sosta;Rettilineo;Una carreggiata a senso unico di marcia;Asciutto;Asfaltata;Verticale ed orizzontale;Sereno;Scarso;Buona;;0;0;0;1;12.5172;41.9382;-1;3;Autovettura privata;Sosta;;;;;;;
5941880;2;04/05/2022 05:30:00;Strada Urbana;VIA PIETRO MASCAGNI;da specificare;;;;prossimità VIA MARTUCCI;Veicolo in marcia contro veicoli in sosta;Rettilineo;Una carreggiata a senso unico di marcia;Asciutto;Asfaltata;Verticale ed orizzontale;Sereno;Scarso;Buona;;0;0;0;1;12.5172;41.9382;-1;4;Autovettura privata;Sosta;;;;;;;
5941880;2;04/05/2022 05:30:00;Strada Urbana;VIA PIETRO MASCAGNI;da specificare;;;;prossimità VIA MARTUCCI;Veicolo in marcia contro veicoli in sosta;Rettilineo;Una carreggiata a senso unico di marcia;Asciutto;Asfaltata;Verticale ed orizzontale;Sereno;Scarso;Buona;;0;0;0;1;12.5172;41.9382;-1;5;Autovettura privata;Sosta;;;;;;;
5941880;2;04/05/2022 05:30:00;Strada Urbana;VIA PIETRO MASCAGNI;da specificare;;;;prossimità VIA MARTUCCI;Veicolo in marcia contro veicoli in sosta;Rettilineo;Una carreggiata a senso unico di marcia;Asciutto;Asfaltata;Verticale ed orizzontale;Sereno;Scarso;Buona;;0;0;0;1;12.5172;41.9382;-1;6;Autovettura privata;Sosta;;;;;;;
5941889;17;03/05/2022 14:25:00;Strada Urbana;VIA ANGELO EMO;all'intersezione con;VIA GIUSEPPE DI BARTOLO;VIA GIUSEPPE DI BARTOLO;;;Scontro frontale fra veicoli in marcia;Incrocio;Una carreggiata a doppio senso;Asciutto;Asfaltata;Verticale ed orizzontale;Sereno;Intenso;Sufficiente;;1;0;0;1;12.4462;41.9044;-1;1;Autovettura privata;In marcia / fermata / arresto;Conducente;F;Illeso;0;;;
5941889;17;03/05/2022 14:25:00;Strada Urbana;VIA ANGELO EMO;all'intersezione con;VIA GIUSEPPE DI BARTOLO;VIA GIUSEPPE DI BARTOLO;;;Scontro frontale fra veicoli in marcia;Incrocio;Una carreggiata a doppio senso;Asciutto;Asfaltata;Verticale ed orizzontale;Sereno;Intenso;Sufficiente;;1;0;0;1;12.4462;41.9044;-1;2;Autovettura privata;In marcia / fermata / arresto;Conducente;M;Rimandato;0;NON DECEDUTO;;
5941905;13;03/05/2022 09:20:00;Strada Urbana;VIA DEL FOSSO DI DRAGONCELLO;da specificare;;;;prox via di macchia Palocco;Tamponamento;Rettilineo;Una carreggiata a doppio senso;Asciutto;Asfaltata;Verticale;Sereno;Intenso;Buona;;0;0;0;2;12.3299;41.7577;-1;1;Autovettura privata;In marcia / fermata / arresto;Conducente;F;Illeso;0;;Non accertato;Inesploso
5941905;13;03/05/2022 09:20:00;Strada Urbana;VIA DEL FOSSO DI DRAGONCELLO;da specificare;;;;prox via di macchia Palocco;Tamponamento;Rettilineo;Una carreggiata a doppio senso;Asciutto;Asfaltata;Verticale;Sereno;Intenso;Buona;;0;0;0;2;12.3299;41.7577;-1;1;Autovettura privata;In marcia / fermata / arresto;Passeggero;M;Illeso;0;;Non accertato;Inesploso
5941905;13;03/05/2022 09:20:00;Strada Urbana;VIA DEL FOSSO DI DRAGONCELLO;da specificare;;;;prox via di macchia Palocco;Tamponamento;Rettilineo;Una carreggiata a doppio senso;Asciutto;Asfaltata;Verticale;Sereno;Intenso;Buona;;0;0;0;2;12.3299;41.7577;-1;2;Autovettura privata;Allontanatosi;;;;;;;
5941919;18;03/05/2022 15:45:00;Strada Urbana;CIRCONVALLAZIONE AURELIA;in corrispondenza;;del civico n.;39;;Scontro laterale fra veicoli in marcia;Rettilineo;Due carreggiate;Asciutto;Asfaltata;Verticale ed orizzontale;Sereno;Normale;Buona;;1;0;0;1;12.4287;41.8972;-1;1;Autovettura privata;In marcia / fermata / arresto;Conducente;M;Illeso;0;;Non accertato;Inesploso
5941919;18;03/05/2022 15:45:00;Strada Urbana;CIRCONVALLAZIONE AURELIA;in corrispondenza;;del civico n.;39;;Scontro laterale fra veicoli in marcia;Rettilineo;Due carreggiate;Asciutto;Asfaltata;Verticale ed orizzontale;Sereno;Normale;Buona;;1;0;0;1;12.4287;41.8972;-1;2;Ciclomotore;In marcia / fermata / arresto;Conducente;M;Rimandato;0;NON DECEDUTO;Non accertato;
5941939;13;03/05/2022 18:20:00;Strada Urbana;VIA GIAMBATTISTA VIOTTI;in prossimità;;del civico n.;79;;Veicolo in marcia contro ostacolo accidentale;Rettilineo;Una carreggiata a doppio senso;Asciutto;Asfaltata;Assente;Sereno;Normale;Buona;;0;0;0;1;12.3554;41.7386;0;1;Autovettura privata;In marcia / fermata / arresto;Conducente;M;Illeso;0;;Non accertato;Inesploso
5941951;7;03/05/2022 17:00:00;Strada Urbana;VIA MOLFETTA;all'intersezione con;VIA GIOIA DEL COLLE;VIA GIOIA DEL COLLE;;;Scontro frontale/laterale SX fra veicoli in marcia;Intersezione stradale segnalata;Una carreggiata a doppio senso;Asciutto;Asfaltata;Verticale ed orizzontale;Sereno;Normale;Buona;;1;0;0;1;12.5775;41.89;-1;1;Autovettura privata;In marcia / fermata / arresto;Conducente;M;Illeso;0;;Non accertato;Inesploso
5941951;7;03/05/2022 17:00:00;Strada Urbana;VIA MOLFETTA;all'intersezione con;VIA GIOIA DEL COLLE;VIA GIOIA DEL COLLE;;;Scontro frontale/laterale SX fra veicoli in marcia;Intersezione stradale segnalata;Una carreggiata a doppio senso;Asciutto;Asfaltata;Verticale ed orizzontale;Sereno;Normale;Buona;;1;0;0;1;12.5775;41.89;-1;2;Motociclo a solo;In marcia / fermata / arresto;Conducente;M;Rimandato;0;NON DECEDUTO;Utilizzato;
5941959;17;03/05/2022 13:23:00;Strada Urbana;VIA TEULADA;all'intersezione con;VIA GOMENIZZA;VIA GOMENIZZA;;;Scontro laterale fra veicoli in marcia;Intersezione stradale segnalata;Due carreggiate;Asciutto;Asfaltata;Verticale ed orizzontale;Sereno;Normale;Buona;;0;0;0;1;12.4551;41.9196;-1;1;Autovettura privata;In marcia / fermata / arresto;Conducente;M;Illeso;0;;;
5941959;17;03/05/2022 13:23:00;Strada Urbana;VIA TEULADA;all'intersezione con;VIA GOMENIZZA;VIA GOMENIZZA;;;Scontro laterale fra veicoli in marcia;Intersezione stradale segnalata;Due carreggiate;Asciutto;Asfaltata;Verticale ed orizzontale;Sereno;Normale;Buona;;0;0;0;1;12.4551;41.9196;-1;2;Autovettura privata;Allontanatosi;;;;;;;
5941993;10;04/05/2022 09:35:00;Strada Urbana;VIA APPIA NUOVA;all'intersezione semaforizzata con;VIA ACERENZA;VIA ACERENZA;;;Scontro frontale/laterale DX fra veicoli in marcia;Intersezione semaforizzata;Due carreggiate;Asciutto;Asfaltata;Verticale ed orizzontale;Sereno;Normale;Buona;;0;0;0;2;12.5515;41.8417;-1;1;Autovettura privata;In marcia / fermata / arresto;Conducente;M;Illeso;0;;Non accertato;Inesploso
5941993;10;04/05/2022 09:35:00;Strada Urbana;VIA APPIA NUOVA;all'intersezione semaforizzata con;VIA ACERENZA;VIA ACERENZA;;;Scontro frontale/laterale DX fra veicoli in marcia;Intersezione semaforizzata;Due carreggiate;Asciutto;Asfaltata;Verticale ed orizzontale;Sereno;Normale;Buona;;0;0;0;2;12.5515;41.8417;-1;1;Autovettura privata;In marcia / fermata / arresto;Passeggero;F;Illeso;0;;Non accertato;Inesploso
5941993;10;04/05/2022 09:35:00;Strada Urbana;VIA APPIA NUOVA;all'intersezione semaforizzata con;VIA ACERENZA;VIA ACERENZA;;;Scontro frontale/laterale DX fra veicoli in marcia;Intersezione semaforizzata;Due carreggiate;Asciutto;Asfaltata;Verticale ed orizzontale;Sereno;Normale;Buona;;0;0;0;2;12.5515;41.8417;-1;2;Autovettura privata;Allontanatosi;;;;;;;
5942005;7;04/05/2022 03:15:00;Strada Urbana;VIA CASILINA;all'intersezione con;PIAZZA DI TORRE GAIA;PIAZZA DI TORRE GAIA;;;Scontro frontale/laterale DX fra veicoli in marcia;Incrocio;Due carreggiate;Asciutto;Asfaltata;Verticale ed orizzontale;Sereno;Normale;Sufficiente;;1;0;0;1;12.6212;41.8626;-1;1;Autovettura privata;In marcia / fermata / arresto;Conducente;M;Illeso;0;;Non accertato;Inesploso
5942005;7;04/05/2022 03:15:00;Strada Urbana;VIA CASILINA;all'intersezione con;PIAZZA DI TORRE GAIA;PIAZZA DI TORRE GAIA;;;Scontro frontale/laterale DX fra veicoli in marcia;Incrocio;Due carreggiate;Asciutto;Asfaltata;Verticale ed orizzontale;Sereno;Normale;Sufficiente;;1;0;0;1;12.6212;41.8626;-1;2;Motociclo a solo;In marcia / fermata / arresto;Conducente;M;Rimandato;0;NON DECEDUTO;Non accertato;
5942044;17;04/05/2022 02:30:00;Strada Urbana;LUNGOTEVERE DE' CENCI;all'intersezione con;VIA DEL TEMPIO;VIA DEL TEMPIO;;;Veicolo in marcia contro veicoli in sosta;Incrocio;Una carreggiata a senso unico di marcia;Asciutto;Asfaltata;Verticale ed orizzontale;Sereno;Scarso;Buona;;1;0;0;0;12.4765;41.8919;-1;1;Autovettura privata;In marcia / fermata / arresto;Conducente;F;Rimandato;0;NON DECEDUTO;;
5942044;17;04/05/2022 02:30:00;Strada Urbana;LUNGOTEVERE DE' CENCI;all'intersezione con;VIA DEL TEMPIO;VIA DEL TEMPIO;;;Veicolo in marcia contro veicoli in sosta;Incrocio;Una carreggiata a senso unico di marcia;Asciutto;Asfaltata;Verticale ed orizzontale;Sereno;Scarso;Buona;;1;0;0;0;12.4765;41.8919;-1;2;Autovettura privata;Sosta;;;;;;;
5942044;17;04/05/2022 02:30:00;Strada Urbana;LUNGOTEVERE DE' CENCI;all'intersezione con;VIA DEL TEMPIO;VIA DEL TEMPIO;;;Veicolo in marcia contro veicoli in sosta;Incrocio;Una carreggiata a senso unico di marcia;Asciutto;Asfaltata;Verticale ed orizzontale;Sereno;Scarso;Buona;;1;0;0;0;12.4765;41.8919;-1;3;Autovettura privata;Sosta;;;;;;;
5942044;17;04/05/2022 02:30:00;Strada Urbana;LUNGOTEVERE DE' CENCI;all'intersezione con;VIA DEL TEMPIO;VIA DEL TEMPIO;;;Veicolo in marcia contro veicoli in sosta;Incrocio;Una carreggiata a senso unico di marcia;Asciutto;Asfaltata;Verticale ed orizzontale;Sereno;Scarso;Buona;;1;0;0;0;12.4765;41.8919;-1;4;Autovettura privata;Sosta;;;;;;;
5942049;13;03/05/2022 11:57:00;Strada Urbana;PIAZZA GIULIANO DELLA ROVERE;in corrispondenza;;del civico n.;5A;;Veicolo in marcia contro veicolo in sosta;Rettilineo;Una carreggiata a doppio senso;Asciutto;Asfaltata;Orizzontale;Sereno;Normale;Buona;;0;0;0;1;12.2805;41.7294;-1;1;Autobus urbano;In marcia / fermata / arresto;Conducente;M;Illeso;0;;Non accertato;Inesploso
5942049;13;03/05/2022 11:57:00;Strada Urbana;PIAZZA GIULIANO DELLA ROVERE;in corrispondenza;;del civico n.;5A;;Veicolo in marcia contro veicolo in sosta;Rettilineo;Una carreggiata a doppio senso;Asciutto;Asfaltata;Orizzontale;Sereno;Normale;Buona;;0;0;0;1;12.2805;41.7294;-1;2;Autovettura privata;Sosta;;;;;;;
5942065;17;03/05/2022 10:15:00;Strada Urbana;VIALE GIUSEPPE MAZZINI;in corrispondenza;;del civico n.;40;;Veicolo in marcia contro veicolo arresto;Rettilineo;Due carreggiate;Asciutto;Asfaltata;Verticale ed orizzontale;Sereno;Normale;Buona;;1;0;0;1;12.4641;41.9165;-1;1;Autovettura privata;In marcia / fermata / arresto;Conducente;M;Illeso;0;;;
5942065;17;03/05/2022 10:15:00;Strada Urbana;VIALE GIUSEPPE MAZZINI;in corrispondenza;;del civico n.;40;;Veicolo in marcia contro veicolo arresto;Rettilineo;Due carreggiate;Asciutto;Asfaltata;Verticale ed orizzontale;Sereno;Normale;Buona;;1;0;0;1;12.4641;41.9165;-1;2;Motociclo a solo;In marcia / fermata / arresto;Conducente;M;Rimandato;0;NON DECEDUTO;;
5942075;7;03/05/2022 16:10:00;Strada Urbana;VIA COLLATINA;in corrispondenza;;del civico n.;244;;Scontro frontale/laterale SX fra veicoli in marcia;Rettilineo;Una carreggiata a doppio senso;Asciutto;Asfaltata;Verticale ed orizzontale;Sereno;Normale;Buona;;0;0;0;3;12.5874;41.9034;-1;1;Autovettura privata;In marcia / fermata / arresto;Conducente;M;Illeso;0;;;Inesploso
5942075;7;03/05/2022 16:10:00;Strada Urbana;VIA COLLATINA;in corrispondenza;;del civico n.;244;;Scontro frontale/laterale SX fra veicoli in marcia;Rettilineo;Una carreggiata a doppio senso;Asciutto;Asfaltata;Verticale ed orizzontale;Sereno;Normale;Buona;;0;0;0;3;12.5874;41.9034;-1;1;Autovettura privata;In marcia / fermata / arresto;Passeggero;M;Illeso;0;;;Inesploso
5942075;7;03/05/2022 16:10:00;Strada Urbana;VIA COLLATINA;in corrispondenza;;del civico n.;244;;Scontro frontale/laterale SX fra veicoli in marcia;Rettilineo;Una carreggiata a doppio senso;Asciutto;Asfaltata;Verticale ed orizzontale;Sereno;Normale;Buona;;0;0;0;3;12.5874;41.9034;-1;2;Autovettura privata;In marcia / fermata / arresto;Conducente;M;Illeso;0;;Non accertato;Inesploso
5942087;13;03/05/2022 16:30:00;Strada Urbana;VIA DOBBIACO;all'intersezione con;VIA LAVARONE;VIA LAVARONE;;;Scontro frontale/laterale SX fra veicoli in marcia;Incrocio;Una carreggiata a doppio senso;Asciutto;Asfaltata;Verticale;Sereno;Normale;Buona;;0;0;0;5;12.3773;41.7259;-1;1;Autovettura privata;In marcia / fermata / arresto;Conducente;M;Illeso;0;;Non accertato;Inesploso
5942087;13;03/05/2022 16:30:00;Strada Urbana;VIA DOBBIACO;all'intersezione con;VIA LAVARONE;VIA LAVARONE;;;Scontro frontale/laterale SX fra veicoli in marcia;Incrocio;Una carreggiata a doppio senso;Asciutto;Asfaltata;Verticale;Sereno;Normale;Buona;;0;0;0;5;12.3773;41.7259;-1;1;Autovettura privata;In marcia / fermata / arresto;Passeggero;F;Illeso;0;;Non accertato;Inesploso
5942087;13;03/05/2022 16:30:00;Strada Urbana;VIA DOBBIACO;all'intersezione con;VIA LAVARONE;VIA LAVARONE;;;Scontro frontale/laterale SX fra veicoli in marcia;Incrocio;Una carreggiata a doppio senso;Asciutto;Asfaltata;Verticale;Sereno;Normale;Buona;;0;0;0;5;12.3773;41.7259;-1;1;Autovettura privata;In marcia / fermata / arresto;Passeggero;M;Illeso;0;;Non accertato;Inesistente
5942087;13;03/05/2022 16:30:00;Strada Urbana;VIA DOBBIACO;all'intersezione con;VIA LAVARONE;VIA LAVARONE;;;Scontro frontale/laterale SX fra veicoli in marcia;Incrocio;Una carreggiata a doppio senso;Asciutto;Asfaltata;Verticale;Sereno;Normale;Buona;;0;0;0;5;12.3773;41.7259;-1;1;Autovettura privata;In marcia / fermata / arresto;Passeggero;M;Illeso;0;;Non accertato;Inesistente
5942087;13;03/05/2022 16:30:00;Strada Urbana;VIA DOBBIACO;all'intersezione con;VIA LAVARONE;VIA LAVARONE;;;Scontro frontale/laterale SX fra veicoli in marcia;Incrocio;Una carreggiata a doppio senso;Asciutto;Asfaltata;Verticale;Sereno;Normale;Buona;;0;0;0;5;12.3773;41.7259;-1;2;Autovettura privata;In marcia / fermata / arresto;Conducente;M;Illeso;0;;Non accertato;Inesploso
5942090;1;03/05/2022 23:00:00;Strada Urbana;VIA DI RIPETTA;in corrispondenza;;del civico n.;22;;Veicolo in marcia contro veicoli in sosta;Rettilineo;Una carreggiata a senso unico di marcia;Asciutto;In cubetti di porfido;Verticale ed orizzontale;Sereno;Normale;Buona;;0;0;0;1;12.4761;41.9088;-1;1;Autovettura privata;In marcia / fermata / arresto;Conducente;M;Illeso;0;;;
5942090;1;03/05/2022 23:00:00;Strada Urbana;VIA DI RIPETTA;in corrispondenza;;del civico n.;22;;Veicolo in marcia contro veicoli in sosta;Rettilineo;Una carreggiata a senso unico di marcia;Asciutto;In cubetti di porfido;Verticale ed orizzontale;Sereno;Normale;Buona;;0;0;0;1;12.4761;41.9088;-1;2;Motociclo a solo;Sosta;;;;;;;
5942090;1;03/05/2022 23:00:00;Strada Urbana;VIA DI RIPETTA;in corrispondenza;;del civico n.;22;;Veicolo in marcia contro veicoli in sosta;Rettilineo;Una carreggiata a senso unico di marcia;Asciutto;In cubetti di porfido;Verticale ed orizzontale;Sereno;Normale;Buona;;0;0;0;1;12.4761;41.9088;-1;3;Motociclo a solo;Sosta;;;;;;;
5942090;1;03/05/2022 23:00:00;Strada Urbana;VIA DI RIPETTA;in corrispondenza;;del civico n.;22;;Veicolo in marcia contro veicoli in sosta;Rettilineo;Una carreggiata a senso unico di marcia;Asciutto;In cubetti di porfido;Verticale ed orizzontale;Sereno;Normale;Buona;;0;0;0;1;12.4761;41.9088;-1;4;Autovettura privata;Sosta;;;;;;;
5942090;1;03/05/2022 23:00:00;Strada Urbana;VIA DI RIPETTA;in corrispondenza;;del civico n.;22;;Veicolo in marcia contro veicoli in sosta;Rettilineo;Una carreggiata a senso unico di marcia;Asciutto;In cubetti di porfido;Verticale ed orizzontale;Sereno;Normale;Buona;;0;0;0;1;12.4761;41.9088;-1;5;Monopattino elettrico;Sosta;;;;;;;
5942090;1;03/05/2022 23:00:00;Strada Urbana;VIA DI RIPETTA;in corrispondenza;;del civico n.;22;;Veicolo in marcia contro veicoli in sosta;Rettilineo;Una carreggiata a senso unico di marcia;Asciutto;In cubetti di porfido;Verticale ed orizzontale;Sereno;Normale;Buona;;0;0;0;1;12.4761;41.9088;-1;6;Monopattino elettrico;Sosta;;;;;;;
5942090;1;03/05/2022 23:00:00;Strada Urbana;VIA DI RIPETTA;in corrispondenza;;del civico n.;22;;Veicolo in marcia contro veicoli in sosta;Rettilineo;Una carreggiata a senso unico di marcia;Asciutto;In cubetti di porfido;Verticale ed orizzontale;Sereno;Normale;Buona;;0;0;0;1;12.4761;41.9088;-1;7;Motociclo a solo;Sosta;;;;;;;
5942157;13;03/05/2022 07:50:00;Strada Urbana;VIA DI ACILIA;da specificare;;;;prossimità via Chionide;Scontro laterale fra veicoli in marcia;Rettilineo;Una carreggiata a senso unico di marcia;Asciutto;Asfaltata;Assente;Sereno;Normale;Buona;;1;0;0;1;12.3754;41.7694;-1;1;Motociclo con passeggero;In marcia / fermata / arresto;Conducente;M;Rimandato;0;NON DECEDUTO;;
5942157;13;03/05/2022 07:50:00;Strada Urbana;VIA DI ACILIA;da specificare;;;;prossimità via Chionide;Scontro laterale fra veicoli in marcia;Rettilineo;Una carreggiata a senso unico di marcia;Asciutto;Asfaltata;Assente;Sereno;Normale;Buona;;1;0;0;1;12.3754;41.7694;-1;2;Autovettura privata;In marcia / fermata / arresto;Conducente;M;Illeso;0;;Non accertato;Inesploso
5942295;2;04/05/2022 10:50:00;Strada Urbana;VIA SALARIA;all'intersezione con;VIA FILOMARINO;VIA FILOMARINO;;;Tamponamento;Incrocio;Una carreggiata a doppio senso;Asciutto;Asfaltata;Verticale ed orizzontale;Sereno;Normale;Buona;;1;0;0;2;12.5115;41.9873;-1;1;Autovettura privata;In marcia / fermata / arresto;Conducente;M;Illeso;0;;Non accertato;Inesploso
5942295;2;04/05/2022 10:50:00;Strada Urbana;VIA SALARIA;all'intersezione con;VIA FILOMARINO;VIA FILOMARINO;;;Tamponamento;Incrocio;Una carreggiata a doppio senso;Asciutto;Asfaltata;Verticale ed orizzontale;Sereno;Normale;Buona;;1;0;0;2;12.5115;41.9873;-1;1;Autovettura privata;In marcia / fermata / arresto;Passeggero;F;Illeso;0;;Utilizzato;Inesploso
5942295;2;04/05/2022 10:50:00;Strada Urbana;VIA SALARIA;all'intersezione con;VIA FILOMARINO;VIA FILOMARINO;;;Tamponamento;Incrocio;Una carreggiata a doppio senso;Asciutto;Asfaltata;Verticale ed orizzontale;Sereno;Normale;Buona;;1;0;0;2;12.5115;41.9873;-1;2;Motociclo a solo;In marcia / fermata / arresto;Conducente;M;Rimandato;0;NON DECEDUTO;Non accertato;