Protocollo;Gruppo;DataOraIncidente;Localizzazione1;STRADA1;Localizzazione2;STRADA2;Strada02;Chilometrica;DaSpecificare;NaturaIncidente;particolaritastrade;TipoStrada;FondoStradale;Pavimentazione;Segnaletica;CondizioneAtmosferica;Traffico;Visibilita;Illuminazione;NUM_FERITI;NUM_RISERVATA;NUM_MORTI;NUM_ILLESI;Longitude;Latitude;Confermato;Progressivo;TipoVeicolo;StatoVeicolo;TipoPersona;Sesso;Tipolesione;Deceduto;DecedutoDopo;CinturaCascoUtilizzato;Airbag;
5944972;20;05/05/2022 02:10:00;Strada Urbana;VIALE DI TOR DI QUINTO;all'intersezione con;VIALE DI TOR DI QUINTO;VIALE DI TOR DI QUINTO;;;Scontro frontale/laterale SX fra veicoli in marcia;Intersezione stradale segnalata;Una carreggiata a senso unico di marcia;Bagnato (umidità in atto);Asfaltata;Verticale ed orizzontale;Sereno;Scarso;Buona;;0;0;0;4;12.4785;41.9447;-1;2;Autovettura privata;In marcia / fermata / arresto;Passeggero;M;Illeso;0;;Non accertato;
5944973;4;05/05/2022 12:30:00;Strada Urbana;VIA DON GIUSTINO MARIA RUSSOLILLO;all'intersezione con;VIA ORTIGNANO;VIA ORTIGNANO;;;Investimento di pedone;Intersezione non regolata/non segnalata;Una carreggiata a doppio senso;Asciutto;Asfaltata;Verticale ed orizzontale;Nuvoloso;Normale;Buona;;1;0;0;2;12.5181;41.971;-1;;;;Pedone;F;Rimandato;0;NON DECEDUTO;;
5944973;4;05/05/2022 12:30:00;Strada Urbana;VIA DON GIUSTINO MARIA RUSSOLILLO;all'intersezione con;VIA ORTIGNANO;VIA ORTIGNANO;;;Investimento di pedone;Intersezione non regolata/non segnalata;Una carreggiata a doppio senso;Asciutto;Asfaltata;Verticale ed orizzontale;Nuvoloso;Normale;Buona;;1;0;0;2;12.5181;41.971;-1;1;Autocarro inferiore 35 q.;In marcia / fermata / arresto;Conducente;M;Illeso;0;;;
5944973;4;05/05/2022 12:30:00;Strada Urbana;VIA DON GIUSTINO MARIA RUSSOLILLO;all'intersezione con;VIA ORTIGNANO;VIA ORTIGNANO;;;Investimento di pedone;Intersezione non regolata/non segnalata;Una carreggiata a doppio senso;Asciutto;Asfaltata;Verticale ed orizzontale;Nuvoloso;Normale;Buona;;1;0;0;2;12.5181;41.971;-1;1;Autocarro inferiore 35 q.;In marcia / fermata / arresto;Passeggero;F;Illeso;0;;;
5944975;11;05/05/2022 18:15:00;Strada Urbana;VIA DEL PORTO FLUVIALE;in prossimità;;del civico n.;51;;Tamponamento Multiplo;Rettilineo;Una carreggiata a doppio senso;Asciutto;Asfaltata;Verticale ed orizzontale;Nuvoloso;Normale;Buona;;0;0;0;5;12.4764;41.8723;-1;1;Autovettura privata;In marcia / fermata / arresto;Conducente;F;Illeso;0;;Non accertato;
5944975;11;05/05/2022 18:15:00;Strada Urbana;VIA DEL PORTO FLUVIALE;in prossimità;;del civico n.;51;;Tamponamento Multiplo;Rettilineo;Una carreggiata a doppio senso;Asciutto;Asfaltata;Verticale ed orizzontale;Nuvoloso;Normale;Buona;;0;0;0;5;12.4764;41.8723;-1;2;Autovettura privata;In marcia / fermata / arresto;Conducente;M;Illeso;0;;Non accertato;
5944975;11;05/05/2022 18:15:00;Strada Urbana;VIA DEL PORTO FLUVIALE;in prossimità;;del civico n.;51;;Tamponamento Multiplo;Rettilineo;Una carreggiata a doppio senso;Asciutto;Asfaltata;Verticale ed orizzontale;Nuvoloso;Normale;Buona;;0;0;0;5;12.4764;41.8723;-1;2;Autovettura privata;In marcia / fermata / arresto;Passeggero;F;Illeso;0;;Non accertato;
5944975;11;05/05/2022 18:15:00;Strada Urbana;VIA DEL PORTO FLUVIALE;in prossimità;;del civico n.;51;;Tamponamento Multiplo;Rettilineo;Una carreggiata a doppio senso;Asciutto;Asfaltata;Verticale ed orizzontale;Nuvoloso;Normale;Buona;;0;0;0;5;12.4764;41.8723;-1;2;Autovettura privata;In marcia / fermata / arresto;Passeggero;F;Illeso;0;;Non accertato;
5944975;11;05/05/2022 18:15:00;Strada Urbana;VIA DEL PORTO FLUVIALE;in prossimità;;del civico n.;51;;Tamponamento Multiplo;Rettilineo;Una carreggiata a doppio senso;Asciutto;Asfaltata;Verticale ed orizzontale;Nuvoloso;Normale;Buona;;0;0;0;5;12.4764;41.8723;-1;3;Autovettura privata;In marcia / fermata / arresto;Conducente;F;Illeso;0;;Non accertato;
5944979;17;05/05/2022 11:50:00;Strada Urbana;VIA CRESCENZIO;all'intersezione con;VIA PROPERZIO;VIA PROPERZIO;;;Scontro frontale/laterale SX fra veicoli in marcia;Intersezione stradale segnalata;Una carreggiata a doppio senso;Asciutto;Asfaltata;Verticale ed orizzontale;Nuvoloso;Normale;Buona;;1;0;0;1;12.4639;41.9057;-1;1;Autovettura privata;In marcia / fermata / arresto;Conducente;M;Rimandato;0;NON DECEDUTO;;
5944979;17;05/05/2022 11:50:00;Strada Urbana;VIA CRESCENZIO;all'intersezione con;VIA PROPERZIO;VIA PROPERZIO;;;Scontro frontale/laterale SX fra veicoli in marcia;Intersezione stradale segnalata;Una carreggiata a doppio senso;Asciutto;Asfaltata;Verticale ed orizzontale;Nuvoloso;Normale;Buona;;1;0;0;1;12.4639;41.9057;-1;2;Autovettura privata;In marcia / fermata / arresto;Conducente;M;Illeso;0;;;
5944979;17;05/05/2022 11:50:00;Strada Urbana;VIA CRESCENZIO;all'intersezione con;VIA PROPERZIO;VIA PROPERZIO;;;Scontro frontale/laterale SX fra veicoli in marcia;Intersezione stradale segnalata;Una carreggiata a doppio senso;Asciutto;Asfaltata;Verticale ed orizzontale;Nuvoloso;Normale;Buona;;1;0;0;1;12.4639;41.9057;-1;3;Autovettura privata;Sosta;;;;;;;
5944979;17;05/05/2022 11:50:00;Strada Urbana;VIA CRESCENZIO;all'intersezione con;VIA PROPERZIO;VIA PROPERZIO;;;Scontro frontale/laterale SX fra veicoli in marcia;Intersezione stradale segnalata;Una carreggiata a doppio senso;Asciutto;Asfaltata;Verticale ed orizzontale;Nuvoloso;Normale;Buona;;1;0;0;1;12.4639;41.9057;-1;4;Autovettura privata;Sosta;;;;;;;
5944980;9;05/05/2022 23:40:00;Strada Urbana;PIAZZALE APPIO;da specificare;;;;fronte civico 2;Scontro frontale/laterale SX fra veicoli in marcia;Rettilineo;Una carreggiata a doppio senso;Bagnato (pioggia);Asfaltata;Verticale ed orizzontale;Pioggia in atto;Scarso;Buona;;1;0;0;2;12.5098;41.8856;-1;1;Autocarro inferiore 35 q.;In marcia / fermata / arresto;Conducente;M;Illeso;0;;Non accertato;Inesploso
5944980;9;05/05/2022 23:40:00;Strada Urbana;PIAZZALE APPIO;da specificare;;;;fronte civico 2;Scontro frontale/laterale SX fra veicoli in marcia;Rettilineo;Una carreggiata a doppio senso;Bagnato (pioggia);Asfaltata;Verticale ed orizzontale;Pioggia in atto;Scarso;Buona;;1;0;0;2;12.5098;41.8856;-1;2;Monopattino elettrico;In marcia / fermata / arresto;Conducente;F;Rimandato;0;NON DECEDUTO;Non accertato;Inesistente
5944980;9;05/05/2022 23:40:00;Strada Urbana;PIAZZALE APPIO;da specificare;;;;fronte civico 2;Scontro frontale/laterale SX fra veicoli in marcia;Rettilineo;Una carreggiata a doppio senso;Bagnato (pioggia);Asfaltata;Verticale ed orizzontale;Pioggia in atto;Scarso;Buona;;1;0;0;2;12.5098;41.8856;-1;2;Monopattino elettrico;In marcia / fermata / arresto;Passeggero;M;Illeso;0;;Non accertato;Inesistente
5944992;13;05/05/2022 11:30:00;Strada Urbana;VIA DI PONTE LADRONE;in prossimità;;del civico n.;84;;Scontro frontale/laterale SX fra veicoli in marcia;Rettilineo;Una carreggiata a doppio senso;Asciutto;Asfaltata;Assente;Sereno;Normale;Buona;;1;0;0;1;12.3781;41.7851;-1;1;Autovettura privata;In marcia / fermata / arresto;Conducente;M;Illeso;0;;Non accertato;
5944992;13;05/05/2022 11:30:00;Strada Urbana;VIA DI PONTE LADRONE;in prossimità;;del civico n.;84;;Scontro frontale/laterale SX fra veicoli in marcia;Rettilineo;Una carreggiata a doppio senso;Asciutto;Asfaltata;Assente;Sereno;Normale;Buona;;1;0;0;1;12.3781;41.7851;-1;2;Autovettura privata;In marcia / fermata / arresto;Conducente;M;Rimandato;0;NON DECEDUTO;Non accertato;
5944994;17;04/05/2022 18:50:00;Strada Urbana;VIALE CARSO;in prossimità;;del civico n.;43;;Infortunio per sola frenata improvvisa;Rettilineo;Una carreggiata a doppio senso;Asciutto;Asfaltata;Verticale ed orizzontale;Sereno;Normale;Buona;;1;0;0;0;12.4606;41.9194;0;1;Ciclomotore con passeggero;In marcia / fermata / arresto;Conducente;M;Rimandato;0;NON DECEDUTO;;
5944998;5;05/05/2022 14:20:00;Strada Urbana;NUOVA CIRCONVALLAZIONE INTERNA;da specificare;;;;dir. S. Giovanni 70 mt. dopo ingr. Batteria Noment;Tamponamento;Galleria illuminata;Una carreggiata a senso unico di marcia;Asciutto;Asfaltata;Orizzontale;Nuvoloso;Normale;Buona;;1;0;0;1;12.5277;41.9254;-1;1;Motociclo a solo;In marcia / fermata / arresto;Conducente;M;Rimandato;0;NON DECEDUTO;Non accertato;
5944998;5;05/05/2022 14:20:00;Strada Urbana;NUOVA CIRCONVALLAZIONE INTERNA;da specificare;;;;dir. S. Giovanni 70 mt. dopo ingr. Batteria Noment;Tamponamento;Galleria illuminata;Una carreggiata a senso unico di marcia;Asciutto;Asfaltata;Orizzontale;Nuvoloso;Normale;Buona;;1;0;0;1;12.5277;41.9254;-1;2;Autocarro inferiore 35 q.;In marcia / fermata / arresto;Conducente;M;Illeso;0;;Non accertato;
5945003;9;06/05/2022 01:30:00;Strada Urbana;VIA ACQUI;all'intersezione con;VIA IVREA;VIA IVREA;;;Infortunio per sola frenata improvvisa;Incrocio;Una carreggiata a doppio senso;Bagnato (pioggia);Asfaltata;Verticale ed orizzontale;Pioggia in atto;Scarso;Buona;;1;0;0;0;12.5163;41.8774;0;1;Ciclomotore;In marcia / fermata / arresto;Conducente;F;Rimandato;0;NON DECEDUTO;Non accertato;
5945017;4;05/05/2022 20:30:00;Strada Urbana;VIALE LINA CAVALIERI;in corrispondenza;;del civico n.;212;;Scontro laterale fra veicoli in marcia;Curva a visuale libera;Due carreggiate;Bagnato (pioggia);Asfaltata;Verticale ed orizzontale;Pioggia in atto;Scarso;Sufficiente;;2;0;0;1;12.5154;41.9656;-1;1;Autovettura privata;In marcia / fermata / arresto;Conducente;M;Illeso;0;;Non accertato;
5945017;4;05/05/2022 20:30:00;Strada Urbana;VIALE LINA CAVALIERI;in corrispondenza;;del civico n.;212;;Scontro laterale fra veicoli in marcia;Curva a visuale libera;Due carreggiate;Bagnato (pioggia);Asfaltata;Verticale ed orizzontale;Pioggia in atto;Scarso;Sufficiente;;2;0;0;1;12.5154;41.9656;-1;2;Motociclo a solo;In marcia / fermata / arresto;Conducente;F;Rimandato;0;NON DECEDUTO;Non accertato;
5945017;4;05/05/2022 20:30:00;Strada Urbana;VIALE LINA CAVALIERI;in corrispondenza;;del civico n.;212;;Scontro laterale fra veicoli in marcia;Curva a visuale libera;Due carreggiate;Bagnato (pioggia);Asfaltata;Verticale ed orizzontale;Pioggia in atto;Scarso;Sufficiente;;2;0;0;1;12.5154;41.9656;-1;2;Motociclo a solo;In marcia / fermata / arresto;Passeggero;F;Rifiuta cure immediate;0;NON DECEDUTO;Non accertato;
5945018;5;05/05/2022 16:25:00;Strada Urbana;NUOVA CIRCONVALLAZIONE INTERNA;da specificare;;;;dir. SALARIA alt. uscita L.GO CAMESENA/TIBURTINA;Tamponamento;Galleria illuminata;Una carreggiata a senso unico di marcia;Asciutto;Asfaltata;Orizzontale;Nuvoloso;Intenso;Buona;;1;0;0;1;12.5338;41.9093;-1;1;Motociclo a solo;In marcia / fermata / arresto;Conducente;F;Rimandato;0;NON DECEDUTO;Non accertato;
5945018;5;05/05/2022 16:25:00;Strada Urbana;NUOVA CIRCONVALLAZIONE INTERNA;da specificare;;;;dir. SALARIA alt. uscita L.GO CAMESENA/TIBURTINA;Tamponamento;Galleria illuminata;Una carreggiata a senso unico di marcia;Asciutto;Asfaltata;Orizzontale;Nuvoloso;Intenso;Buona;;1;0;0;1;12.5338;41.9093;-1;2;Autovettura privata;In marcia / fermata / arresto;Conducente;M;Illeso;0;;Non utilizzato;
5945019;20;05/05/2022 22:00:00;Strada Urbana;VIA CASSIA;all'intersezione con;VIA CAMPODIMELE;VIA CAMPODIMELE;;;Veicolo in marcia contro veicolo arresto;Incrocio;Una carreggiata a doppio senso;Bagnato (pioggia);Asfaltata;Verticale ed orizzontale;Pioggia in atto;Scarso;Sufficiente;;1;0;0;3;12.437;41.97;-1;1;Autovettura privata;In marcia / fermata / arresto;Conducente;M;Illeso;0;;;
5945019;20;05/05/2022 22:00:00;Strada Urbana;VIA CASSIA;all'intersezione con;VIA CAMPODIMELE;VIA CAMPODIMELE;;;Veicolo in marcia contro veicolo arresto;Incrocio;Una carreggiata a doppio senso;Bagnato (pioggia);Asfaltata;Verticale ed orizzontale;Pioggia in atto;Scarso;Sufficiente;;1;0;0;3;12.437;41.97;-1;1;Autovettura privata;In marcia / fermata / arresto;Passeggero;M;Illeso;0;;;
5945019;20;05/05/2022 22:00:00;Strada Urbana;VIA CASSIA;all'intersezione con;VIA CAMPODIMELE;VIA CAMPODIMELE;;;Veicolo in marcia contro veicolo arresto;Incrocio;Una carreggiata a doppio senso;Bagnato (pioggia);Asfaltata;Verticale ed orizzontale;Pioggia in atto;Scarso;Sufficiente;;1;0;0;3;12.437;41.97;-1;1;Autovettura privata;In marcia / fermata / arresto;Passeggero;F;Illeso;0;;;
5945019;20;05/05/2022 22:00:00;Strada Urbana;VIA CASSIA;all'intersezione con;VIA CAMPODIMELE;VIA CAMPODIMELE;;;Veicolo in marcia contro veicolo arresto;Incrocio;Una carreggiata a doppio senso;Bagnato (pioggia);Asfaltata;Verticale ed orizzontale;Pioggia in atto;Scarso;Sufficiente;;1;0;0;3;12.437;41.97;-1;2;Motociclo a solo;In marcia / fermata / arresto;Conducente;M;Rimandato;0;NON DECEDUTO;;
5945020;4;05/05/2022 17:00:00;Strada Urbana;VIA DELLA CESARINA;in prossimità;;del civico n.;211;;Veicolo in marcia contro animale;Rettilineo;Una carreggiata a doppio senso;Asciutto;Asfaltata;Assente;Nuvoloso;Scarso;Buona;;0;0;0;1;12.5852;41.9741;-1;1;Autovettura privata;In marcia / fermata / arresto;Conducente;F;Illeso;0;;Non accertato;Inesploso
5945022;19;05/05/2022 09:50:00;Strada Urbana;VIA ATTILIO FRIGGERI;in corrispondenza;;del civico n.;91;;Veicolo in marcia contro veicolo in sosta;Rettilineo;Una carreggiata a doppio senso;Asciutto;Asfaltata;Orizzontale;Nuvoloso;Normale;Buona;;0;0;0;1;12.4402;41.9201;-1;1;Veicolo speciale;In marcia / fermata / arresto;Conducente;M;Illeso;0;;Non accertato;Inesploso
5945022;19;05/05/2022 09:50:00;Strada Urbana;VIA ATTILIO FRIGGERI;in corrispondenza;;del civico n.;91;;Veicolo in marcia contro veicolo in sosta;Rettilineo;Una carreggiata a doppio senso;Asciutto;Asfaltata;Orizzontale;Nuvoloso;Normale;Buona;;0;0;0;1;12.4402;41.9201;-1;2;Autovettura privata;Sosta;;;;;;;
5945031;17;04/05/2022 15:15:00;Strada Urbana;VIA PLAUTO;in corrispondenza;;del civico n.;30;;Investimento di pedone;Rettilineo;Una carreggiata a senso unico di marcia;Asciutto;In cubetti di porfido;Assente;Sereno;Scarso;Buona;;0;0;0;3;12.4603;41.9044;0;;;;Pedone;F;Illeso;0;;;
5945031;17;04/05/2022 15:15:00;Strada Urbana;VIA PLAUTO;in corrispondenza;;del civico n.;30;;Investimento di pedone;Rettilineo;Una carreggiata a senso unico di marcia;Asciutto;In cubetti di porfido;Assente;Sereno;Scarso;Buona;;0;0;0;3;12.4603;41.9044;0;1;Autovettura privata;In marcia / fermata / arresto;Conducente;M;Illeso;0;;;
5945031;17;04/05/2022 15:15:00;Strada Urbana;VIA PLAUTO;in corrispondenza;;del civico n.;30;;Investimento di pedone;Rettilineo;Una carreggiata a senso unico di marcia;Asciutto;In cubetti di porfido;Assente;Sereno;Scarso;Buona;;0;0;0;3;12.4603;41.9044;0;1;Autovettura privata;In marcia / fermata / arresto;Passeggero;F;Illeso;0;;;
5945033;17;05/05/2022 14:40:00;Strada Urbana;VIA SABOTINO;in corrispondenza;;del civico n.;2 A;;Veicolo in marcia contro veicolo in sosta;Rettilineo;Due carreggiate;Asciutto;Asfaltata;Verticale ed orizzontale;Nuvoloso;Normale;Insufficiente;;0;0;0;0;12.4591;41.9169;-1;1;Autovettura privata;Sosta;;;;;;;
5945039;1;05/05/2022 18:15:00;Strada Urbana;PIAZZA DELL'ARA COELI;in corrispondenza;;del civico n.;4;;Scontro laterale fra veicoli in marcia;Rettilineo;Una carreggiata a senso unico di marcia;Asciutto;In cubetti di porfido;Verticale ed orizzontale;Nuvoloso;Normale;Buona;;1;0;0;1;12.4812;41.8942;-1;1;Autovettura pubblica;In marcia / fermata / arresto;Conducente;M;Illeso;0;;Non accertato;Inesploso
5945039;1;05/05/2022 18:15:00;Strada Urbana;PIAZZA DELL'ARA COELI;in corrispondenza;;del civico n.;4;;Scontro laterale fra veicoli in marcia;Rettilineo;Una carreggiata a senso unico di marcia;Asciutto;In cubetti di porfido;Verticale ed orizzontale;Nuvoloso;Normale;Buona;;1;0;0;1;12.4812;41.8942;-1;2;Monopattino elettrico;In marcia / fermata / arresto;Conducente;M;Rimandato;0;NON DECEDUTO;;Inesistente
5945041;5;05/05/2022 18:45:00;Strada Urbana;VIA DI TOR CERVARA;in prossimità;;del civico n.;8;;Tamponamento;Rettilineo;Una carreggiata a doppio senso;Asciutto;Asfaltata;Verticale ed orizzontale;Nuvoloso;Scarso;Buona;;1;0;0;0;12.586;41.932;0;1;Autobus di linea;In marcia / fermata / arresto;Conducente;M;Rimandato;0;NON DECEDUTO;Non accertato;Inesploso
5945041;5;05/05/2022 18:45:00;Strada Urbana;VIA DI TOR CERVARA;in prossimità;;del civico n.;8;;Tamponamento;Rettilineo;Una carreggiata a doppio senso;Asciutto;Asfaltata;Verticale ed orizzontale;Nuvoloso;Scarso;Buona;;1;0;0;0;12.586;41.932;0;2;Autovettura privata;Allontanatosi;;;;;;;
5945042;8;05/05/2022 11:10:00;Strada Urbana;VIA DI TOR BELLA MONACA;da specificare;;;;all'intersezione con via Casilina;Tamponamento;Curva a visuale libera;Una carreggiata a senso unico di marcia;Asciutto;Asfaltata;Verticale ed orizzontale;Nebbia;Normale;Buona;;0;0;0;2;12.6404;41.8631;-1;1;Autovettura privata;In marcia / fermata / arresto;Conducente;M;Illeso;0;;;
5945042;8;05/05/2022 11:10:00;Strada Urbana;VIA DI TOR BELLA MONACA;da specificare;;;;all'intersezione con via Casilina;Tamponamento;Curva a visuale libera;Una carreggiata a senso unico di marcia;Asciutto;Asfaltata;Verticale ed orizzontale;Nebbia;Normale;Buona;;0;0;0;2;12.6404;41.8631;-1;2;Autovettura privata;In marcia / fermata / arresto;Conducente;M;Illeso;0;;;
5945062;4;05/05/2022 21:30:00;Strada Urbana;PIAZZA CONCA D'ORO;all'intersezione con;VIA DELLE VALLI;VIA DELLE VALLI;;;Scontro frontale/laterale DX fra veicoli in marcia;Intersezione semaforizzata;Due carreggiate;Bagnato (pioggia);Asfaltata;Verticale ed orizzontale;Sereno;Scarso;Buona;;1;0;0;1;12.5276;41.939;-1;1;Autovettura privata;In marcia / fermata / arresto;Conducente;M;Rimandato;0;NON DECEDUTO;Non accertato;
5945062;4;05/05/2022 21:30:00;Strada Urbana;PIAZZA CONCA D'ORO;all'intersezione con;VIA DELLE VALLI;VIA DELLE VALLI;;;Scontro frontale/laterale DX fra veicoli in marcia;Intersezione semaforizzata;Due carreggiate;Bagnato (pioggia);Asfaltata;Verticale ed orizzontale;Sereno;Scarso;Buona;;1;0;0;1;12.5276;41.939;-1;2;Velocipede;In marcia / fermata / arresto;Conducente;M;Illeso;0;;Esente;
5945063;4;06/05/2022 01:20:00;Strada Urbana;VIA GARIGLIANO;all'intersezione con;VIA RUBICONE;VIA RUBICONE;;;Scontro frontale/laterale SX fra veicoli in marcia;Intersezione stradale segnalata;Una carreggiata a senso unico di marcia;Bagnato (umidità in atto);Asfaltata;Verticale ed orizzontale;Nuvoloso;Normale;Buona;;0;0;0;2;12.501;41.9198;-1;1;Autovettura privata;In marcia / fermata / arresto;Conducente;M;Illeso;0;;Non accertato;Inesploso
5945063;4;06/05/2022 01:20:00;Strada Urbana;VIA GARIGLIANO;all'intersezione con;VIA RUBICONE;VIA RUBICONE;;;Scontro frontale/laterale SX fra veicoli in marcia;Intersezione stradale segnalata;Una carreggiata a senso unico di marcia;Bagnato (umidità in atto);Asfaltata;Verticale ed orizzontale;Nuvoloso;Normale;Buona;;0;0;0;2;12.501;41.9198;-1;2;Autovettura privata;In marcia / fermata / arresto;Conducente;M;Illeso;0;;Non accertato;Inesploso
5945063;4;06/05/2022 01:20:00;Strada Urbana;VIA GARIGLIANO;all'intersezione con;VIA RUBICONE;VIA RUBICONE;;;Scontro frontale/laterale SX fra veicoli in marcia;Intersezione stradale segnalata;Una carreggiata a senso unico di marcia;Bagnato (umidità in atto);Asfaltata;Verticale ed orizzontale;Nuvoloso;Normale;Buona;;0;0;0;2;12.501;41.9198;-1;3;Autovettura privata;Sosta;;;;;;;
5945063;4;06/05/2022 01:20:00;Strada Urbana;VIA GARIGLIANO;all'intersezione con;VIA RUBICONE;VIA RUBICONE;;;Scontro frontale/laterale SX fra veicoli in marcia;Intersezione stradale segnalata;Una carreggiata a senso unico di marcia;Bagnato (umidità in atto);Asfaltata;Verticale ed orizzontale;Nuvoloso;Normale;Buona;;0;0;0;2;12.501;41.9198;-1;4;Autovettura privata;Sosta;;;;;;;
5945075;8;05/05/2022 07:40:00;Strada Urbana;VIALE DELL'ARCHIGINNASIO;all'intersezione con;VIALE GUIDO CARLI;VIALE GUIDO CARLI;;;Scontro frontale/laterale DX fra veicoli in marcia;Rotatoria;Due carreggiate;Asciutto;Asfaltata;Verticale ed orizzontale;Nuvoloso;Normale;Buona;;0;0;0;3;12.6393;41.8494;-1;1;Autovettura privata;In marcia / fermata / arresto;Conducente;F;Illeso;0;;Non accertato;Inesploso
5945075;8;05/05/2022 07:40:00;Strada Urbana;VIALE DELL'ARCHIGINNASIO;all'intersezione con;VIALE GUIDO CARLI;VIALE GUIDO CARLI;;;Scontro frontale/laterale DX fra veicoli in marcia;Rotatoria;Due carreggiate;Asciutto;Asfaltata;Verticale ed orizzontale;Nuvoloso;Normale;Buona;;0;0;0;3;12.6393;41.8494;-1;2;Autovettura privata;In marcia / fermata / arresto;Conducente;F;Illeso;0;;Non accertato;Inesploso
5945075;8;05/05/2022 07:40:00;Strada Urbana;VIALE DELL'ARCHIGINNASIO;all'intersezione con;VIALE GUIDO CARLI;VIALE GUIDO CARLI;;;Scontro frontale/laterale DX fra veicoli in marcia;Rotatoria;Due carreggiate;Asciutto;Asfaltata;Verticale ed orizzontale;Nuvoloso;Normale;Buona;;0;0;0;3;12.6393;41.8494;-1;2;Autovettura privata;In marcia / fermata / arresto;Passeggero;F;Illeso;0;;Non accertato;Inesploso
5945076;5;05/05/2022 19:30:00;Strada Urbana;NUOVA CIRCONVALLAZIONE INTERNA;da specificare;;;;dir. Salaria tra M.ti Tiburtini e Batteria Nomenta;Tamponamento Multiplo;Rettilineo;Una carreggiata a senso unico di marcia;Asciutto;Asfaltata;Orizzontale;Sereno;Intenso;Sufficiente;;0;0;0;5;12.5278;41.9238;-1;1;Autovettura privata;In marcia / fermata / arresto;Conducente;F;Illeso;0;;Non accertato;Inesploso
5945076;5;05/05/2022 19:30:00;Strada Urbana;NUOVA CIRCONVALLAZIONE INTERNA;da specificare;;;;dir. Salaria tra M.ti Tiburtini e Batteria Nomenta;Tamponamento Multiplo;Rettilineo;Una carreggiata a senso unico di marcia;Asciutto;Asfaltata;Orizzontale;Sereno;Intenso;Sufficiente;;0;0;0;5;12.5278;41.9238;-1;2;Autovettura privata;In marcia / fermata / arresto;Conducente;M;Illeso;0;;Non accertato;Inesploso
5945076;5;05/05/2022 19:30:00;Strada Urbana;NUOVA CIRCONVALLAZIONE INTERNA;da specificare;;;;dir. Salaria tra M.ti Tiburtini e Batteria Nomenta;Tamponamento Multiplo;Rettilineo;Una carreggiata a senso unico di marcia;Asciutto;Asfaltata;Orizzontale;Sereno;Intenso;Sufficiente;;0;0;0;5;12.5278;41.9238;-1;2;Autovettura privata;In marcia / fermata / arresto;Passeggero;F;Illeso;0;;Non accertato;Inesploso
5945076;5;05/05/2022 19:30:00;Strada Urbana;NUOVA CIRCONVALLAZIONE INTERNA;da specificare;;;;dir. Salaria tra M.ti Tiburtini e Batteria Nomenta;Tamponamento Multiplo;Rettilineo;Una carreggiata a senso unico di marcia;Asciutto;Asfaltata;Orizzontale;Sereno;Intenso;Sufficiente;;0;0;0;5;12.5278;41.9238;-1;3;Autovettura privata;In marcia / fermata / arresto;Conducente;M;Illeso;0;;Non accertato;Inesploso
5945076;5;05/05/2022 19:30:00;Strada Urbana;NUOVA CIRCONVALLAZIONE INTERNA;da specificare;;;;dir. Salaria tra M.ti Tiburtini e Batteria Nomenta;Tamponamento Multiplo;Rettilineo;Una carreggiata a senso unico di marcia;Asciutto;Asfaltata;Orizzontale;Sereno;Intenso;Sufficiente;;0;0;0;5;12.5278;41.9238;-1;4;Autovettura privata;In marcia / fermata / arresto;Conducente;M;Illeso;0;;Non accertato;Inesploso
5945089;2;05/05/2022 09:40:00;Strada Urbana;PIAZZA DI S. EMERENZIANA;all'intersezione con;VIA TRIPOLI;VIA TRIPOLI;;;Tamponamento;Incrocio;Una carreggiata a doppio senso;Asciutto;Asfaltata;Verticale ed orizzontale;Nuvoloso;Intenso;Buona;;0;0;0;2;12.5161;41.9291;-1;1;Autovettura privata;In marcia / fermata / arresto;Conducente;F;Illeso;0;;Non accertato;Inesploso
5945089;2;05/05/2022 09:40:00;Strada Urbana;PIAZZA DI S. EMERENZIANA;all'intersezione con;VIA TRIPOLI;VIA TRIPOLI;;;Tamponamento;Incrocio;Una carreggiata a doppio senso;Asciutto;Asfaltata;Verticale ed orizzontale;Nuvoloso;Intenso;Buona;;0;0;0;2;12.5161;41.9291;-1;2;Autovettura privata;In marcia / fermata / arresto;Conducente;F;Illeso;0;;;
5945096;2;06/05/2022 00:15:00;Strada Urbana;VIALE DEL MURO TORTO;da specificare;;;;dir. Lgt.re Navi 40 mt. prima di P.le Flaminio;Veicolo in marcia contro ostacolo fisso;Curva a visuale libera;Una carreggiata a senso unico di marcia;Bagnato (umidità in atto);Asfaltata;Verticale ed orizzontale;Sereno;Normale;Buona;;0;0;0;1;12.4817;41.9107;-1;1;Autovettura privata;In marcia / fermata / arresto;Conducente;M;Illeso;0;;;
5945097;19;05/05/2022 11:15:00;Strada Urbana;VIALE MONFORTANI;da specificare;;;;prossimità fronte civico 51;Investimento di pedone;Rettilineo;Una carreggiata a doppio senso;Bagnato (pioggia);Asfaltata;Assente;Nuvoloso;Normale;Buona;;1;0;0;1;12.4247;41.9374;-1;;;;Pedone;F;Rimandato;0;NON DECEDUTO;;
5945097;19;05/05/2022 11:15:00;Strada Urbana;VIALE MONFORTANI;da specificare;;;;prossimità fronte civico 51;Investimento di pedone;Rettilineo;Una carreggiata a doppio senso;Bagnato (pioggia);Asfaltata;Assente;Nuvoloso;Normale;Buona;;1;0;0;1;12.4247;41.9374;-1;1;Autovettura privata;In marcia / fermata / arresto;Conducente;F;Illeso;0;;Non accertato;Inesploso