Protocollo;Gruppo;DataOraIncidente;Localizzazione1;STRADA1;Localizzazione2;STRADA2;Strada02;Chilometrica;DaSpecificare;NaturaIncidente;particolaritastrade;TipoStrada;FondoStradale;Pavimentazione;Segnaletica;CondizioneAtmosferica;Traffico;Visibilita;Illuminazione;NUM_FERITI;NUM_RISERVATA;NUM_MORTI;NUM_ILLESI;Longitude;Latitude;Confermato;Progressivo;TipoVeicolo;StatoVeicolo;TipoPersona;Sesso;Tipolesione;Deceduto;DecedutoDopo;CinturaCascoUtilizzato;Airbag;
5949268;18;07/05/2022 23:30:00;Statale;VIA AURELIA;in prossimità;;della chilometrica;11.3;;Veicolo in marcia contro veicoli in arresto;Rettilineo;Due carreggiate;Asciutto;Asfaltata;Verticale ed orizzontale;Nuvoloso;Normale;Sufficiente;;0;0;0;4;12.4012;41.8861;-1;1;Autovettura privata;In marcia / fermata / arresto;Passeggero;F;Illeso;0;;Utilizzato;Inesploso
5949268;18;07/05/2022 23:30:00;Statale;VIA AURELIA;in prossimità;;della chilometrica;11.3;;Veicolo in marcia contro veicoli in arresto;Rettilineo;Due carreggiate;Asciutto;Asfaltata;Verticale ed orizzontale;Nuvoloso;Normale;Sufficiente;;0;0;0;4;12.4012;41.8861;-1;2;Autocarro inferiore 35 q.;In marcia / fermata / arresto;Conducente;M;Illeso;0;;Non accertato;Inesploso
5949268;18;07/05/2022 23:30:00;Statale;VIA AURELIA;in prossimità;;della chilometrica;11.3;;Veicolo in marcia contro veicoli in arresto;Rettilineo;Due carreggiate;Asciutto;Asfaltata;Verticale ed orizzontale;Nuvoloso;Normale;Sufficiente;;0;0;0;4;12.4012;41.8861;-1;3;Autovettura privata;In marcia / fermata / arresto;Conducente;M;Illeso;0;;Non accertato;
5949282;2;08/05/2022 11:30:00;Strada Urbana;VIA PIETRO MASCAGNI;in prossimità;;del civico n.;200;;Scontro frontale fra veicoli in marcia;Curva senza visuale libera;Una carreggiata a doppio senso;Asciutto;Asfaltata;Verticale ed orizzontale;Sereno;Normale;Buona;;1;0;0;4;12.52;41.935;-1;1;Autovettura privata;In marcia / fermata / arresto;Conducente;M;Illeso;0;;Non accertato;Inesploso
5949282;2;08/05/2022 11:30:00;Strada Urbana;VIA PIETRO MASCAGNI;in prossimità;;del civico n.;200;;Scontro frontale fra veicoli in marcia;Curva senza visuale libera;Una carreggiata a doppio senso;Asciutto;Asfaltata;Verticale ed orizzontale;Sereno;Normale;Buona;;1;0;0;4;12.52;41.935;-1;1;Autovettura privata;In marcia / fermata / arresto;Passeggero;F;Illeso;0;;Non accertato;Esploso
5949282;2;08/05/2022 11:30:00;Strada Urbana;VIA PIETRO MASCAGNI;in prossimità;;del civico n.;200;;Scontro frontale fra veicoli in marcia;Curva senza visuale libera;Una carreggiata a doppio senso;Asciutto;Asfaltata;Verticale ed orizzontale;Sereno;Normale;Buona;;1;0;0;4;12.52;41.935;-1;2;Autovettura privata;In marcia / fermata / arresto;Conducente;M;Illeso;0;;Non accertato;Inesploso
5949282;2;08/05/2022 11:30:00;Strada Urbana;VIA PIETRO MASCAGNI;in prossimità;;del civico n.;200;;Scontro frontale fra veicoli in marcia;Curva senza visuale libera;Una carreggiata a doppio senso;Asciutto;Asfaltata;Verticale ed orizzontale;Sereno;Normale;Buona;;1;0;0;4;12.52;41.935;-1;2;Autovettura privata;In marcia / fermata / arresto;Passeggero;M;Rimandato;0;NON DECEDUTO;Non accertato;Inesploso
5949282;2;08/05/2022 11:30:00;Strada Urbana;VIA PIETRO MASCAGNI;in prossimità;;del civico n.;200;;Scontro frontale fra veicoli in marcia;Curva senza visuale libera;Una carreggiata a doppio senso;Asciutto;Asfaltata;Verticale ed orizzontale;Sereno;Normale;Buona;;1;0;0;4;12.52;41.935;-1;2;Autovettura privata;In marcia / fermata / arresto;Passeggero;M;Illeso;0;;;
5949317;16;06/05/2022 09:15:00;Strada Urbana;VIA DELLA CONSOLATA;in corrispondenza;;del civico n.;fc 14;;Scontro frontale/laterale SX fra veicoli in marcia;Rettilineo;Una carreggiata a doppio senso;Asciutto;Asfaltata;Orizzontale;Nuvoloso;Intenso;Buona;;0;0;0;2;12.4217;41.8767;-1;1;Autovettura privata;In marcia / fermata / arresto;Conducente;F;Illeso;0;;Non accertato;Inesploso
5949317;16;06/05/2022 09:15:00;Strada Urbana;VIA DELLA CONSOLATA;in corrispondenza;;del civico n.;fc 14;;Scontro frontale/laterale SX fra veicoli in marcia;Rettilineo;Una carreggiata a doppio senso;Asciutto;Asfaltata;Orizzontale;Nuvoloso;Intenso;Buona;;0;0;0;2;12.4217;41.8767;-1;2;Ciclomotore;In marcia / fermata / arresto;Conducente;F;Illeso;0;;Non accertato;
5949342;1;06/05/2022 09:10:00;Strada Urbana;VIA VENTI SETTEMBRE;in prossimità;;del civico n.;88;;Scontro frontale/laterale DX fra veicoli in marcia;Rettilineo;Una carreggiata a senso unico di marcia;Asciutto;Asfaltata;Verticale ed orizzontale;Nuvoloso;Normale;Buona;;0;0;0;2;12.5;41.9084;-1;1;Autovettura privata;In marcia / fermata / arresto;Conducente;M;Illeso;0;;;
5949342;1;06/05/2022 09:10:00;Strada Urbana;VIA VENTI SETTEMBRE;in prossimità;;del civico n.;88;;Scontro frontale/laterale DX fra veicoli in marcia;Rettilineo;Una carreggiata a senso unico di marcia;Asciutto;Asfaltata;Verticale ed orizzontale;Nuvoloso;Normale;Buona;;0;0;0;2;12.5;41.9084;-1;2;Motociclo a solo;In marcia / fermata / arresto;Conducente;M;Illeso;0;;Non accertato;
5949361;18;06/05/2022 19:35:00;Strada Urbana;VIA DI BOCCEA;in corrispondenza;;del civico n.;593;;Scontro frontale/laterale SX fra veicoli in marcia;Rettilineo;Una carreggiata a doppio senso;Bagnato (pioggia);Asfaltata;Verticale ed orizzontale;Nuvoloso;Normale;Buona;;2;0;0;0;12.3776;41.9184;-1;1;Autovettura privata;In marcia / fermata / arresto;Conducente;F;Rifiuta cure immediate;0;NON DECEDUTO;Non accertato;Inesistente
5949361;18;06/05/2022 19:35:00;Strada Urbana;VIA DI BOCCEA;in corrispondenza;;del civico n.;593;;Scontro frontale/laterale SX fra veicoli in marcia;Rettilineo;Una carreggiata a doppio senso;Bagnato (pioggia);Asfaltata;Verticale ed orizzontale;Nuvoloso;Normale;Buona;;2;0;0;0;12.3776;41.9184;-1;2;Autovettura privata;In marcia / fermata / arresto;Conducente;M;Rifiuta cure immediate;0;NON DECEDUTO;Non accertato;Inesploso
5949401;16;06/05/2022 13:15:00;Strada Urbana;VIALE DEI COLLI PORTUENSI;in corrispondenza;;del civico n.;192;;Tamponamento;Rettilineo;Una carreggiata a senso unico di marcia;Asciutto;Asfaltata;Verticale ed orizzontale;Nuvoloso;Normale;Buona;;0;0;0;3;12.4431;41.8697;-1;1;Motociclo a solo;In marcia / fermata / arresto;Conducente;M;Illeso;0;;Non accertato;
5949401;16;06/05/2022 13:15:00;Strada Urbana;VIALE DEI COLLI PORTUENSI;in corrispondenza;;del civico n.;192;;Tamponamento;Rettilineo;Una carreggiata a senso unico di marcia;Asciutto;Asfaltata;Verticale ed orizzontale;Nuvoloso;Normale;Buona;;0;0;0;3;12.4431;41.8697;-1;2;Autovettura privata;In marcia / fermata / arresto;Conducente;M;Illeso;0;;Non accertato;Inesploso
5949401;16;06/05/2022 13:15:00;Strada Urbana;VIALE DEI COLLI PORTUENSI;in corrispondenza;;del civico n.;192;;Tamponamento;Rettilineo;Una carreggiata a senso unico di marcia;Asciutto;Asfaltata;Verticale ed orizzontale;Nuvoloso;Normale;Buona;;0;0;0;3;12.4431;41.8697;-1;2;Autovettura privata;In marcia / fermata / arresto;Passeggero;F;Illeso;0;;Non accertato;Inesploso
5949416;12;08/05/2022 21:05:00;Strada Urbana;VIALE OCEANO ATLANTICO ;in prossimità;;del civico n.;176;;Scontro frontale fra veicoli in marcia;Rettilineo;Una carreggiata a senso unico di marcia;Asciutto;Sterrata;Verticale ed orizzontale;Sereno;Scarso;Sufficiente;;0;0;0;2;12.4699;41.8201;-1;1;Autovettura privata;In marcia / fermata / arresto;Conducente;M;Illeso;0;;Utilizzato;Inesploso
5949416;12;08/05/2022 21:05:00;Strada Urbana;VIALE OCEANO ATLANTICO ;in prossimità;;del civico n.;176;;Scontro frontale fra veicoli in marcia;Rettilineo;Una carreggiata a senso unico di marcia;Asciutto;Sterrata;Verticale ed orizzontale;Sereno;Scarso;Sufficiente;;0;0;0;2;12.4699;41.8201;-1;2;Autovettura privata;In marcia / fermata / arresto;Conducente;M;Illeso;0;;Utilizzato;Inesploso
5949448;18;07/05/2022 10:30:00;Strada Urbana;VIA MATTIA BATTISTINI;da specificare;;;;fronte civico 87;Scontro laterale fra veicoli in marcia;Rettilineo;Una carreggiata a doppio senso;Asciutto;Asfaltata;Verticale ed orizzontale;Nuvoloso;Normale;Buona;;2;0;0;1;12.4184;41.9139;-1;1;Autovettura privata;In marcia / fermata / arresto;Conducente;M;Illeso;0;;;
5949448;18;07/05/2022 10:30:00;Strada Urbana;VIA MATTIA BATTISTINI;da specificare;;;;fronte civico 87;Scontro laterale fra veicoli in marcia;Rettilineo;Una carreggiata a doppio senso;Asciutto;Asfaltata;Verticale ed orizzontale;Nuvoloso;Normale;Buona;;2;0;0;1;12.4184;41.9139;-1;2;Motociclo con passeggero;In marcia / fermata / arresto;Conducente;M;Rifiuta cure immediate;0;NON DECEDUTO;Non accertato;
5949448;18;07/05/2022 10:30:00;Strada Urbana;VIA MATTIA BATTISTINI;da specificare;;;;fronte civico 87;Scontro laterale fra veicoli in marcia;Rettilineo;Una carreggiata a doppio senso;Asciutto;Asfaltata;Verticale ed orizzontale;Nuvoloso;Normale;Buona;;2;0;0;1;12.4184;41.9139;-1;2;Motociclo con passeggero;In marcia / fermata / arresto;Passeggero;F;Rimandato;0;NON DECEDUTO;;
5949454;4;07/05/2022 07:00:00;Strada Urbana;VIA VIRGILIO TALLI;all'intersezione semaforizzata con;VIALE TITINA DE FILIPPO;VIALE TITINA DE FILIPPO;;;Scontro frontale/laterale DX fra veicoli in marcia;Intersezione semaforizzata;Una carreggiata a doppio senso;Asciutto;Asfaltata;Verticale ed orizzontale;Sereno;Scarso;Buona;;0;0;0;2;12.5231;41.9646;-1;1;Autovettura privata;In marcia / fermata / arresto;Conducente;M;Illeso;0;;Non accertato;Inesploso
5949454;4;07/05/2022 07:00:00;Strada Urbana;VIA VIRGILIO TALLI;all'intersezione semaforizzata con;VIALE TITINA DE FILIPPO;VIALE TITINA DE FILIPPO;;;Scontro frontale/laterale DX fra veicoli in marcia;Intersezione semaforizzata;Una carreggiata a doppio senso;Asciutto;Asfaltata;Verticale ed orizzontale;Sereno;Scarso;Buona;;0;0;0;2;12.5231;41.9646;-1;2;Autovettura privata;In marcia / fermata / arresto;Conducente;M;Illeso;0;;Non accertato;Inesploso
5949467;12;09/05/2022 07:15:00;Provinciale entro l'abitato;VIA OSTIENSE;da specificare;;;;KM 7.300 DIR ROMA;Scontro laterale fra veicoli in marcia;Rettilineo;Una carreggiata a doppio senso;Asciutto;Sterrata;Verticale ed orizzontale;Nuvoloso;Scarso;Buona;;0;0;0;2;12.4229;41.8109;-1;1;Motociclo a solo;In marcia / fermata / arresto;Conducente;M;Illeso;0;;Utilizzato;
5949467;12;09/05/2022 07:15:00;Provinciale entro l'abitato;VIA OSTIENSE;da specificare;;;;KM 7.300 DIR ROMA;Scontro laterale fra veicoli in marcia;Rettilineo;Una carreggiata a doppio senso;Asciutto;Sterrata;Verticale ed orizzontale;Nuvoloso;Scarso;Buona;;0;0;0;2;12.4229;41.8109;-1;2;Autovettura privata;In marcia / fermata / arresto;Conducente;M;Illeso;0;;Utilizzato;Inesploso
5949517;17;06/05/2022 11:40:00;Strada Urbana;PIAZZA DELLA LIBERTA';da specificare;;;;fronte civico 20;Scontro laterale fra veicoli in marcia;Rettilineo;Una carreggiata a doppio senso;Asciutto;Asfaltata;Verticale ed orizzontale;Sereno;Normale;Buona;;1;0;0;2;12.4707;41.9093;-1;1;Autovettura di polizia;In marcia / fermata / arresto;Conducente;M;Illeso;0;;;
5949517;17;06/05/2022 11:40:00;Strada Urbana;PIAZZA DELLA LIBERTA';da specificare;;;;fronte civico 20;Scontro laterale fra veicoli in marcia;Rettilineo;Una carreggiata a doppio senso;Asciutto;Asfaltata;Verticale ed orizzontale;Sereno;Normale;Buona;;1;0;0;2;12.4707;41.9093;-1;1;Autovettura di polizia;In marcia / fermata / arresto;Passeggero;F;Illeso;0;;;
5949517;17;06/05/2022 11:40:00;Strada Urbana;PIAZZA DELLA LIBERTA';da specificare;;;;fronte civico 20;Scontro laterale fra veicoli in marcia;Rettilineo;Una carreggiata a doppio senso;Asciutto;Asfaltata;Verticale ed orizzontale;Sereno;Normale;Buona;;1;0;0;2;12.4707;41.9093;-1;2;Motociclo a solo;In marcia / fermata / arresto;Conducente;M;Rimandato;0;NON DECEDUTO;;
5949518;17;06/05/2022 14:45:00;Strada Urbana;LARGO GIOVANNI XXIII;da specificare;;;;fronte via della CONCILIAZIONE;Scontro laterale fra veicoli in marcia;Rettilineo;Una carreggiata a senso unico di marcia;Asciutto;Asfaltata;Orizzontale;Nuvoloso;Normale;Buona;;2;0;0;1;12.4644;41.9023;-1;1;Autovettura privata;In marcia / fermata / arresto;Conducente;F;Illeso;0;;;
5949518;17;06/05/2022 14:45:00;Strada Urbana;LARGO GIOVANNI XXIII;da specificare;;;;fronte via della CONCILIAZIONE;Scontro laterale fra veicoli in marcia;Rettilineo;Una carreggiata a senso unico di marcia;Asciutto;Asfaltata;Orizzontale;Nuvoloso;Normale;Buona;;2;0;0;1;12.4644;41.9023;-1;2;Motociclo con passeggero;In marcia / fermata / arresto;Conducente;M;Rifiuta cure immediate;0;NON DECEDUTO;;
5949518;17;06/05/2022 14:45:00;Strada Urbana;LARGO GIOVANNI XXIII;da specificare;;;;fronte via della CONCILIAZIONE;Scontro laterale fra veicoli in marcia;Rettilineo;Una carreggiata a senso unico di marcia;Asciutto;Asfaltata;Orizzontale;Nuvoloso;Normale;Buona;;2;0;0;1;12.4644;41.9023;-1;2;Motociclo con passeggero;In marcia / fermata / arresto;Passeggero;F;Rifiuta cure immediate;0;NON DECEDUTO;;
5949526;3;06/05/2022 14:00:00;Strada Urbana;VIA DEI RETI;in prossimità;;del civico n.;24;;Tamponamento;Rettilineo;Una carreggiata a doppio senso;Bagnato (umidità in atto);Asfaltata;Verticale ed orizzontale;Nuvoloso;Normale;Buona;;0;0;0;4;12.5181;41.8989;-1;1;Autovettura privata;In marcia / fermata / arresto;Conducente;M;Illeso;0;;Non accertato;Inesploso
5949526;3;06/05/2022 14:00:00;Strada Urbana;VIA DEI RETI;in prossimità;;del civico n.;24;;Tamponamento;Rettilineo;Una carreggiata a doppio senso;Bagnato (umidità in atto);Asfaltata;Verticale ed orizzontale;Nuvoloso;Normale;Buona;;0;0;0;4;12.5181;41.8989;-1;1;Autovettura privata;In marcia / fermata / arresto;Passeggero;M;Illeso;0;;Non accertato;Inesploso
5949526;3;06/05/2022 14:00:00;Strada Urbana;VIA DEI RETI;in prossimità;;del civico n.;24;;Tamponamento;Rettilineo;Una carreggiata a doppio senso;Bagnato (umidità in atto);Asfaltata;Verticale ed orizzontale;Nuvoloso;Normale;Buona;;0;0;0;4;12.5181;41.8989;-1;2;Motociclo a solo;In marcia / fermata / arresto;Conducente;M;Illeso;0;;Non accertato;
5949526;3;06/05/2022 14:00:00;Strada Urbana;VIA DEI RETI;in prossimità;;del civico n.;24;;Tamponamento;Rettilineo;Una carreggiata a doppio senso;Bagnato (umidità in atto);Asfaltata;Verticale ed orizzontale;Nuvoloso;Normale;Buona;;0;0;0;4;12.5181;41.8989;-1;2;Motociclo a solo;In marcia / fermata / arresto;Passeggero;F;Illeso;0;;Non accertato;
5949534;18;08/05/2022 11:45:00;Strada Urbana;VIA DI ACQUAFREDDA;da specificare;;;;INTERSEZ. RAMPA VIA RISERVA DELLA TORRETTA;Tamponamento Multiplo;Curva a visuale libera;Una carreggiata a doppio senso;Asciutto;Asfaltata;Verticale;Nuvoloso;Normale;Buona;;1;0;0;5;12.3956;41.8939;-1;2;Autovettura privata;In marcia / fermata / arresto;Conducente;F;Illeso;0;;;
5949534;18;08/05/2022 11:45:00;Strada Urbana;VIA DI ACQUAFREDDA;da specificare;;;;INTERSEZ. RAMPA VIA RISERVA DELLA TORRETTA;Tamponamento Multiplo;Curva a visuale libera;Una carreggiata a doppio senso;Asciutto;Asfaltata;Verticale;Nuvoloso;Normale;Buona;;1;0;0;5;12.3956;41.8939;-1;2;Autovettura privata;In marcia / fermata / arresto;Passeggero;M;Rimandato;0;NON DECEDUTO;;
5949534;18;08/05/2022 11:45:00;Strada Urbana;VIA DI ACQUAFREDDA;da specificare;;;;INTERSEZ. RAMPA VIA RISERVA DELLA TORRETTA;Tamponamento Multiplo;Curva a visuale libera;Una carreggiata a doppio senso;Asciutto;Asfaltata;Verticale;Nuvoloso;Normale;Buona;;1;0;0;5;12.3956;41.8939;-1;3;Autovettura privata;In marcia / fermata / arresto;Conducente;M;Illeso;0;;;
5949534;18;08/05/2022 11:45:00;Strada Urbana;VIA DI ACQUAFREDDA;da specificare;;;;INTERSEZ. RAMPA VIA RISERVA DELLA TORRETTA;Tamponamento Multiplo;Curva a visuale libera;Una carreggiata a doppio senso;Asciutto;Asfaltata;Verticale;Nuvoloso;Normale;Buona;;1;0;0;5;12.3956;41.8939;-1;3;Autovettura privata;In marcia / fermata / arresto;Passeggero;F;Illeso;0;;;
5949534;18;08/05/2022 11:45:00;Strada Urbana;VIA DI ACQUAFREDDA;da specificare;;;;INTERSEZ. RAMPA VIA RISERVA DELLA TORRETTA;Tamponamento Multiplo;Curva a visuale libera;Una carreggiata a doppio senso;Asciutto;Asfaltata;Verticale;Nuvoloso;Normale;Buona;;1;0;0;5;12.3956;41.8939;-1;3;Autovettura privata;In marcia / fermata / arresto;Passeggero;M;Illeso;0;;;
5949534;18;08/05/2022 11:45:00;Strada Urbana;VIA DI ACQUAFREDDA;da specificare;;;;INTERSEZ. RAMPA VIA RISERVA DELLA TORRETTA;Tamponamento Multiplo;Curva a visuale libera;Una carreggiata a doppio senso;Asciutto;Asfaltata;Verticale;Nuvoloso;Normale;Buona;;1;0;0;5;12.3956;41.8939;-1;3;Autovettura privata;In marcia / fermata / arresto;Passeggero;M;Illeso;0;;;
5949537;3;05/05/2022 20:55:00;Strada Urbana;VIALE DELLE BELLE ARTI;in prossimità;;del civico n.;85;;Scontro frontale/laterale SX fra veicoli in marcia;Rettilineo;Una carreggiata a doppio senso;Bagnato (pioggia);Asfaltata;Orizzontale;Pioggia in atto;Normale;Sufficiente;;0;0;0;2;12.4788;41.9186;-1;1;Autovettura privata;In marcia / fermata / arresto;Conducente;M;Illeso;0;;;
5949537;3;05/05/2022 20:55:00;Strada Urbana;VIALE DELLE BELLE ARTI;in prossimità;;del civico n.;85;;Scontro frontale/laterale SX fra veicoli in marcia;Rettilineo;Una carreggiata a doppio senso;Bagnato (pioggia);Asfaltata;Orizzontale;Pioggia in atto;Normale;Sufficiente;;0;0;0;2;12.4788;41.9186;-1;2;Autovettura privata;In marcia / fermata / arresto;Conducente;M;Illeso;0;;;
5949557;3;05/05/2022 07:40:00;Strada Urbana;VIA GIOVANNI BATTISTA DE ROSSI;in prossimità;;del civico n.;29;;Tamponamento;Rettilineo;Una carreggiata a doppio senso;Asciutto;Asfaltata;Verticale ed orizzontale;Nuvoloso;Normale;Buona;;1;0;0;1;12.5176;41.9168;-1;1;Autovettura privata;In marcia / fermata / arresto;Conducente;F;Illeso;0;;;
5949557;3;05/05/2022 07:40:00;Strada Urbana;VIA GIOVANNI BATTISTA DE ROSSI;in prossimità;;del civico n.;29;;Tamponamento;Rettilineo;Una carreggiata a doppio senso;Asciutto;Asfaltata;Verticale ed orizzontale;Nuvoloso;Normale;Buona;;1;0;0;1;12.5176;41.9168;-1;2;Motociclo a solo;In marcia / fermata / arresto;Conducente;M;Rimandato;0;NON DECEDUTO;;
5949565;3;05/05/2022 08:10:00;Strada Urbana;VIA RAVENNA;all'intersezione con;LARGO RAVENNA;LARGO RAVENNA;;;Scontro laterale fra veicoli in marcia;Intersezione stradale segnalata;Una carreggiata a doppio senso;Asciutto;Asfaltata;Verticale ed orizzontale;Nuvoloso;Scarso;Buona;;0;0;0;2;12.518;41.913;-1;1;Autovettura privata;In marcia / fermata / arresto;Conducente;F;Illeso;0;;;
5949565;3;05/05/2022 08:10:00;Strada Urbana;VIA RAVENNA;all'intersezione con;LARGO RAVENNA;LARGO RAVENNA;;;Scontro laterale fra veicoli in marcia;Intersezione stradale segnalata;Una carreggiata a doppio senso;Asciutto;Asfaltata;Verticale ed orizzontale;Nuvoloso;Scarso;Buona;;0;0;0;2;12.518;41.913;-1;2;Autovettura privata;In marcia / fermata / arresto;Conducente;M;Illeso;0;;;
5949580;18;09/05/2022 12:00:00;Strada Urbana;VIA DI BOCCEA;all'intersezione semaforizzata con;VIA DI S. GEMMA;VIA DI S. GEMMA;;;Scontro frontale/laterale SX fra veicoli in marcia;Intersezione semaforizzata;Una carreggiata a doppio senso;Asciutto;Asfaltata;Verticale ed orizzontale;Sereno;Normale;Buona;;0;0;0;2;12.3675;41.9234;-1;1;Autocarro superiore 35 q.;In marcia / fermata / arresto;Conducente;M;Illeso;0;;Non accertato;Inesploso
5949580;18;09/05/2022 12:00:00;Strada Urbana;VIA DI BOCCEA;all'intersezione semaforizzata con;VIA DI S. GEMMA;VIA DI S. GEMMA;;;Scontro frontale/laterale SX fra veicoli in marcia;Intersezione semaforizzata;Una carreggiata a doppio senso;Asciutto;Asfaltata;Verticale ed orizzontale;Sereno;Normale;Buona;;0;0;0;2;12.3675;41.9234;-1;2;Autovettura privata;In marcia / fermata / arresto;Conducente;M;Illeso;0;;Non accertato;Inesploso
5949606;4;07/05/2022 20:20:00;Strada Urbana;VIALE TIRRENO;da specificare;;;;FRONTE CIVICO 34;Veicolo in marcia contro veicolo in sosta;Rettilineo;Due carreggiate;Asciutto;Asfaltata;Verticale ed orizzontale;Nuvoloso;Normale;Buona;;0;0;0;0;12.5293;41.9406;-1;1;Autovettura privata;In marcia / fermata / arresto;;;;;;;
5949606;4;07/05/2022 20:20:00;Strada Urbana;VIALE TIRRENO;da specificare;;;;FRONTE CIVICO 34;Veicolo in marcia contro veicolo in sosta;Rettilineo;Due carreggiate;Asciutto;Asfaltata;Verticale ed orizzontale;Nuvoloso;Normale;Buona;;0;0;0;0;12.5293;41.9406;-1;2;Autovettura privata;Sosta;;;;;;;
5949607;18;08/05/2022 13:20:00;Strada Urbana;CIRCONVALLAZIONE CORNELIA;in corrispondenza;;del civico n.;115;;Scontro laterale fra veicoli in marcia;Rettilineo;Due carreggiate;Asciutto;Asfaltata;Verticale ed orizzontale;Nuvoloso;Normale;Buona;;0;0;0;2;12.425;41.9026;-1;1;Autovettura privata;In marcia / fermata / arresto;Conducente;F;Illeso;0;;Non accertato;Inesploso
5949607;18;08/05/2022 13:20:00;Strada Urbana;CIRCONVALLAZIONE CORNELIA;in corrispondenza;;del civico n.;115;;Scontro laterale fra veicoli in marcia;Rettilineo;Due carreggiate;Asciutto;Asfaltata;Verticale ed orizzontale;Nuvoloso;Normale;Buona;;0;0;0;2;12.425;41.9026;-1;2;Autobus in extraurbana;In marcia / fermata / arresto;Conducente;M;Illeso;0;;Non accertato;Inesploso
5949622;4;08/05/2022 22:05:00;Strada Urbana;VIALE DI TOR DI QUINTO;in corrispondenza;;del civico n.;118;;Veicolo in marcia contro ostacolo fisso;Curva a visuale libera;Due carreggiate;Asciutto;Asfaltata;Verticale ed orizzontale;Nuvoloso;Normale;Buona;;1;0;1;1;12.4811;41.9383;0;1;Autovettura privata;In marcia / fermata / arresto;Conducente;M;Rimandato;0;NON DECEDUTO;Non accertato;Esploso
5949622;4;08/05/2022 22:05:00;Strada Urbana;VIALE DI TOR DI QUINTO;in corrispondenza;;del civico n.;118;;Veicolo in marcia contro ostacolo fisso;Curva a visuale libera;Due carreggiate;Asciutto;Asfaltata;Verticale ed orizzontale;Nuvoloso;Normale;Buona;;1;0;1;1;12.4811;41.9383;0;1;Autovettura privata;In marcia / fermata / arresto;Passeggero;M;Illeso;0;;Non accertato;Esploso
5949622;4;08/05/2022 22:05:00;Strada Urbana;VIALE DI TOR DI QUINTO;in corrispondenza;;del civico n.;118;;Veicolo in marcia contro ostacolo fisso;Curva a visuale libera;Due carreggiate;Asciutto;Asfaltata;Verticale ed orizzontale;Nuvoloso;Normale;Buona;;1;0;1;1;12.4811;41.9383;0;2;Monopattino elettrico;In marcia / fermata / arresto;Conducente;M;Deceduto sul posto;-1;;Esente;
5949625;3;05/05/2022 11:00:00;Strada Urbana;VIA DEI MONTI TIBURTINI;all'intersezione con;CIRCONVALLAZIONE NOMENTANA;CIRCONVALLAZIONE NOMENTANA;;;Scontro laterale fra veicoli in marcia;Intersezione stradale segnalata;Una carreggiata a senso unico di marcia;Bagnato (umidità in atto);Asfaltata;Verticale ed orizzontale;Nuvoloso;Normale;Buona;;0;0;0;2;12.5278;41.9214;-1;1;Autovettura privata;In marcia / fermata / arresto;Conducente;M;Illeso;0;;Non accertato;Inesploso
5949625;3;05/05/2022 11:00:00;Strada Urbana;VIA DEI MONTI TIBURTINI;all'intersezione con;CIRCONVALLAZIONE NOMENTANA;CIRCONVALLAZIONE NOMENTANA;;;Scontro laterale fra veicoli in marcia;Intersezione stradale segnalata;Una carreggiata a senso unico di marcia;Bagnato (umidità in atto);Asfaltata;Verticale ed orizzontale;Nuvoloso;Normale;Buona;;0;0;0;2;12.5278;41.9214;-1;2;Autovettura privata;In marcia / fermata / arresto;Conducente;F;Illeso;0;;Non accertato;Inesploso
5949638;3;03/05/2022 19:20:00;Strada Urbana;CIRCONVALLAZIONE TIBURTINA;da specificare;;;;DIR A/24 PROSSIMITA CIVICO 150;Veicolo in marcia contro ostacolo accidentale;Rettilineo;Più di due carreggiate;Asciutto;Asfaltata;Verticale ed orizzontale;Sereno;Normale;Buona;;0;0;0;1;12.53;41.9007;-1;1;Autovettura privata;In marcia / fermata / arresto;Conducente;F;Illeso;0;;;
5949643;7;08/05/2022 03:10:00;Strada Urbana;VIA TIBURTINA;da specificare;;;;in prossimità di VIA LUIGI LOCATELLI;Veicolo in marcia contro veicolo fermo;Rettilineo;Due carreggiate;Bagnato (pioggia);Asfaltata;Verticale ed orizzontale;Pioggia in atto;Normale;Buona;;0;0;0;2;12.5739;41.9257;-1;1;Autovettura privata;In marcia / fermata / arresto;Conducente;M;Illeso;0;;Non accertato;Inesploso
5949643;7;08/05/2022 03:10:00;Strada Urbana;VIA TIBURTINA;da specificare;;;;in prossimità di VIA LUIGI LOCATELLI;Veicolo in marcia contro veicolo fermo;Rettilineo;Due carreggiate;Bagnato (pioggia);Asfaltata;Verticale ed orizzontale;Pioggia in atto;Normale;Buona;;0;0;0;2;12.5739;41.9257;-1;2;Autovettura privata;In marcia / fermata / arresto;Conducente;F;Illeso;0;;Non accertato;Inesploso
5949649;13;08/05/2022 08:10:00;;LUNGOMARE DUILIO;all'intersezione con;VIA DEI PESCATORI;VIA DEI PESCATORI;;;Scontro frontale/laterale DX fra veicoli in marcia;;;;;;;;;;0;0;0;2;;;0;1;Autocarro superiore 35 q.;In marcia / fermata / arresto;Conducente;M;Illeso;0;;;
5949649;13;08/05/2022 08:10:00;;LUNGOMARE DUILIO;all'intersezione con;VIA DEI PESCATORI;VIA DEI PESCATORI;;;Scontro frontale/laterale DX fra veicoli in marcia;;;;;;;;;;0;0;0;2;;;0;2;Autovettura privata;In marcia / fermata / arresto;Conducente;F;Illeso;0;;;