Protocollo;Gruppo;DataOraIncidente;Localizzazione1;STRADA1;Localizzazione2;STRADA2;Strada02;Chilometrica;DaSpecificare;NaturaIncidente;particolaritastrade;TipoStrada;FondoStradale;Pavimentazione;Segnaletica;CondizioneAtmosferica;Traffico;Visibilita;Illuminazione;NUM_FERITI;NUM_RISERVATA;NUM_MORTI;NUM_ILLESI;Longitude;Latitude;Confermato;Progressivo;TipoVeicolo;StatoVeicolo;TipoPersona;Sesso;Tipolesione;Deceduto;DecedutoDopo;CinturaCascoUtilizzato;Airbag;
5949660;3;03/05/2022 16:45:00;Strada Urbana;VIA NOMENTANA;in prossimità;;del civico n.;60;;Tamponamento Multiplo;Rettilineo;Più di due carreggiate;Asciutto;Asfaltata;Verticale ed orizzontale;Sereno;Intenso;Buona;;0;0;0;3;12.5078;41.9136;-1;1;Autovettura privata;In marcia / fermata / arresto;Conducente;F;Illeso;0;;;
5949660;3;03/05/2022 16:45:00;Strada Urbana;VIA NOMENTANA;in prossimità;;del civico n.;60;;Tamponamento Multiplo;Rettilineo;Più di due carreggiate;Asciutto;Asfaltata;Verticale ed orizzontale;Sereno;Intenso;Buona;;0;0;0;3;12.5078;41.9136;-1;2;Autovettura privata;In marcia / fermata / arresto;Conducente;F;Illeso;0;;;
5949660;3;03/05/2022 16:45:00;Strada Urbana;VIA NOMENTANA;in prossimità;;del civico n.;60;;Tamponamento Multiplo;Rettilineo;Più di due carreggiate;Asciutto;Asfaltata;Verticale ed orizzontale;Sereno;Intenso;Buona;;0;0;0;3;12.5078;41.9136;-1;3;Autovettura privata;In marcia / fermata / arresto;Conducente;M;Illeso;0;;;
5949672;17;07/05/2022 16:00:00;Strada Urbana;VIA TUNISI;in corrispondenza;;del civico n.;67;;Scontro laterale fra veicoli in marcia;Rettilineo;Una carreggiata a senso unico di marcia;Asciutto;Asfaltata;Verticale ed orizzontale;Nuvoloso;Scarso;Buona;;1;0;0;2;12.452;41.9095;-1;1;Autovettura privata;In marcia / fermata / arresto;Conducente;F;Rimandato;0;NON DECEDUTO;;
5949672;17;07/05/2022 16:00:00;Strada Urbana;VIA TUNISI;in corrispondenza;;del civico n.;67;;Scontro laterale fra veicoli in marcia;Rettilineo;Una carreggiata a senso unico di marcia;Asciutto;Asfaltata;Verticale ed orizzontale;Nuvoloso;Scarso;Buona;;1;0;0;2;12.452;41.9095;-1;1;Autovettura privata;In marcia / fermata / arresto;Passeggero;F;Illeso;0;;;
5949672;17;07/05/2022 16:00:00;Strada Urbana;VIA TUNISI;in corrispondenza;;del civico n.;67;;Scontro laterale fra veicoli in marcia;Rettilineo;Una carreggiata a senso unico di marcia;Asciutto;Asfaltata;Verticale ed orizzontale;Nuvoloso;Scarso;Buona;;1;0;0;2;12.452;41.9095;-1;2;Autovettura privata;In marcia / fermata / arresto;Conducente;M;Illeso;0;;;
5949675;3;04/05/2022 07:00:00;Strada Urbana;VIA NOMENTANA;in prossimità;;del civico n.;30;;Veicolo in marcia contro veicolo arresto;Rettilineo;Più di due carreggiate;Asciutto;Asfaltata;Verticale ed orizzontale;Sereno;Normale;Buona;;0;0;0;2;12.5051;41.9117;-1;1;Autocarro inferiore 35 q.;In marcia / fermata / arresto;Conducente;M;Illeso;0;;;
5949675;3;04/05/2022 07:00:00;Strada Urbana;VIA NOMENTANA;in prossimità;;del civico n.;30;;Veicolo in marcia contro veicolo arresto;Rettilineo;Più di due carreggiate;Asciutto;Asfaltata;Verticale ed orizzontale;Sereno;Normale;Buona;;0;0;0;2;12.5051;41.9117;-1;2;Autovettura privata;In marcia / fermata / arresto;Conducente;M;Illeso;0;;;
5949686;10;09/05/2022 13:05:00;Strada Urbana;VIA ARRIGO SOLMI;in prossimità;;del civico n.;27;;Scontro laterale fra veicoli in marcia;Rettilineo;Una carreggiata a doppio senso;Bagnato (pioggia);Asfaltata;Verticale ed orizzontale;Pioggia in atto;Normale;Buona;;0;0;0;2;12.5681;41.8599;-1;1;Motociclo a solo;In marcia / fermata / arresto;Conducente;M;Illeso;0;;Utilizzato;
5949686;10;09/05/2022 13:05:00;Strada Urbana;VIA ARRIGO SOLMI;in prossimità;;del civico n.;27;;Scontro laterale fra veicoli in marcia;Rettilineo;Una carreggiata a doppio senso;Bagnato (pioggia);Asfaltata;Verticale ed orizzontale;Pioggia in atto;Normale;Buona;;0;0;0;2;12.5681;41.8599;-1;2;Autovettura privata;In marcia / fermata / arresto;Conducente;F;Illeso;0;;Non accertato;Inesploso
5949686;10;09/05/2022 13:05:00;Strada Urbana;VIA ARRIGO SOLMI;in prossimità;;del civico n.;27;;Scontro laterale fra veicoli in marcia;Rettilineo;Una carreggiata a doppio senso;Bagnato (pioggia);Asfaltata;Verticale ed orizzontale;Pioggia in atto;Normale;Buona;;0;0;0;2;12.5681;41.8599;-1;3;Autovettura privata;Sosta;;;;;;;
5949690;3;04/05/2022 16:10:00;Strada Urbana;VIALE DELL'UNIVERSITA';in prossimità;;del civico n.;28a;;Scontro laterale fra veicoli in marcia;Rettilineo;Una carreggiata a doppio senso;Asciutto;Asfaltata;Verticale ed orizzontale;Nuvoloso;Normale;Buona;;0;0;0;2;12.5121;41.9044;-1;1;Autovettura privata;In marcia / fermata / arresto;Conducente;M;Illeso;0;;;
5949690;3;04/05/2022 16:10:00;Strada Urbana;VIALE DELL'UNIVERSITA';in prossimità;;del civico n.;28a;;Scontro laterale fra veicoli in marcia;Rettilineo;Una carreggiata a doppio senso;Asciutto;Asfaltata;Verticale ed orizzontale;Nuvoloso;Normale;Buona;;0;0;0;2;12.5121;41.9044;-1;2;Autovettura privata;In marcia / fermata / arresto;Conducente;M;Illeso;0;;;
5949703;3;04/05/2022 15:45:00;Strada Urbana;VIA BARI;in prossimità;;del civico n.;2;;Scontro laterale fra veicoli in marcia;Rettilineo;Più di due carreggiate;Asciutto;Asfaltata;Verticale ed orizzontale;Sereno;Intenso;Buona;;0;0;0;3;12.5138;41.9106;-1;1;Autovettura privata;In marcia / fermata / arresto;Conducente;M;Illeso;0;;;
5949703;3;04/05/2022 15:45:00;Strada Urbana;VIA BARI;in prossimità;;del civico n.;2;;Scontro laterale fra veicoli in marcia;Rettilineo;Più di due carreggiate;Asciutto;Asfaltata;Verticale ed orizzontale;Sereno;Intenso;Buona;;0;0;0;3;12.5138;41.9106;-1;2;Autovettura privata;In marcia / fermata / arresto;Conducente;M;Illeso;0;;;
5949703;3;04/05/2022 15:45:00;Strada Urbana;VIA BARI;in prossimità;;del civico n.;2;;Scontro laterale fra veicoli in marcia;Rettilineo;Più di due carreggiate;Asciutto;Asfaltata;Verticale ed orizzontale;Sereno;Intenso;Buona;;0;0;0;3;12.5138;41.9106;-1;2;Autovettura privata;In marcia / fermata / arresto;Passeggero;F;Illeso;0;;;
5949724;13;08/05/2022 20:10:00;;VIA DI CASAL PALOCCO;in corrispondenza;;del civico n.;74;;Veicolo in marcia contro ostacolo fisso;;;;;;;;;;0;0;0;2;;;0;1;Autovettura privata;In marcia / fermata / arresto;Conducente;M;Illeso;0;;;
5949724;13;08/05/2022 20:10:00;;VIA DI CASAL PALOCCO;in corrispondenza;;del civico n.;74;;Veicolo in marcia contro ostacolo fisso;;;;;;;;;;0;0;0;2;;;0;1;Autovettura privata;In marcia / fermata / arresto;Passeggero;F;Illeso;0;;;
5949748;1;09/05/2022 09:20:00;Strada Urbana;LUNGOTEVERE AVENTINO;in prossimità;;del civico n.;4;;Tamponamento;Rettilineo;Una carreggiata a doppio senso;Asciutto;Asfaltata;Verticale ed orizzontale;Sereno;Normale;Buona;;1;0;0;1;12.48;41.8871;-1;1;Motociclo a solo;In marcia / fermata / arresto;Conducente;F;Rimandato;0;NON DECEDUTO;Non accertato;
5949748;1;09/05/2022 09:20:00;Strada Urbana;LUNGOTEVERE AVENTINO;in prossimità;;del civico n.;4;;Tamponamento;Rettilineo;Una carreggiata a doppio senso;Asciutto;Asfaltata;Verticale ed orizzontale;Sereno;Normale;Buona;;1;0;0;1;12.48;41.8871;-1;2;Motociclo a solo;In marcia / fermata / arresto;Conducente;M;Illeso;0;;Non accertato;
5949761;16;08/05/2022 06:20:00;Strada Urbana;VIALE ISACCO NEWTON;in prossimità;;del civico n.;fc 95;;Veicolo in marcia contro ostacolo fisso;Rettilineo;Due carreggiate;Asciutto;Asfaltata;Verticale ed orizzontale;Nuvoloso;Scarso;Buona;;1;0;0;0;12.4427;41.8481;-1;1;Autovettura privata;In marcia / fermata / arresto;Conducente;M;Rimandato;0;NON DECEDUTO;Non accertato;Esploso
5949771;16;08/05/2022 11:15:00;Strada Urbana;CIRCONVALLAZIONE GIANICOLENSE;all'intersezione semaforizzata con;VIA LUIGI ZAMBARELLI;VIA LUIGI ZAMBARELLI;;;Scontro frontale/laterale SX fra veicoli in marcia;Intersezione semaforizzata;Più di due carreggiate;Asciutto;Asfaltata;Verticale ed orizzontale;Nuvoloso;Normale;Buona;;0;0;0;3;12.4496;41.8725;-1;1;Autovettura privata;In marcia / fermata / arresto;Conducente;M;Illeso;0;;Non accertato;Inesploso
5949771;16;08/05/2022 11:15:00;Strada Urbana;CIRCONVALLAZIONE GIANICOLENSE;all'intersezione semaforizzata con;VIA LUIGI ZAMBARELLI;VIA LUIGI ZAMBARELLI;;;Scontro frontale/laterale SX fra veicoli in marcia;Intersezione semaforizzata;Più di due carreggiate;Asciutto;Asfaltata;Verticale ed orizzontale;Nuvoloso;Normale;Buona;;0;0;0;3;12.4496;41.8725;-1;2;Autovettura privata;In marcia / fermata / arresto;Conducente;M;Illeso;0;;Non accertato;Inesploso
5949771;16;08/05/2022 11:15:00;Strada Urbana;CIRCONVALLAZIONE GIANICOLENSE;all'intersezione semaforizzata con;VIA LUIGI ZAMBARELLI;VIA LUIGI ZAMBARELLI;;;Scontro frontale/laterale SX fra veicoli in marcia;Intersezione semaforizzata;Più di due carreggiate;Asciutto;Asfaltata;Verticale ed orizzontale;Nuvoloso;Normale;Buona;;0;0;0;3;12.4496;41.8725;-1;2;Autovettura privata;In marcia / fermata / arresto;Passeggero;F;Illeso;0;;Non accertato;Inesploso
5949774;4;08/05/2022 12:45:00;Strada Urbana;VIA VAL D'ALA;da specificare;;;;prossimità fronte civico 36;Tamponamento;Rettilineo;Una carreggiata a doppio senso;Asciutto;Asfaltata;Verticale ed orizzontale;Nuvoloso;Scarso;Buona;;0;0;0;2;12.5162;41.9426;-1;1;Autovettura privata;In marcia / fermata / arresto;Conducente;M;Illeso;0;;Non accertato;Inesploso
5949774;4;08/05/2022 12:45:00;Strada Urbana;VIA VAL D'ALA;da specificare;;;;prossimità fronte civico 36;Tamponamento;Rettilineo;Una carreggiata a doppio senso;Asciutto;Asfaltata;Verticale ed orizzontale;Nuvoloso;Scarso;Buona;;0;0;0;2;12.5162;41.9426;-1;2;Autovettura privata;In marcia / fermata / arresto;Conducente;F;Illeso;0;;Non accertato;Inesploso
5949790;16;08/05/2022 14:30:00;Strada Urbana;PIAZZA FRANCESCO CUCCHI;all'intersezione con;VIA ALESSANDRO ALGARDI;VIA ALESSANDRO ALGARDI;;;Scontro frontale/laterale SX fra veicoli in marcia;Intersezione stradale segnalata;Una carreggiata a senso unico di marcia;Asciutto;Asfaltata;Verticale ed orizzontale;Sereno;Normale;Buona;;0;0;0;3;12.4587;41.8856;-1;1;Autovettura privata;In marcia / fermata / arresto;Conducente;M;Illeso;0;;Non accertato;Inesploso
5949790;16;08/05/2022 14:30:00;Strada Urbana;PIAZZA FRANCESCO CUCCHI;all'intersezione con;VIA ALESSANDRO ALGARDI;VIA ALESSANDRO ALGARDI;;;Scontro frontale/laterale SX fra veicoli in marcia;Intersezione stradale segnalata;Una carreggiata a senso unico di marcia;Asciutto;Asfaltata;Verticale ed orizzontale;Sereno;Normale;Buona;;0;0;0;3;12.4587;41.8856;-1;1;Autovettura privata;In marcia / fermata / arresto;Passeggero;F;Illeso;0;;Non accertato;Inesploso
5949790;16;08/05/2022 14:30:00;Strada Urbana;PIAZZA FRANCESCO CUCCHI;all'intersezione con;VIA ALESSANDRO ALGARDI;VIA ALESSANDRO ALGARDI;;;Scontro frontale/laterale SX fra veicoli in marcia;Intersezione stradale segnalata;Una carreggiata a senso unico di marcia;Asciutto;Asfaltata;Verticale ed orizzontale;Sereno;Normale;Buona;;0;0;0;3;12.4587;41.8856;-1;2;Autovettura privata;In marcia / fermata / arresto;Conducente;F;Illeso;0;;Non accertato;Inesploso
5949791;13;09/05/2022 03:30:00;Strada Urbana;VIA EGIDIO GARRA;da specificare;;;;altezza civico 2;Veicolo in marcia contro veicoli in sosta;Curva a visuale libera;Una carreggiata a doppio senso;Asciutto;Asfaltata;Assente;Nuvoloso;Scarso;Buona;;0;0;0;1;12.3792;41.7889;-1;1;Autovettura privata;In marcia / fermata / arresto;Conducente;M;Illeso;0;;;
5949791;13;09/05/2022 03:30:00;Strada Urbana;VIA EGIDIO GARRA;da specificare;;;;altezza civico 2;Veicolo in marcia contro veicoli in sosta;Curva a visuale libera;Una carreggiata a doppio senso;Asciutto;Asfaltata;Assente;Nuvoloso;Scarso;Buona;;0;0;0;1;12.3792;41.7889;-1;2;Autovettura privata;Sosta;;;;;;;
5949805;4;07/05/2022 20:30:00;Strada Urbana;VIALE TIRRENO;all'intersezione semaforizzata con;VIA VAL DI LANZO;VIA VAL DI LANZO;;;Veicolo in marcia contro veicolo arresto;Intersezione semaforizzata;Una carreggiata a senso unico di marcia;Asciutto;Asfaltata;Verticale ed orizzontale;Nuvoloso;Normale;Buona;;0;0;0;1;12.5293;41.9406;-1;1;Autovettura privata;In marcia / fermata / arresto;Conducente;F;Illeso;0;;Non accertato;Inesploso
5949805;4;07/05/2022 20:30:00;Strada Urbana;VIALE TIRRENO;all'intersezione semaforizzata con;VIA VAL DI LANZO;VIA VAL DI LANZO;;;Veicolo in marcia contro veicolo arresto;Intersezione semaforizzata;Una carreggiata a senso unico di marcia;Asciutto;Asfaltata;Verticale ed orizzontale;Nuvoloso;Normale;Buona;;0;0;0;1;12.5293;41.9406;-1;2;Autovettura privata;In marcia / fermata / arresto;;;;;;;
5949811;13;09/05/2022 12:10:00;Strada Urbana;VIA CRISTOFORO COLOMBO;all'intersezione con;VIA DI MEZZOCAMMINO;VIA DI MEZZOCAMMINO;;;Scontro laterale fra veicoli in marcia;Incrocio;Una carreggiata a senso unico di marcia;Asciutto;Asfaltata;Verticale ed orizzontale;Sereno;Normale;Buona;;0;0;0;3;12.4115;41.7858;-1;1;Autovettura privata;In marcia / fermata / arresto;Conducente;F;Illeso;0;;Non accertato;Inesploso
5949811;13;09/05/2022 12:10:00;Strada Urbana;VIA CRISTOFORO COLOMBO;all'intersezione con;VIA DI MEZZOCAMMINO;VIA DI MEZZOCAMMINO;;;Scontro laterale fra veicoli in marcia;Incrocio;Una carreggiata a senso unico di marcia;Asciutto;Asfaltata;Verticale ed orizzontale;Sereno;Normale;Buona;;0;0;0;3;12.4115;41.7858;-1;2;Autovettura privata;In marcia / fermata / arresto;Conducente;M;Illeso;0;;Non accertato;Inesploso
5949811;13;09/05/2022 12:10:00;Strada Urbana;VIA CRISTOFORO COLOMBO;all'intersezione con;VIA DI MEZZOCAMMINO;VIA DI MEZZOCAMMINO;;;Scontro laterale fra veicoli in marcia;Incrocio;Una carreggiata a senso unico di marcia;Asciutto;Asfaltata;Verticale ed orizzontale;Sereno;Normale;Buona;;0;0;0;3;12.4115;41.7858;-1;2;Autovettura privata;In marcia / fermata / arresto;Passeggero;F;Illeso;0;;Non accertato;Inesploso
5949826;16;08/05/2022 16:30:00;Strada Urbana;PIAZZALE AURELIO;all'intersezione con;VIA DI S. PANCRAZIO;VIA DI S. PANCRAZIO;;;Scontro laterale fra veicoli in marcia;Intersezione stradale segnalata;Una carreggiata a senso unico di marcia;Asciutto;Asfaltata;Orizzontale;Sereno;Intenso;Buona;;0;0;0;2;12.4612;41.8884;-1;1;Autovettura privata;In marcia / fermata / arresto;Conducente;F;Illeso;0;;Non accertato;Inesploso
5949826;16;08/05/2022 16:30:00;Strada Urbana;PIAZZALE AURELIO;all'intersezione con;VIA DI S. PANCRAZIO;VIA DI S. PANCRAZIO;;;Scontro laterale fra veicoli in marcia;Intersezione stradale segnalata;Una carreggiata a senso unico di marcia;Asciutto;Asfaltata;Orizzontale;Sereno;Intenso;Buona;;0;0;0;2;12.4612;41.8884;-1;2;Autocarro inferiore 35 q.;In marcia / fermata / arresto;Conducente;M;Illeso;0;;Non accertato;Inesploso
5949828;15;09/05/2022 10:37:00;Strada Urbana;VIA ANTONIO PACINOTTI;all'intersezione con;VIA DI PIETRA PAPA;VIA DI PIETRA PAPA;;;Tamponamento;Intersezione stradale segnalata;Una carreggiata a doppio senso;Asciutto;Asfaltata;Verticale ed orizzontale;Sereno;Normale;Buona;;0;0;0;3;12.4675;41.871;-1;1;Motociclo a solo;In marcia / fermata / arresto;Conducente;M;Illeso;0;;Non accertato;
5949828;15;09/05/2022 10:37:00;Strada Urbana;VIA ANTONIO PACINOTTI;all'intersezione con;VIA DI PIETRA PAPA;VIA DI PIETRA PAPA;;;Tamponamento;Intersezione stradale segnalata;Una carreggiata a doppio senso;Asciutto;Asfaltata;Verticale ed orizzontale;Sereno;Normale;Buona;;0;0;0;3;12.4675;41.871;-1;2;Autovettura privata;In marcia / fermata / arresto;Conducente;F;Illeso;0;;Non accertato;Inesploso
5949828;15;09/05/2022 10:37:00;Strada Urbana;VIA ANTONIO PACINOTTI;all'intersezione con;VIA DI PIETRA PAPA;VIA DI PIETRA PAPA;;;Tamponamento;Intersezione stradale segnalata;Una carreggiata a doppio senso;Asciutto;Asfaltata;Verticale ed orizzontale;Sereno;Normale;Buona;;0;0;0;3;12.4675;41.871;-1;2;Autovettura privata;In marcia / fermata / arresto;Passeggero;M;Illeso;0;;Non accertato;Inesploso
5949843;4;07/05/2022 12:25:00;Strada Urbana;VIA DELLE ISOLE CURZOLANE;in corrispondenza;;del civico n.;172;;Scontro laterale fra veicoli in marcia;Rettilineo;Due carreggiate;Asciutto;Asfaltata;Orizzontale;Nuvoloso;Normale;Buona;;0;0;0;2;12.5291;41.9496;-1;1;Autovettura privata;In marcia / fermata / arresto;Conducente;M;Illeso;0;;Non accertato;Inesploso
5949843;4;07/05/2022 12:25:00;Strada Urbana;VIA DELLE ISOLE CURZOLANE;in corrispondenza;;del civico n.;172;;Scontro laterale fra veicoli in marcia;Rettilineo;Due carreggiate;Asciutto;Asfaltata;Orizzontale;Nuvoloso;Normale;Buona;;0;0;0;2;12.5291;41.9496;-1;2;Autovettura privata;In marcia / fermata / arresto;Conducente;M;Illeso;0;;Non accertato;Inesploso
5949844;4;07/05/2022 11:45:00;Strada Urbana;VIALE GOTTARDO;all'intersezione con;VIA MONTE SOMMA;VIA MONTE SOMMA;;;Scontro frontale/laterale DX fra veicoli in marcia;Intersezione non regolata/non segnalata;Una carreggiata a doppio senso;Asciutto;Asfaltata;Verticale ed orizzontale;Sereno;Normale;Buona;;2;0;0;1;12.5358;41.932;-1;1;Motociclo con passeggero;In marcia / fermata / arresto;Conducente;M;Rimandato;0;NON DECEDUTO;Non accertato;
5949844;4;07/05/2022 11:45:00;Strada Urbana;VIALE GOTTARDO;all'intersezione con;VIA MONTE SOMMA;VIA MONTE SOMMA;;;Scontro frontale/laterale DX fra veicoli in marcia;Intersezione non regolata/non segnalata;Una carreggiata a doppio senso;Asciutto;Asfaltata;Verticale ed orizzontale;Sereno;Normale;Buona;;2;0;0;1;12.5358;41.932;-1;1;Motociclo con passeggero;In marcia / fermata / arresto;Passeggero;F;Rimandato;0;NON DECEDUTO;Non accertato;
5949844;4;07/05/2022 11:45:00;Strada Urbana;VIALE GOTTARDO;all'intersezione con;VIA MONTE SOMMA;VIA MONTE SOMMA;;;Scontro frontale/laterale DX fra veicoli in marcia;Intersezione non regolata/non segnalata;Una carreggiata a doppio senso;Asciutto;Asfaltata;Verticale ed orizzontale;Sereno;Normale;Buona;;2;0;0;1;12.5358;41.932;-1;2;Autovettura privata;In marcia / fermata / arresto;Conducente;M;Illeso;0;;Non accertato;Inesploso
5949853;16;08/05/2022 22:00:00;Strada Urbana;VIA DI DONNA OLIMPIA;all'intersezione con;VIA FIORINO FIORINI;VIA FIORINO FIORINI;;;Scontro frontale/laterale DX fra veicoli in marcia;Intersezione stradale segnalata;Una carreggiata a doppio senso;Asciutto;Asfaltata;Verticale;Sereno;Scarso;Sufficiente;;1;0;0;3;12.4536;41.8766;-1;1;Autovettura privata;In marcia / fermata / arresto;Conducente;M;Illeso;0;;Non accertato;Inesploso
5949853;16;08/05/2022 22:00:00;Strada Urbana;VIA DI DONNA OLIMPIA;all'intersezione con;VIA FIORINO FIORINI;VIA FIORINO FIORINI;;;Scontro frontale/laterale DX fra veicoli in marcia;Intersezione stradale segnalata;Una carreggiata a doppio senso;Asciutto;Asfaltata;Verticale;Sereno;Scarso;Sufficiente;;1;0;0;3;12.4536;41.8766;-1;1;Autovettura privata;In marcia / fermata / arresto;Passeggero;F;Illeso;0;;Non accertato;Inesploso
5949853;16;08/05/2022 22:00:00;Strada Urbana;VIA DI DONNA OLIMPIA;all'intersezione con;VIA FIORINO FIORINI;VIA FIORINO FIORINI;;;Scontro frontale/laterale DX fra veicoli in marcia;Intersezione stradale segnalata;Una carreggiata a doppio senso;Asciutto;Asfaltata;Verticale;Sereno;Scarso;Sufficiente;;1;0;0;3;12.4536;41.8766;-1;1;Autovettura privata;In marcia / fermata / arresto;Passeggero;M;Illeso;0;;Non accertato;Inesploso
5949853;16;08/05/2022 22:00:00;Strada Urbana;VIA DI DONNA OLIMPIA;all'intersezione con;VIA FIORINO FIORINI;VIA FIORINO FIORINI;;;Scontro frontale/laterale DX fra veicoli in marcia;Intersezione stradale segnalata;Una carreggiata a doppio senso;Asciutto;Asfaltata;Verticale;Sereno;Scarso;Sufficiente;;1;0;0;3;12.4536;41.8766;-1;2;Motociclo a solo;In marcia / fermata / arresto;Conducente;M;Rimandato;0;NON DECEDUTO;Non accertato;
5949853;16;08/05/2022 22:00:00;Strada Urbana;VIA DI DONNA OLIMPIA;all'intersezione con;VIA FIORINO FIORINI;VIA FIORINO FIORINI;;;Scontro frontale/laterale DX fra veicoli in marcia;Intersezione stradale segnalata;Una carreggiata a doppio senso;Asciutto;Asfaltata;Verticale;Sereno;Scarso;Sufficiente;;1;0;0;3;12.4536;41.8766;-1;3;Autovettura privata;Sosta;;;;;;;
5949863;4;07/05/2022 12:30:00;Strada Urbana;VIA ANTONIO SILVANI;in corrispondenza;;del civico n.;35;;Scontro laterale fra veicoli in marcia;Rettilineo;Una carreggiata a senso unico di marcia;Asciutto;Asfaltata;Orizzontale;Sereno;Scarso;Buona;;0;0;0;2;12.5187;41.9502;-1;1;Autovettura privata;In marcia / fermata / arresto;Conducente;M;Illeso;0;;Non accertato;
5949863;4;07/05/2022 12:30:00;Strada Urbana;VIA ANTONIO SILVANI;in corrispondenza;;del civico n.;35;;Scontro laterale fra veicoli in marcia;Rettilineo;Una carreggiata a senso unico di marcia;Asciutto;Asfaltata;Orizzontale;Sereno;Scarso;Buona;;0;0;0;2;12.5187;41.9502;-1;2;Autovettura privata;In marcia / fermata / arresto;Conducente;F;Illeso;0;;Non accertato;
5949899;4;08/05/2022 03:35:00;Strada Urbana;VIA GIOVANNI CONTI;da specificare;;;;VIA DELLE VIGNE NUOVE;Veicolo in marcia contro ostacolo fisso;Curva a visuale libera;Due carreggiate;Asciutto;Asfaltata;Verticale ed orizzontale;Nuvoloso;Scarso;Sufficiente;;0;0;0;2;12.5316;41.9551;0;1;Autovettura privata;In marcia / fermata / arresto;Conducente;M;Illeso;0;;Non accertato;
5949899;4;08/05/2022 03:35:00;Strada Urbana;VIA GIOVANNI CONTI;da specificare;;;;VIA DELLE VIGNE NUOVE;Veicolo in marcia contro ostacolo fisso;Curva a visuale libera;Due carreggiate;Asciutto;Asfaltata;Verticale ed orizzontale;Nuvoloso;Scarso;Sufficiente;;0;0;0;2;12.5316;41.9551;0;1;Autovettura privata;In marcia / fermata / arresto;Passeggero;M;Illeso;0;;Non accertato;
5949910;4;08/05/2022 01:15:00;Strada Urbana;PIAZZA PIER CARLO TALENTI;all'intersezione con;VIA ETTORE ROMAGNOLI;VIA ETTORE ROMAGNOLI;;;Scontro frontale/laterale DX fra veicoli in marcia;Intersezione semaforizzata;Due carreggiate;Asciutto;Asfaltata;Verticale ed orizzontale;Nuvoloso;Scarso;Sufficiente;;0;0;0;1;12.5474;41.9441;-1;1;Autovettura privata;In marcia / fermata / arresto;Conducente;F;Illeso;0;;Non accertato;Inesploso
5949910;4;08/05/2022 01:15:00;Strada Urbana;PIAZZA PIER CARLO TALENTI;all'intersezione con;VIA ETTORE ROMAGNOLI;VIA ETTORE ROMAGNOLI;;;Scontro frontale/laterale DX fra veicoli in marcia;Intersezione semaforizzata;Due carreggiate;Asciutto;Asfaltata;Verticale ed orizzontale;Nuvoloso;Scarso;Sufficiente;;0;0;0;1;12.5474;41.9441;-1;2;Autovettura privata;Allontanatosi;;;;;;;
5949950;3;04/05/2022 16:10:00;Strada Urbana;PIAZZA SALERNO;in prossimità;;del civico n.;1;;Scontro laterale fra veicoli in marcia;Rotatoria;Una carreggiata a senso unico di marcia;Asciutto;Asfaltata;Verticale ed orizzontale;Sereno;Normale;Buona;;0;0;0;2;12.5134;41.9107;-1;1;Autovettura privata;In marcia / fermata / arresto;Conducente;M;Illeso;0;;;
5949950;3;04/05/2022 16:10:00;Strada Urbana;PIAZZA SALERNO;in prossimità;;del civico n.;1;;Scontro laterale fra veicoli in marcia;Rotatoria;Una carreggiata a senso unico di marcia;Asciutto;Asfaltata;Verticale ed orizzontale;Sereno;Normale;Buona;;0;0;0;2;12.5134;41.9107;-1;2;Autovettura privata;In marcia / fermata / arresto;Conducente;M;Illeso;0;;;
5949997;10;09/05/2022 16:05:00;Strada Urbana;VIA DELLE CAPANNELLE;all'intersezione con;VIA DEL CALICE;VIA DEL CALICE;;;Tamponamento;Intersezione stradale segnalata;Una carreggiata a doppio senso;Asciutto;Asfaltata;Verticale ed orizzontale;Sereno;Normale;Buona;;1;0;0;2;12.566;41.8289;-1;1;Autovettura privata;In marcia / fermata / arresto;Conducente;F;Rifiuta cure immediate;0;NON DECEDUTO;Non accertato;Inesploso
5949997;10;09/05/2022 16:05:00;Strada Urbana;VIA DELLE CAPANNELLE;all'intersezione con;VIA DEL CALICE;VIA DEL CALICE;;;Tamponamento;Intersezione stradale segnalata;Una carreggiata a doppio senso;Asciutto;Asfaltata;Verticale ed orizzontale;Sereno;Normale;Buona;;1;0;0;2;12.566;41.8289;-1;1;Autovettura privata;In marcia / fermata / arresto;Passeggero;M;Illeso;0;;Non accertato;Inesploso
5949997;10;09/05/2022 16:05:00;Strada Urbana;VIA DELLE CAPANNELLE;all'intersezione con;VIA DEL CALICE;VIA DEL CALICE;;;Tamponamento;Intersezione stradale segnalata;Una carreggiata a doppio senso;Asciutto;Asfaltata;Verticale ed orizzontale;Sereno;Normale;Buona;;1;0;0;2;12.566;41.8289;-1;2;Autovettura privata;In marcia / fermata / arresto;Conducente;M;Illeso;0;;Non accertato;Inesploso
5950018;17;06/05/2022 21:30:00;Strada Urbana;VIA DEGLI SCIPIONI;in prossimità;;del civico n.;82;;Scontro laterale fra veicoli in marcia;Rettilineo;Una carreggiata a senso unico di marcia;Asciutto;In cubetti di porfido;Verticale ed orizzontale;Nuvoloso;Normale;Buona;;0;0;0;2;12.4582;41.9085;-1;1;Autovettura privata;In marcia / fermata / arresto;Conducente;M;Illeso;0;;;