Protocollo;Gruppo;DataOraIncidente;Localizzazione1;STRADA1;Localizzazione2;STRADA2;Strada02;Chilometrica;DaSpecificare;NaturaIncidente;particolaritastrade;TipoStrada;FondoStradale;Pavimentazione;Segnaletica;CondizioneAtmosferica;Traffico;Visibilita;Illuminazione;NUM_FERITI;NUM_RISERVATA;NUM_MORTI;NUM_ILLESI;Longitude;Latitude;Confermato;Progressivo;TipoVeicolo;StatoVeicolo;TipoPersona;Sesso;Tipolesione;Deceduto;DecedutoDopo;CinturaCascoUtilizzato;Airbag;
5950651;4;06/05/2022 18:00:00;Statale;VIA SALARIA;in corrispondenza;;della chilometrica;15.8;;Scontro laterale fra veicoli in marcia;Curva senza visuale libera;Una carreggiata a doppio senso;Bagnato (pioggia);Asfaltata;Verticale ed orizzontale;Pioggia in atto;Normale;Buona;;2;0;0;0;12.5115;41.9873;-1;1;Autovettura privata;In marcia / fermata / arresto;Passeggero;F;Rifiuta cure immediate;0;NON DECEDUTO;Non accertato;
5950651;4;06/05/2022 18:00:00;Statale;VIA SALARIA;in corrispondenza;;della chilometrica;15.8;;Scontro laterale fra veicoli in marcia;Curva senza visuale libera;Una carreggiata a doppio senso;Bagnato (pioggia);Asfaltata;Verticale ed orizzontale;Pioggia in atto;Normale;Buona;;2;0;0;0;12.5115;41.9873;-1;2;Autovettura privata;Allontanatosi;;;;;;;
5950653;1;09/05/2022 17:50:00;Strada Urbana;PIAZZA DELLA REPUBBLICA;da specificare;;;;FRONTE VIA VITTORIO EMANUELE ORLANDO;Investimento di pedone;Curva a visuale libera;Una carreggiata a senso unico di marcia;Asciutto;In cubetti di porfido;Verticale ed orizzontale;Sereno;Normale;Buona;;1;0;0;1;12.4964;41.9028;-1;;;;Pedone;M;Rimandato;0;NON DECEDUTO;;
5950653;1;09/05/2022 17:50:00;Strada Urbana;PIAZZA DELLA REPUBBLICA;da specificare;;;;FRONTE VIA VITTORIO EMANUELE ORLANDO;Investimento di pedone;Curva a visuale libera;Una carreggiata a senso unico di marcia;Asciutto;In cubetti di porfido;Verticale ed orizzontale;Sereno;Normale;Buona;;1;0;0;1;12.4964;41.9028;-1;1;Autovettura pubblica;In marcia / fermata / arresto;Conducente;M;Illeso;0;;;
5950655;4;09/05/2022 08:55:00;Strada Urbana;VIALE TIRRENO;all'intersezione semaforizzata con;VIA VAL DI LANZO;VIA VAL DI LANZO;;;Scontro laterale fra veicoli in marcia;Incrocio;Una carreggiata a senso unico di marcia;Asciutto;Asfaltata;Verticale ed orizzontale;Sereno;Normale;Buona;;1;0;0;1;12.5293;41.9406;-1;1;Motociclo a solo;In marcia / fermata / arresto;Conducente;F;Rimandato;0;NON DECEDUTO;Non accertato;
5950655;4;09/05/2022 08:55:00;Strada Urbana;VIALE TIRRENO;all'intersezione semaforizzata con;VIA VAL DI LANZO;VIA VAL DI LANZO;;;Scontro laterale fra veicoli in marcia;Incrocio;Una carreggiata a senso unico di marcia;Asciutto;Asfaltata;Verticale ed orizzontale;Sereno;Normale;Buona;;1;0;0;1;12.5293;41.9406;-1;2;Autovettura privata;In marcia / fermata / arresto;Conducente;M;Illeso;0;;Non accertato;Inesploso
5950659;18;09/05/2022 15:30:00;Strada Urbana;PIAZZA PIO XI;da specificare;;;;fronte civico 93;Scontro frontale/laterale DX fra veicoli in marcia;Rettilineo;Più di due carreggiate;Asciutto;Asfaltata;Verticale ed orizzontale;Sereno;Normale;Buona;;1;0;0;1;12.4386;41.895;-1;1;Autovettura privata;In marcia / fermata / arresto;Conducente;M;Rifiuta cure immediate;0;NON DECEDUTO;Non accertato;Inesploso
5950659;18;09/05/2022 15:30:00;Strada Urbana;PIAZZA PIO XI;da specificare;;;;fronte civico 93;Scontro frontale/laterale DX fra veicoli in marcia;Rettilineo;Più di due carreggiate;Asciutto;Asfaltata;Verticale ed orizzontale;Sereno;Normale;Buona;;1;0;0;1;12.4386;41.895;-1;2;Autovettura privata;In marcia / fermata / arresto;Conducente;M;Illeso;0;;Non accertato;Inesploso
5950660;5;09/05/2022 09:05:00;Strada Urbana;VIALE PALMIRO TOGLIATTI;da specificare;;;;direzione via Tiburtina altezza A24;Tamponamento Multiplo;Rettilineo;Due carreggiate;Asciutto;Asfaltata;Verticale ed orizzontale;Sereno;Normale;Buona;;0;0;0;4;12.5734;41.9074;-1;1;Autovettura privata;In marcia / fermata / arresto;Conducente;F;Illeso;0;;;
5950660;5;09/05/2022 09:05:00;Strada Urbana;VIALE PALMIRO TOGLIATTI;da specificare;;;;direzione via Tiburtina altezza A24;Tamponamento Multiplo;Rettilineo;Due carreggiate;Asciutto;Asfaltata;Verticale ed orizzontale;Sereno;Normale;Buona;;0;0;0;4;12.5734;41.9074;-1;1;Autovettura privata;In marcia / fermata / arresto;Passeggero;M;Illeso;0;;;
5950660;5;09/05/2022 09:05:00;Strada Urbana;VIALE PALMIRO TOGLIATTI;da specificare;;;;direzione via Tiburtina altezza A24;Tamponamento Multiplo;Rettilineo;Due carreggiate;Asciutto;Asfaltata;Verticale ed orizzontale;Sereno;Normale;Buona;;0;0;0;4;12.5734;41.9074;-1;2;Autovettura privata;In marcia / fermata / arresto;Conducente;M;Illeso;0;;;
5950660;5;09/05/2022 09:05:00;Strada Urbana;VIALE PALMIRO TOGLIATTI;da specificare;;;;direzione via Tiburtina altezza A24;Tamponamento Multiplo;Rettilineo;Due carreggiate;Asciutto;Asfaltata;Verticale ed orizzontale;Sereno;Normale;Buona;;0;0;0;4;12.5734;41.9074;-1;3;Autocarro inferiore 35 q.;In marcia / fermata / arresto;Conducente;M;Illeso;0;;;
5950666;19;09/05/2022 00:01:00;Strada Urbana;VIA TAGGIA;in corrispondenza;;del civico n.;67;;Veicolo in marcia contro veicoli in sosta;Rettilineo;Una carreggiata a doppio senso;Asciutto;Asfaltata;Orizzontale;Nuvoloso;Scarso;Buona;;0;0;0;0;12.4221;41.931;-1;1;Autovettura privata;Sosta;;;;;;;
5950666;19;09/05/2022 00:01:00;Strada Urbana;VIA TAGGIA;in corrispondenza;;del civico n.;67;;Veicolo in marcia contro veicoli in sosta;Rettilineo;Una carreggiata a doppio senso;Asciutto;Asfaltata;Orizzontale;Nuvoloso;Scarso;Buona;;0;0;0;0;12.4221;41.931;-1;2;Autovettura privata;Sosta;;;;;;;
5950666;19;09/05/2022 00:01:00;Strada Urbana;VIA TAGGIA;in corrispondenza;;del civico n.;67;;Veicolo in marcia contro veicoli in sosta;Rettilineo;Una carreggiata a doppio senso;Asciutto;Asfaltata;Orizzontale;Nuvoloso;Scarso;Buona;;0;0;0;0;12.4221;41.931;-1;3;Autovettura privata;Sosta;;;;;;;
5950670;6;09/05/2022 20:27:00;Strada Urbana;VIA CASILINA;in corrispondenza;;del civico n.;618A;;Tamponamento;Rettilineo;Una carreggiata a doppio senso;Bagnato (pioggia);Asfaltata;Verticale ed orizzontale;Pioggia in atto;Normale;Sufficiente;;0;0;0;3;12.5507;41.8772;-1;1;Motociclo con passeggero;In marcia / fermata / arresto;Conducente;M;Illeso;0;;;
5950670;6;09/05/2022 20:27:00;Strada Urbana;VIA CASILINA;in corrispondenza;;del civico n.;618A;;Tamponamento;Rettilineo;Una carreggiata a doppio senso;Bagnato (pioggia);Asfaltata;Verticale ed orizzontale;Pioggia in atto;Normale;Sufficiente;;0;0;0;3;12.5507;41.8772;-1;1;Motociclo con passeggero;In marcia / fermata / arresto;Passeggero;M;Illeso;0;;;
5950670;6;09/05/2022 20:27:00;Strada Urbana;VIA CASILINA;in corrispondenza;;del civico n.;618A;;Tamponamento;Rettilineo;Una carreggiata a doppio senso;Bagnato (pioggia);Asfaltata;Verticale ed orizzontale;Pioggia in atto;Normale;Sufficiente;;0;0;0;3;12.5507;41.8772;-1;2;Motociclo a solo;In marcia / fermata / arresto;Conducente;M;Illeso;0;;;
5950683;5;09/05/2022 09:45:00;Strada Urbana;VIA TIBURTINA;in prossimità;;del civico n.;1361;;Tamponamento Multiplo;Rettilineo;Due carreggiate;Asciutto;Asfaltata;Verticale ed orizzontale;Sereno;Intenso;Buona;;0;0;0;4;12.6198;41.9378;-1;1;Autocarro inferiore 35 q.;In marcia / fermata / arresto;Conducente;M;Illeso;0;;Non accertato;Inesploso
5950683;5;09/05/2022 09:45:00;Strada Urbana;VIA TIBURTINA;in prossimità;;del civico n.;1361;;Tamponamento Multiplo;Rettilineo;Due carreggiate;Asciutto;Asfaltata;Verticale ed orizzontale;Sereno;Intenso;Buona;;0;0;0;4;12.6198;41.9378;-1;2;Autovettura privata;In marcia / fermata / arresto;Conducente;F;Illeso;0;;Non accertato;Inesploso
5950683;5;09/05/2022 09:45:00;Strada Urbana;VIA TIBURTINA;in prossimità;;del civico n.;1361;;Tamponamento Multiplo;Rettilineo;Due carreggiate;Asciutto;Asfaltata;Verticale ed orizzontale;Sereno;Intenso;Buona;;0;0;0;4;12.6198;41.9378;-1;3;Autovettura privata;In marcia / fermata / arresto;Conducente;F;Illeso;0;;Non accertato;Inesploso
5950683;5;09/05/2022 09:45:00;Strada Urbana;VIA TIBURTINA;in prossimità;;del civico n.;1361;;Tamponamento Multiplo;Rettilineo;Due carreggiate;Asciutto;Asfaltata;Verticale ed orizzontale;Sereno;Intenso;Buona;;0;0;0;4;12.6198;41.9378;-1;3;Autovettura privata;In marcia / fermata / arresto;Passeggero;M;Illeso;0;;Non accertato;Inesploso
5950696;7;09/05/2022 17:30:00;Strada Urbana;VIA DEI CASTANI;all'intersezione con;VIA DEGLI ACERI;VIA DEGLI ACERI;;;Scontro laterale fra veicoli in marcia;Intersezione stradale segnalata;Una carreggiata a doppio senso;Asciutto;Asfaltata;Verticale ed orizzontale;Sereno;Normale;Buona;;1;0;0;0;12.5668;41.8837;0;1;Velocipede;In marcia / fermata / arresto;Conducente;M;Rimandato;0;NON DECEDUTO;Esente;
5950696;7;09/05/2022 17:30:00;Strada Urbana;VIA DEI CASTANI;all'intersezione con;VIA DEGLI ACERI;VIA DEGLI ACERI;;;Scontro laterale fra veicoli in marcia;Intersezione stradale segnalata;Una carreggiata a doppio senso;Asciutto;Asfaltata;Verticale ed orizzontale;Sereno;Normale;Buona;;1;0;0;0;12.5668;41.8837;0;2;Autovettura privata;In marcia / fermata / arresto;;;;;;;
5950699;13;09/05/2022 21:30:00;Strada Urbana;VIA SOFOCLE;all'intersezione con;VIA TERPANDRO;VIA TERPANDRO;;;Scontro frontale fra veicoli in marcia;Incrocio;Una carreggiata a doppio senso;Asciutto;Asfaltata;Verticale ed orizzontale;Sereno;Scarso;Buona;;1;0;0;1;12.3712;41.7705;-1;1;Autovettura privata;In marcia / fermata / arresto;Conducente;M;Illeso;0;;;
5950699;13;09/05/2022 21:30:00;Strada Urbana;VIA SOFOCLE;all'intersezione con;VIA TERPANDRO;VIA TERPANDRO;;;Scontro frontale fra veicoli in marcia;Incrocio;Una carreggiata a doppio senso;Asciutto;Asfaltata;Verticale ed orizzontale;Sereno;Scarso;Buona;;1;0;0;1;12.3712;41.7705;-1;2;Autovettura privata;In marcia / fermata / arresto;Conducente;F;Rimandato;0;NON DECEDUTO;;
5950710;18;09/05/2022 17:50:00;Strada Urbana;VIA DELLA MAGLIANELLA;all'intersezione con;VIA SUOR MARIA AGOSTINA;VIA SUOR MARIA AGOSTINA;;;Tamponamento;Incrocio;Più di due carreggiate;Asciutto;Asfaltata;Verticale ed orizzontale;Sereno;Normale;Buona;;0;0;0;5;12.3791;41.9018;-1;1;Autovettura privata;In marcia / fermata / arresto;Conducente;M;Illeso;0;;Non accertato;Inesploso
5950710;18;09/05/2022 17:50:00;Strada Urbana;VIA DELLA MAGLIANELLA;all'intersezione con;VIA SUOR MARIA AGOSTINA;VIA SUOR MARIA AGOSTINA;;;Tamponamento;Incrocio;Più di due carreggiate;Asciutto;Asfaltata;Verticale ed orizzontale;Sereno;Normale;Buona;;0;0;0;5;12.3791;41.9018;-1;1;Autovettura privata;In marcia / fermata / arresto;Passeggero;M;Illeso;0;;Non accertato;Inesploso
5950710;18;09/05/2022 17:50:00;Strada Urbana;VIA DELLA MAGLIANELLA;all'intersezione con;VIA SUOR MARIA AGOSTINA;VIA SUOR MARIA AGOSTINA;;;Tamponamento;Incrocio;Più di due carreggiate;Asciutto;Asfaltata;Verticale ed orizzontale;Sereno;Normale;Buona;;0;0;0;5;12.3791;41.9018;-1;1;Autovettura privata;In marcia / fermata / arresto;Passeggero;M;Illeso;0;;Non accertato;Inesploso
5950710;18;09/05/2022 17:50:00;Strada Urbana;VIA DELLA MAGLIANELLA;all'intersezione con;VIA SUOR MARIA AGOSTINA;VIA SUOR MARIA AGOSTINA;;;Tamponamento;Incrocio;Più di due carreggiate;Asciutto;Asfaltata;Verticale ed orizzontale;Sereno;Normale;Buona;;0;0;0;5;12.3791;41.9018;-1;1;Autovettura privata;In marcia / fermata / arresto;Passeggero;M;Illeso;0;;Non accertato;Inesploso
5950710;18;09/05/2022 17:50:00;Strada Urbana;VIA DELLA MAGLIANELLA;all'intersezione con;VIA SUOR MARIA AGOSTINA;VIA SUOR MARIA AGOSTINA;;;Tamponamento;Incrocio;Più di due carreggiate;Asciutto;Asfaltata;Verticale ed orizzontale;Sereno;Normale;Buona;;0;0;0;5;12.3791;41.9018;-1;2;Autovettura privata;In marcia / fermata / arresto;Conducente;M;Illeso;0;;Non accertato;Esploso
5950717;17;06/05/2022 17:30:00;Strada Urbana;VIA GIUSEPPE FERRARI;in prossimità;;del civico n.;55;;Scontro frontale/laterale SX fra veicoli in marcia;Rettilineo;Una carreggiata a doppio senso;Bagnato (umidità in atto);Asfaltata;Verticale ed orizzontale;Nuvoloso;Normale;Buona;;0;0;0;5;12.4638;41.9151;-1;1;Autovettura privata;In marcia / fermata / arresto;Conducente;M;Illeso;0;;;
5950717;17;06/05/2022 17:30:00;Strada Urbana;VIA GIUSEPPE FERRARI;in prossimità;;del civico n.;55;;Scontro frontale/laterale SX fra veicoli in marcia;Rettilineo;Una carreggiata a doppio senso;Bagnato (umidità in atto);Asfaltata;Verticale ed orizzontale;Nuvoloso;Normale;Buona;;0;0;0;5;12.4638;41.9151;-1;1;Autovettura privata;In marcia / fermata / arresto;Passeggero;M;Illeso;0;;;
5950717;17;06/05/2022 17:30:00;Strada Urbana;VIA GIUSEPPE FERRARI;in prossimità;;del civico n.;55;;Scontro frontale/laterale SX fra veicoli in marcia;Rettilineo;Una carreggiata a doppio senso;Bagnato (umidità in atto);Asfaltata;Verticale ed orizzontale;Nuvoloso;Normale;Buona;;0;0;0;5;12.4638;41.9151;-1;1;Autovettura privata;In marcia / fermata / arresto;Passeggero;M;Illeso;0;;;
5950717;17;06/05/2022 17:30:00;Strada Urbana;VIA GIUSEPPE FERRARI;in prossimità;;del civico n.;55;;Scontro frontale/laterale SX fra veicoli in marcia;Rettilineo;Una carreggiata a doppio senso;Bagnato (umidità in atto);Asfaltata;Verticale ed orizzontale;Nuvoloso;Normale;Buona;;0;0;0;5;12.4638;41.9151;-1;1;Autovettura privata;In marcia / fermata / arresto;Passeggero;F;Illeso;0;;;
5950717;17;06/05/2022 17:30:00;Strada Urbana;VIA GIUSEPPE FERRARI;in prossimità;;del civico n.;55;;Scontro frontale/laterale SX fra veicoli in marcia;Rettilineo;Una carreggiata a doppio senso;Bagnato (umidità in atto);Asfaltata;Verticale ed orizzontale;Nuvoloso;Normale;Buona;;0;0;0;5;12.4638;41.9151;-1;2;Autovettura privata;In marcia / fermata / arresto;Conducente;M;Illeso;0;;;
5950720;13;09/05/2022 11:20:00;Strada Urbana;VIA BRAIES;all'intersezione con;VIA CAVIZZANA;VIA CAVIZZANA;;;Scontro frontale/laterale DX fra veicoli in marcia;Incrocio;Una carreggiata a doppio senso;Asciutto;Asfaltata;Assente;Sereno;Normale;Buona;;1;0;0;1;12.3782;41.7334;-1;1;Autovettura privata;In marcia / fermata / arresto;Conducente;M;Illeso;0;;Non accertato;Inesploso
5950720;13;09/05/2022 11:20:00;Strada Urbana;VIA BRAIES;all'intersezione con;VIA CAVIZZANA;VIA CAVIZZANA;;;Scontro frontale/laterale DX fra veicoli in marcia;Incrocio;Una carreggiata a doppio senso;Asciutto;Asfaltata;Assente;Sereno;Normale;Buona;;1;0;0;1;12.3782;41.7334;-1;2;Autovettura privata;In marcia / fermata / arresto;Conducente;M;Rimandato;0;NON DECEDUTO;Non accertato;Inesploso
5950720;13;09/05/2022 11:20:00;Strada Urbana;VIA BRAIES;all'intersezione con;VIA CAVIZZANA;VIA CAVIZZANA;;;Scontro frontale/laterale DX fra veicoli in marcia;Incrocio;Una carreggiata a doppio senso;Asciutto;Asfaltata;Assente;Sereno;Normale;Buona;;1;0;0;1;12.3782;41.7334;-1;3;Autovettura privata;Sosta;;;;;;;
5950726;7;09/05/2022 22:00:00;;VIA DI TOR TRE TESTE;all'intersezione con;VIALE ENZO FERRARI;VIALE ENZO FERRARI;;;Veicolo in marcia contro ostacolo fisso;;;;;;;;;;0;0;0;0;;;0;1;Autovettura privata;In marcia / fermata / arresto;;;;;;;
5950727;5;09/05/2022 12:15:00;Strada Urbana;VIA ALBERTO BERGAMINI;da specificare;;;;altezza via Tommaso Smith;Scontro laterale fra veicoli in marcia;Rettilineo;Due carreggiate;Asciutto;Asfaltata;Verticale ed orizzontale;Sereno;Normale;Buona;;1;0;0;1;12.5525;41.9056;-1;1;Autovettura privata;In marcia / fermata / arresto;Conducente;M;Illeso;0;;Non accertato;
5950727;5;09/05/2022 12:15:00;Strada Urbana;VIA ALBERTO BERGAMINI;da specificare;;;;altezza via Tommaso Smith;Scontro laterale fra veicoli in marcia;Rettilineo;Due carreggiate;Asciutto;Asfaltata;Verticale ed orizzontale;Sereno;Normale;Buona;;1;0;0;1;12.5525;41.9056;-1;2;Motociclo a solo;In marcia / fermata / arresto;Conducente;M;Rimandato;0;NON DECEDUTO;Non accertato;
5950749;4;09/05/2022 11:30:00;Strada Urbana;VIA GIUSEPPE VALMARANA;in corrispondenza;;del civico n.;20;;Scontro laterale fra veicoli in marcia;Rettilineo;Una carreggiata a doppio senso;Asciutto;Asfaltata;Assente;Sereno;Normale;Buona;;1;0;0;2;12.516;41.9486;-1;;;;Pedone;M;Rimandato;0;NON DECEDUTO;;
5950749;4;09/05/2022 11:30:00;Strada Urbana;VIA GIUSEPPE VALMARANA;in corrispondenza;;del civico n.;20;;Scontro laterale fra veicoli in marcia;Rettilineo;Una carreggiata a doppio senso;Asciutto;Asfaltata;Assente;Sereno;Normale;Buona;;1;0;0;2;12.516;41.9486;-1;1;Autocarro inferiore 35 q.;In marcia / fermata / arresto;Conducente;M;Illeso;0;;;
5950749;4;09/05/2022 11:30:00;Strada Urbana;VIA GIUSEPPE VALMARANA;in corrispondenza;;del civico n.;20;;Scontro laterale fra veicoli in marcia;Rettilineo;Una carreggiata a doppio senso;Asciutto;Asfaltata;Assente;Sereno;Normale;Buona;;1;0;0;2;12.516;41.9486;-1;2;Autocarro inferiore 35 q.;In marcia / fermata / arresto;Conducente;M;Illeso;0;;;
5950751;4;09/05/2022 11:00:00;Strada Urbana;VIA ANNIBALE MARIA DI FRANCIA;da specificare;;;;pross. via Cortona;Scontro frontale/laterale SX fra veicoli in marcia;Curva senza visuale libera;Una carreggiata a doppio senso;Asciutto;Asfaltata;Verticale ed orizzontale;Sereno;Scarso;Sufficiente;;1;0;0;1;12.5059;41.9724;-1;1;Autovettura privata;In marcia / fermata / arresto;Conducente;M;Illeso;0;;;
5950751;4;09/05/2022 11:00:00;Strada Urbana;VIA ANNIBALE MARIA DI FRANCIA;da specificare;;;;pross. via Cortona;Scontro frontale/laterale SX fra veicoli in marcia;Curva senza visuale libera;Una carreggiata a doppio senso;Asciutto;Asfaltata;Verticale ed orizzontale;Sereno;Scarso;Sufficiente;;1;0;0;1;12.5059;41.9724;-1;2;Autovettura privata;In marcia / fermata / arresto;Conducente;M;Rifiuta cure immediate;0;NON DECEDUTO;;
5950752;4;09/05/2022 16:50:00;Strada Urbana;VIA FRANCESCO COCCO ORTU;in prossimità;;del civico n.;40;;Tamponamento Multiplo;Rettilineo;Una carreggiata a doppio senso;Asciutto;Asfaltata;Verticale ed orizzontale;Sereno;Normale;Buona;;1;0;0;3;12.5224;41.959;-1;1;Autovettura privata;In marcia / fermata / arresto;Conducente;F;Illeso;0;;Non accertato;Inesploso
5950752;4;09/05/2022 16:50:00;Strada Urbana;VIA FRANCESCO COCCO ORTU;in prossimità;;del civico n.;40;;Tamponamento Multiplo;Rettilineo;Una carreggiata a doppio senso;Asciutto;Asfaltata;Verticale ed orizzontale;Sereno;Normale;Buona;;1;0;0;3;12.5224;41.959;-1;1;Autovettura privata;In marcia / fermata / arresto;Passeggero;F;Illeso;0;;Non accertato;Inesploso
5950752;4;09/05/2022 16:50:00;Strada Urbana;VIA FRANCESCO COCCO ORTU;in prossimità;;del civico n.;40;;Tamponamento Multiplo;Rettilineo;Una carreggiata a doppio senso;Asciutto;Asfaltata;Verticale ed orizzontale;Sereno;Normale;Buona;;1;0;0;3;12.5224;41.959;-1;2;Autovettura privata;In marcia / fermata / arresto;Conducente;F;Rimandato;0;NON DECEDUTO;Non accertato;Inesploso
5950752;4;09/05/2022 16:50:00;Strada Urbana;VIA FRANCESCO COCCO ORTU;in prossimità;;del civico n.;40;;Tamponamento Multiplo;Rettilineo;Una carreggiata a doppio senso;Asciutto;Asfaltata;Verticale ed orizzontale;Sereno;Normale;Buona;;1;0;0;3;12.5224;41.959;-1;3;Autovettura privata;In marcia / fermata / arresto;Conducente;F;Illeso;0;;Non accertato;Inesploso
5950758;5;09/05/2022 13:40:00;Strada Urbana;VIA DEL CASALE CAVALLARI;all'intersezione con;VIA GERANO;VIA GERANO;;;Scontro laterale fra veicoli in marcia;Incrocio;Una carreggiata a doppio senso;Asciutto;Asfaltata;Verticale;Sereno;Scarso;Buona;;1;0;0;5;12.5953;41.9309;-1;1;Autocarro inferiore 35 q.;In marcia / fermata / arresto;Conducente;M;Rimandato;0;NON DECEDUTO;Non accertato;
5950758;5;09/05/2022 13:40:00;Strada Urbana;VIA DEL CASALE CAVALLARI;all'intersezione con;VIA GERANO;VIA GERANO;;;Scontro laterale fra veicoli in marcia;Incrocio;Una carreggiata a doppio senso;Asciutto;Asfaltata;Verticale;Sereno;Scarso;Buona;;1;0;0;5;12.5953;41.9309;-1;2;Autovettura privata;In marcia / fermata / arresto;Conducente;M;Illeso;0;;Non accertato;Inesploso
5950758;5;09/05/2022 13:40:00;Strada Urbana;VIA DEL CASALE CAVALLARI;all'intersezione con;VIA GERANO;VIA GERANO;;;Scontro laterale fra veicoli in marcia;Incrocio;Una carreggiata a doppio senso;Asciutto;Asfaltata;Verticale;Sereno;Scarso;Buona;;1;0;0;5;12.5953;41.9309;-1;2;Autovettura privata;In marcia / fermata / arresto;Passeggero;F;Illeso;0;;Non accertato;Inesploso
5950758;5;09/05/2022 13:40:00;Strada Urbana;VIA DEL CASALE CAVALLARI;all'intersezione con;VIA GERANO;VIA GERANO;;;Scontro laterale fra veicoli in marcia;Incrocio;Una carreggiata a doppio senso;Asciutto;Asfaltata;Verticale;Sereno;Scarso;Buona;;1;0;0;5;12.5953;41.9309;-1;2;Autovettura privata;In marcia / fermata / arresto;Passeggero;M;Illeso;0;;Non accertato;Inesploso
5950758;5;09/05/2022 13:40:00;Strada Urbana;VIA DEL CASALE CAVALLARI;all'intersezione con;VIA GERANO;VIA GERANO;;;Scontro laterale fra veicoli in marcia;Incrocio;Una carreggiata a doppio senso;Asciutto;Asfaltata;Verticale;Sereno;Scarso;Buona;;1;0;0;5;12.5953;41.9309;-1;2;Autovettura privata;In marcia / fermata / arresto;Passeggero;F;Illeso;0;;Non accertato;Inesploso
5950780;4;09/05/2022 23:30:00;Strada Urbana;VIA NOMENTANA;da specificare;;;;altezza VIA MASSAUA;Scontro frontale/laterale SX fra veicoli in marcia;Rettilineo;Due carreggiate;Bagnato (pioggia);Asfaltata;Verticale ed orizzontale;Pioggia in atto;Scarso;Sufficiente;;0;0;0;2;12.5737;41.959;-1;1;Veicolo speciale;In marcia / fermata / arresto;Conducente;M;Illeso;0;;Non accertato;
5950780;4;09/05/2022 23:30:00;Strada Urbana;VIA NOMENTANA;da specificare;;;;altezza VIA MASSAUA;Scontro frontale/laterale SX fra veicoli in marcia;Rettilineo;Due carreggiate;Bagnato (pioggia);Asfaltata;Verticale ed orizzontale;Pioggia in atto;Scarso;Sufficiente;;0;0;0;2;12.5737;41.959;-1;2;Autovettura privata;In marcia / fermata / arresto;Conducente;M;Illeso;0;;Non accertato;
5950781;18;09/05/2022 13:30:00;Strada Urbana;VIA LEONE XIII;in prossimità;;del civico n.;358;;Tamponamento;Curva a visuale libera;Una carreggiata a senso unico di marcia;Asciutto;Asfaltata;Verticale ed orizzontale;Sereno;Normale;Buona;;0;0;0;2;12.438;41.8921;-1;1;Autovettura pubblica;In marcia / fermata / arresto;Conducente;M;Illeso;0;;Non accertato;Inesploso
5950781;18;09/05/2022 13:30:00;Strada Urbana;VIA LEONE XIII;in prossimità;;del civico n.;358;;Tamponamento;Curva a visuale libera;Una carreggiata a senso unico di marcia;Asciutto;Asfaltata;Verticale ed orizzontale;Sereno;Normale;Buona;;0;0;0;2;12.438;41.8921;-1;2;Autovettura privata;In marcia / fermata / arresto;Conducente;M;Illeso;0;;Non accertato;Inesploso
5950784;7;09/05/2022 10:45:00;Strada Urbana;VIA DEGLI ACERI;in prossimità;;del civico n.;85;;Tamponamento;Rettilineo;Una carreggiata a senso unico di marcia;Asciutto;Asfaltata;Orizzontale;Sereno;Normale;Buona;;1;0;0;1;12.5675;41.8782;-1;1;Autovettura privata;In marcia / fermata / arresto;Conducente;M;Illeso;0;;Non accertato;Inesploso
5950784;7;09/05/2022 10:45:00;Strada Urbana;VIA DEGLI ACERI;in prossimità;;del civico n.;85;;Tamponamento;Rettilineo;Una carreggiata a senso unico di marcia;Asciutto;Asfaltata;Orizzontale;Sereno;Normale;Buona;;1;0;0;1;12.5675;41.8782;-1;2;Motociclo a solo;In marcia / fermata / arresto;Conducente;M;Rimandato;0;NON DECEDUTO;;
5950784;7;09/05/2022 10:45:00;Strada Urbana;VIA DEGLI ACERI;in prossimità;;del civico n.;85;;Tamponamento;Rettilineo;Una carreggiata a senso unico di marcia;Asciutto;Asfaltata;Orizzontale;Sereno;Normale;Buona;;1;0;0;1;12.5675;41.8782;-1;3;Autovettura privata;Sosta;;;;;;;
5950786;4;09/05/2022 13:00:00;Strada Urbana;PIAZZA CIMONE;da specificare;;;;prossimità via CIMONE;Scontro laterale fra veicoli in marcia;Rettilineo;Una carreggiata a doppio senso;Asciutto;Asfaltata;Verticale ed orizzontale;Sereno;Scarso;Buona;;0;0;0;3;12.5379;41.9319;-1;1;Autovettura privata;In marcia / fermata / arresto;Conducente;M;Illeso;0;;;
5950786;4;09/05/2022 13:00:00;Strada Urbana;PIAZZA CIMONE;da specificare;;;;prossimità via CIMONE;Scontro laterale fra veicoli in marcia;Rettilineo;Una carreggiata a doppio senso;Asciutto;Asfaltata;Verticale ed orizzontale;Sereno;Scarso;Buona;;0;0;0;3;12.5379;41.9319;-1;2;Autocarro inferiore 35 q.;In marcia / fermata / arresto;Conducente;M;Illeso;0;;;
5950786;4;09/05/2022 13:00:00;Strada Urbana;PIAZZA CIMONE;da specificare;;;;prossimità via CIMONE;Scontro laterale fra veicoli in marcia;Rettilineo;Una carreggiata a doppio senso;Asciutto;Asfaltata;Verticale ed orizzontale;Sereno;Scarso;Buona;;0;0;0;3;12.5379;41.9319;-1;2;Autocarro inferiore 35 q.;In marcia / fermata / arresto;Passeggero;F;Illeso;0;;;
5950788;17;07/05/2022 22:50:00;Strada Urbana;VIA DUILIO;all'intersezione con;VIA DEGLI SCIPIONI;VIA DEGLI SCIPIONI;;;Scontro frontale/laterale SX fra veicoli in marcia;Incrocio;Una carreggiata a senso unico di marcia;Asciutto;Asfaltata;Verticale ed orizzontale;Sereno;Scarso;Sufficiente;;0;0;0;8;12.4642;41.9101;-1;1;Autovettura privata;In marcia / fermata / arresto;Conducente;M;Illeso;0;;;