Protocollo;Gruppo;DataOraIncidente;Localizzazione1;STRADA1;Localizzazione2;STRADA2;Strada02;Chilometrica;DaSpecificare;NaturaIncidente;particolaritastrade;TipoStrada;FondoStradale;Pavimentazione;Segnaletica;CondizioneAtmosferica;Traffico;Visibilita;Illuminazione;NUM_FERITI;NUM_RISERVATA;NUM_MORTI;NUM_ILLESI;Longitude;Latitude;Confermato;Progressivo;TipoVeicolo;StatoVeicolo;TipoPersona;Sesso;Tipolesione;Deceduto;DecedutoDopo;CinturaCascoUtilizzato;Airbag;
5952491;19;10/05/2022 18:20:00;Strada Urbana;VIA TRIONFALE;in corrispondenza;;del civico n.;10874;;Scontro frontale/laterale SX fra veicoli in marcia;Rettilineo;Una carreggiata a doppio senso;Asciutto;Asfaltata;Orizzontale;Sereno;Intenso;Buona;;1;0;0;1;12.4125;41.9568;-1;1;Motociclo a solo;In marcia / fermata / arresto;Conducente;M;Illeso;0;;Non accertato;
5952491;19;10/05/2022 18:20:00;Strada Urbana;VIA TRIONFALE;in corrispondenza;;del civico n.;10874;;Scontro frontale/laterale SX fra veicoli in marcia;Rettilineo;Una carreggiata a doppio senso;Asciutto;Asfaltata;Orizzontale;Sereno;Intenso;Buona;;1;0;0;1;12.4125;41.9568;-1;2;Motociclo a solo;In marcia / fermata / arresto;Conducente;F;Rimandato;0;NON DECEDUTO;Non accertato;
5952526;9;10/05/2022 14:35:00;Strada Urbana;PIAZZA PAOLO DIACONO;in corrispondenza;;del civico n.;48;;Veicolo in marcia contro veicolo in sosta;Rettilineo;Una carreggiata a doppio senso;Asciutto;Asfaltata;Verticale;Nebbia;Scarso;Buona;;0;0;0;1;12.5163;41.8698;-1;1;Veicolo speciale;In marcia / fermata / arresto;Conducente;M;Illeso;0;;Non accertato;Inesploso
5952526;9;10/05/2022 14:35:00;Strada Urbana;PIAZZA PAOLO DIACONO;in corrispondenza;;del civico n.;48;;Veicolo in marcia contro veicolo in sosta;Rettilineo;Una carreggiata a doppio senso;Asciutto;Asfaltata;Verticale;Nebbia;Scarso;Buona;;0;0;0;1;12.5163;41.8698;-1;2;Motociclo a solo;Sosta;;;;;;;
5952536;7;10/05/2022 12:30:00;Strada Urbana;VIA PRENESTINA BIS;da specificare;;;;enzo ferrari rotatoria;Scontro laterale fra veicoli in marcia;Rotatoria;Una carreggiata a senso unico di marcia;Asciutto;Asfaltata;Verticale ed orizzontale;Sereno;Normale;Buona;;0;0;0;2;12.6038;41.8879;-1;1;Autovettura con rimorchio;In marcia / fermata / arresto;Conducente;M;Illeso;0;;;
5952536;7;10/05/2022 12:30:00;Strada Urbana;VIA PRENESTINA BIS;da specificare;;;;enzo ferrari rotatoria;Scontro laterale fra veicoli in marcia;Rotatoria;Una carreggiata a senso unico di marcia;Asciutto;Asfaltata;Verticale ed orizzontale;Sereno;Normale;Buona;;0;0;0;2;12.6038;41.8879;-1;2;Autovettura privata;In marcia / fermata / arresto;Conducente;F;Illeso;0;;;
5952543;13;10/05/2022 07:30:00;Provinciale entro l'abitato;VIALE DEI ROMAGNOLI;all'intersezione con;VIALE FRA' ANDREA DI GIOVANNI;VIALE FRA' ANDREA DI GIOVANNI;;;Tamponamento;Incrocio;Una carreggiata a doppio senso;Asciutto;Asfaltata;Verticale ed orizzontale;Sereno;Intenso;Buona;;0;0;0;4;12.3464;41.7783;-1;1;Autovettura privata;In marcia / fermata / arresto;Conducente;M;Illeso;0;;Non accertato;Inesploso
5952543;13;10/05/2022 07:30:00;Provinciale entro l'abitato;VIALE DEI ROMAGNOLI;all'intersezione con;VIALE FRA' ANDREA DI GIOVANNI;VIALE FRA' ANDREA DI GIOVANNI;;;Tamponamento;Incrocio;Una carreggiata a doppio senso;Asciutto;Asfaltata;Verticale ed orizzontale;Sereno;Intenso;Buona;;0;0;0;4;12.3464;41.7783;-1;2;Autovettura privata;In marcia / fermata / arresto;Conducente;M;Illeso;0;;Non accertato;Inesploso
5952543;13;10/05/2022 07:30:00;Provinciale entro l'abitato;VIALE DEI ROMAGNOLI;all'intersezione con;VIALE FRA' ANDREA DI GIOVANNI;VIALE FRA' ANDREA DI GIOVANNI;;;Tamponamento;Incrocio;Una carreggiata a doppio senso;Asciutto;Asfaltata;Verticale ed orizzontale;Sereno;Intenso;Buona;;0;0;0;4;12.3464;41.7783;-1;2;Autovettura privata;In marcia / fermata / arresto;Passeggero;F;Illeso;0;;Non accertato;Inesploso
5952543;13;10/05/2022 07:30:00;Provinciale entro l'abitato;VIALE DEI ROMAGNOLI;all'intersezione con;VIALE FRA' ANDREA DI GIOVANNI;VIALE FRA' ANDREA DI GIOVANNI;;;Tamponamento;Incrocio;Una carreggiata a doppio senso;Asciutto;Asfaltata;Verticale ed orizzontale;Sereno;Intenso;Buona;;0;0;0;4;12.3464;41.7783;-1;2;Autovettura privata;In marcia / fermata / arresto;Passeggero;M;Illeso;0;;Non accertato;Inesploso
5952555;1;10/05/2022 18:00:00;Strada Urbana;VIA DI PORTA S. LORENZO;in prossimità;;del civico n.;109;;Scontro laterale fra veicoli in marcia;Rettilineo;Una carreggiata a senso unico di marcia;Asciutto;Asfaltata;Verticale ed orizzontale;Sereno;Normale;Buona;;0;0;0;2;12.5105;41.897;-1;1;Autovettura privata;In marcia / fermata / arresto;Conducente;F;Illeso;0;;Non accertato;Inesploso
5952555;1;10/05/2022 18:00:00;Strada Urbana;VIA DI PORTA S. LORENZO;in prossimità;;del civico n.;109;;Scontro laterale fra veicoli in marcia;Rettilineo;Una carreggiata a senso unico di marcia;Asciutto;Asfaltata;Verticale ed orizzontale;Sereno;Normale;Buona;;0;0;0;2;12.5105;41.897;-1;2;Motociclo a solo;In marcia / fermata / arresto;Conducente;F;Illeso;0;;Non accertato;
5952560;1;10/05/2022 17:15:00;Strada Urbana;VIA NAZIONALE;in corrispondenza;;del civico n.;85;;Tamponamento;Rettilineo;Una carreggiata a senso unico di marcia;Asciutto;In cubetti di porfido;Verticale ed orizzontale;Sereno;Normale;Buona;;1;0;0;1;12.4905;41.8989;-1;1;Autovettura privata;In marcia / fermata / arresto;Conducente;M;Illeso;0;;Non accertato;Inesploso
5952560;1;10/05/2022 17:15:00;Strada Urbana;VIA NAZIONALE;in corrispondenza;;del civico n.;85;;Tamponamento;Rettilineo;Una carreggiata a senso unico di marcia;Asciutto;In cubetti di porfido;Verticale ed orizzontale;Sereno;Normale;Buona;;1;0;0;1;12.4905;41.8989;-1;2;Motociclo a solo;In marcia / fermata / arresto;Conducente;M;Rifiuta cure immediate;0;NON DECEDUTO;;
5952565;4;10/05/2022 16:00:00;Strada Urbana;VIA VAL DI SANGRO;da specificare;;;;fronte civico 52;Veicolo in marcia contro veicolo in sosta;Rettilineo;Una carreggiata a doppio senso;Asciutto;Asfaltata;Verticale ed orizzontale;Sereno;Normale;Buona;;0;0;0;1;12.5219;41.9446;-1;1;Autovettura privata;Sosta;;;;;;;
5952565;4;10/05/2022 16:00:00;Strada Urbana;VIA VAL DI SANGRO;da specificare;;;;fronte civico 52;Veicolo in marcia contro veicolo in sosta;Rettilineo;Una carreggiata a doppio senso;Asciutto;Asfaltata;Verticale ed orizzontale;Sereno;Normale;Buona;;0;0;0;1;12.5219;41.9446;-1;2;Autovettura privata;In marcia / fermata / arresto;Conducente;M;Illeso;0;;Non accertato;
5952567;19;10/05/2022 09:00:00;Strada Urbana;VIA DEI BRUNO;all'intersezione con;VIA FERRANTE RUIZ;VIA FERRANTE RUIZ;;;Investimento di pedone;Incrocio;Una carreggiata a senso unico di marcia;Asciutto;Asfaltata;Assente;Sereno;Scarso;Sufficiente;;1;0;0;0;12.4136;41.9289;-1;;;;Pedone;F;Rimandato;0;NON DECEDUTO;;
5952567;19;10/05/2022 09:00:00;Strada Urbana;VIA DEI BRUNO;all'intersezione con;VIA FERRANTE RUIZ;VIA FERRANTE RUIZ;;;Investimento di pedone;Incrocio;Una carreggiata a senso unico di marcia;Asciutto;Asfaltata;Assente;Sereno;Scarso;Sufficiente;;1;0;0;0;12.4136;41.9289;-1;1;Motociclo con passeggero;In marcia / fermata / arresto;;;;;;;
5952568;4;10/05/2022 19:20:00;Strada Urbana;VIA CONCA D'ORO;all'intersezione con;VIA VAL SANTERNO;VIA VAL SANTERNO;;;Scontro frontale/laterale SX fra veicoli in marcia;Incrocio;Una carreggiata a senso unico di marcia;Asciutto;Asfaltata;Assente;Nuvoloso;Normale;Buona;;0;0;0;3;12.5247;41.9403;-1;1;Autocarro inferiore 35 q.;In marcia / fermata / arresto;Conducente;M;Illeso;0;;Non accertato;Inesploso
5952568;4;10/05/2022 19:20:00;Strada Urbana;VIA CONCA D'ORO;all'intersezione con;VIA VAL SANTERNO;VIA VAL SANTERNO;;;Scontro frontale/laterale SX fra veicoli in marcia;Incrocio;Una carreggiata a senso unico di marcia;Asciutto;Asfaltata;Assente;Nuvoloso;Normale;Buona;;0;0;0;3;12.5247;41.9403;-1;1;Autocarro inferiore 35 q.;In marcia / fermata / arresto;Passeggero;M;Illeso;0;;Non accertato;Inesploso
5952568;4;10/05/2022 19:20:00;Strada Urbana;VIA CONCA D'ORO;all'intersezione con;VIA VAL SANTERNO;VIA VAL SANTERNO;;;Scontro frontale/laterale SX fra veicoli in marcia;Incrocio;Una carreggiata a senso unico di marcia;Asciutto;Asfaltata;Assente;Nuvoloso;Normale;Buona;;0;0;0;3;12.5247;41.9403;-1;2;Autovettura privata;In marcia / fermata / arresto;Conducente;F;Illeso;0;;Non accertato;Inesploso
5952572;12;10/05/2022 17:55:00;Statale;VIA PONTINA;da specificare;;;;km 12600 direzione Latina;Tamponamento Multiplo;Rettilineo;Due carreggiate;Asciutto;Asfaltata;Verticale ed orizzontale;Nuvoloso;Intenso;Buona;;0;0;0;3;12.4522;41.7938;-1;1;Autovettura privata;In marcia / fermata / arresto;Conducente;F;Illeso;0;;;
5952572;12;10/05/2022 17:55:00;Statale;VIA PONTINA;da specificare;;;;km 12600 direzione Latina;Tamponamento Multiplo;Rettilineo;Due carreggiate;Asciutto;Asfaltata;Verticale ed orizzontale;Nuvoloso;Intenso;Buona;;0;0;0;3;12.4522;41.7938;-1;2;Autovettura privata;In marcia / fermata / arresto;Conducente;M;Illeso;0;;;
5952572;12;10/05/2022 17:55:00;Statale;VIA PONTINA;da specificare;;;;km 12600 direzione Latina;Tamponamento Multiplo;Rettilineo;Due carreggiate;Asciutto;Asfaltata;Verticale ed orizzontale;Nuvoloso;Intenso;Buona;;0;0;0;3;12.4522;41.7938;-1;3;Autovettura privata;In marcia / fermata / arresto;Conducente;M;Illeso;0;;;
5952609;17;10/05/2022 13:20:00;Strada Urbana;VIA DEGLI SCIPIONI;all'intersezione con;VIA VESPASIANO;VIA VESPASIANO;;;Investimento di pedone;Intersezione stradale segnalata;Una carreggiata a senso unico di marcia;Asciutto;Asfaltata;Verticale ed orizzontale;Sereno;Normale;Buona;;1;0;0;1;12.463;41.9098;-1;;;;Pedone;M;Rimandato;0;NON DECEDUTO;;
5952609;17;10/05/2022 13:20:00;Strada Urbana;VIA DEGLI SCIPIONI;all'intersezione con;VIA VESPASIANO;VIA VESPASIANO;;;Investimento di pedone;Intersezione stradale segnalata;Una carreggiata a senso unico di marcia;Asciutto;Asfaltata;Verticale ed orizzontale;Sereno;Normale;Buona;;1;0;0;1;12.463;41.9098;-1;1;Autovettura privata;In marcia / fermata / arresto;Conducente;F;Illeso;0;;;
5952613;19;10/05/2022 07:50:00;Strada Urbana;VIA BERNARDO DA BIBBIENA;all'intersezione con;VIA PIETRO BEMBO;VIA PIETRO BEMBO;;;Tamponamento;Intersezione semaforizzata;Una carreggiata a senso unico di marcia;Asciutto;Asfaltata;Verticale ed orizzontale;Sereno;Normale;Buona;;2;0;0;1;12.411;41.9166;-1;1;Autovettura privata;In marcia / fermata / arresto;Conducente;M;Illeso;0;;Non accertato;Inesploso
5952613;19;10/05/2022 07:50:00;Strada Urbana;VIA BERNARDO DA BIBBIENA;all'intersezione con;VIA PIETRO BEMBO;VIA PIETRO BEMBO;;;Tamponamento;Intersezione semaforizzata;Una carreggiata a senso unico di marcia;Asciutto;Asfaltata;Verticale ed orizzontale;Sereno;Normale;Buona;;2;0;0;1;12.411;41.9166;-1;2;Ciclomotore con passeggero;In marcia / fermata / arresto;Conducente;M;Rimandato;0;NON DECEDUTO;Non accertato;
5952613;19;10/05/2022 07:50:00;Strada Urbana;VIA BERNARDO DA BIBBIENA;all'intersezione con;VIA PIETRO BEMBO;VIA PIETRO BEMBO;;;Tamponamento;Intersezione semaforizzata;Una carreggiata a senso unico di marcia;Asciutto;Asfaltata;Verticale ed orizzontale;Sereno;Normale;Buona;;2;0;0;1;12.411;41.9166;-1;2;Ciclomotore con passeggero;In marcia / fermata / arresto;Passeggero;F;Rimandato;0;NON DECEDUTO;Non accertato;
5952644;19;10/05/2022 10:15:00;Strada Urbana;VIA FRANCESCO MARIA TORRIGIO;in corrispondenza;;del civico n.;58;;Scontro frontale/laterale DX fra veicoli in marcia;Curva a visuale libera;Una carreggiata a senso unico di marcia;Asciutto;Asfaltata;Assente;Sereno;Scarso;Buona;;0;0;0;2;12.4151;41.9104;-1;1;Autovettura privata;In marcia / fermata / arresto;Conducente;M;Illeso;0;;Non accertato;Esploso
5952644;19;10/05/2022 10:15:00;Strada Urbana;VIA FRANCESCO MARIA TORRIGIO;in corrispondenza;;del civico n.;58;;Scontro frontale/laterale DX fra veicoli in marcia;Curva a visuale libera;Una carreggiata a senso unico di marcia;Asciutto;Asfaltata;Assente;Sereno;Scarso;Buona;;0;0;0;2;12.4151;41.9104;-1;2;Autovettura privata;In marcia / fermata / arresto;Conducente;M;Illeso;0;;Non accertato;Inesploso
5952645;20;10/05/2022 18:00:00;Altra strada;VIA VEIENTANA NUOVA;da specificare;;;;rampa da GRA carr. int. direz. Cassia Veientana ;Tamponamento Multiplo;Rettilineo;Una carreggiata a senso unico di marcia;Asciutto;Asfaltata;Verticale ed orizzontale;Sereno;Normale;Buona;;0;0;0;5;12.4318;42.0271;-1;1;Autovettura privata;In marcia / fermata / arresto;Conducente;M;Illeso;0;;Non accertato;Inesploso
5952645;20;10/05/2022 18:00:00;Altra strada;VIA VEIENTANA NUOVA;da specificare;;;;rampa da GRA carr. int. direz. Cassia Veientana ;Tamponamento Multiplo;Rettilineo;Una carreggiata a senso unico di marcia;Asciutto;Asfaltata;Verticale ed orizzontale;Sereno;Normale;Buona;;0;0;0;5;12.4318;42.0271;-1;2;Autovettura privata;In marcia / fermata / arresto;Conducente;M;Illeso;0;;;
5952645;20;10/05/2022 18:00:00;Altra strada;VIA VEIENTANA NUOVA;da specificare;;;;rampa da GRA carr. int. direz. Cassia Veientana ;Tamponamento Multiplo;Rettilineo;Una carreggiata a senso unico di marcia;Asciutto;Asfaltata;Verticale ed orizzontale;Sereno;Normale;Buona;;0;0;0;5;12.4318;42.0271;-1;3;Autovettura privata;In marcia / fermata / arresto;Conducente;M;Illeso;0;;Non accertato;Inesploso
5952645;20;10/05/2022 18:00:00;Altra strada;VIA VEIENTANA NUOVA;da specificare;;;;rampa da GRA carr. int. direz. Cassia Veientana ;Tamponamento Multiplo;Rettilineo;Una carreggiata a senso unico di marcia;Asciutto;Asfaltata;Verticale ed orizzontale;Sereno;Normale;Buona;;0;0;0;5;12.4318;42.0271;-1;3;Autovettura privata;In marcia / fermata / arresto;Passeggero;M;Illeso;0;;Non accertato;Inesploso
5952656;4;10/05/2022 06:40:00;Strada Urbana;VIA DELLE ISOLE CURZOLANE;all'intersezione semaforizzata con;VIA CAPRAIA;VIA CAPRAIA;;;Tamponamento;Intersezione semaforizzata;Due carreggiate;Bagnato (umidità in atto);Asfaltata;Verticale ed orizzontale;Sereno;Normale;Buona;;0;0;0;3;12.532;41.9488;-1;1;Autovettura privata;In marcia / fermata / arresto;Conducente;M;Illeso;0;;;
5952656;4;10/05/2022 06:40:00;Strada Urbana;VIA DELLE ISOLE CURZOLANE;all'intersezione semaforizzata con;VIA CAPRAIA;VIA CAPRAIA;;;Tamponamento;Intersezione semaforizzata;Due carreggiate;Bagnato (umidità in atto);Asfaltata;Verticale ed orizzontale;Sereno;Normale;Buona;;0;0;0;3;12.532;41.9488;-1;2;Autovettura privata;In marcia / fermata / arresto;Conducente;M;Illeso;0;;;
5952656;4;10/05/2022 06:40:00;Strada Urbana;VIA DELLE ISOLE CURZOLANE;all'intersezione semaforizzata con;VIA CAPRAIA;VIA CAPRAIA;;;Tamponamento;Intersezione semaforizzata;Due carreggiate;Bagnato (umidità in atto);Asfaltata;Verticale ed orizzontale;Sereno;Normale;Buona;;0;0;0;3;12.532;41.9488;-1;2;Autovettura privata;In marcia / fermata / arresto;Passeggero;F;Illeso;0;;;
5952661;13;10/05/2022 09:50:00;Provinciale entro l'abitato;VIA DEL MARE;in corrispondenza;;della chilometrica;17.1;;Tamponamento Multiplo;Rettilineo;Una carreggiata a doppio senso;Asciutto;Asfaltata;Verticale ed orizzontale;Sereno;Normale;Buona;;0;0;0;6;12.4632;41.8403;-1;1;Autovettura privata;In marcia / fermata / arresto;Conducente;M;Illeso;0;;Non accertato;Inesploso
5952661;13;10/05/2022 09:50:00;Provinciale entro l'abitato;VIA DEL MARE;in corrispondenza;;della chilometrica;17.1;;Tamponamento Multiplo;Rettilineo;Una carreggiata a doppio senso;Asciutto;Asfaltata;Verticale ed orizzontale;Sereno;Normale;Buona;;0;0;0;6;12.4632;41.8403;-1;2;Autovettura privata;In marcia / fermata / arresto;Conducente;M;Illeso;0;;Non accertato;Inesploso
5952661;13;10/05/2022 09:50:00;Provinciale entro l'abitato;VIA DEL MARE;in corrispondenza;;della chilometrica;17.1;;Tamponamento Multiplo;Rettilineo;Una carreggiata a doppio senso;Asciutto;Asfaltata;Verticale ed orizzontale;Sereno;Normale;Buona;;0;0;0;6;12.4632;41.8403;-1;2;Autovettura privata;In marcia / fermata / arresto;Passeggero;F;Illeso;0;;Non accertato;Inesploso
5952661;13;10/05/2022 09:50:00;Provinciale entro l'abitato;VIA DEL MARE;in corrispondenza;;della chilometrica;17.1;;Tamponamento Multiplo;Rettilineo;Una carreggiata a doppio senso;Asciutto;Asfaltata;Verticale ed orizzontale;Sereno;Normale;Buona;;0;0;0;6;12.4632;41.8403;-1;3;Autovettura privata;In marcia / fermata / arresto;Conducente;M;Illeso;0;;Non accertato;Inesploso
5952661;13;10/05/2022 09:50:00;Provinciale entro l'abitato;VIA DEL MARE;in corrispondenza;;della chilometrica;17.1;;Tamponamento Multiplo;Rettilineo;Una carreggiata a doppio senso;Asciutto;Asfaltata;Verticale ed orizzontale;Sereno;Normale;Buona;;0;0;0;6;12.4632;41.8403;-1;4;Autovettura privata;In marcia / fermata / arresto;Conducente;M;Illeso;0;;Non accertato;Inesploso
5952661;13;10/05/2022 09:50:00;Provinciale entro l'abitato;VIA DEL MARE;in corrispondenza;;della chilometrica;17.1;;Tamponamento Multiplo;Rettilineo;Una carreggiata a doppio senso;Asciutto;Asfaltata;Verticale ed orizzontale;Sereno;Normale;Buona;;0;0;0;6;12.4632;41.8403;-1;4;Autovettura privata;In marcia / fermata / arresto;Passeggero;F;Illeso;0;;Non accertato;
5952711;4;10/05/2022 17:00:00;Strada Urbana;VIA VAGLIA;all'intersezione con;VIA CINIGIANO;VIA CINIGIANO;;;Scontro frontale/laterale DX fra veicoli in marcia;Incrocio;Una carreggiata a doppio senso;Asciutto;Asfaltata;Verticale ed orizzontale;Sereno;Normale;Buona;;0;0;0;2;12.5147;41.95;-1;1;Autovettura privata;In marcia / fermata / arresto;Conducente;M;Illeso;0;;Non accertato;Esploso
5952711;4;10/05/2022 17:00:00;Strada Urbana;VIA VAGLIA;all'intersezione con;VIA CINIGIANO;VIA CINIGIANO;;;Scontro frontale/laterale DX fra veicoli in marcia;Incrocio;Una carreggiata a doppio senso;Asciutto;Asfaltata;Verticale ed orizzontale;Sereno;Normale;Buona;;0;0;0;2;12.5147;41.95;-1;2;Autovettura privata;In marcia / fermata / arresto;Conducente;F;Illeso;0;;Non accertato;Inesploso
5952716;2;10/05/2022 08:40:00;Strada Urbana;VIA RUGGERO FAURO;in prossimità;;del civico n.;62/A;;Veicolo in marcia contro veicolo in sosta;Rettilineo;Una carreggiata a senso unico di marcia;Asciutto;Asfaltata;Verticale ed orizzontale;Sereno;Normale;Buona;;0;0;0;1;12.488;41.9277;-1;1;Autovettura privata;In marcia / fermata / arresto;Conducente;F;Illeso;0;;Non accertato;Inesploso
5952716;2;10/05/2022 08:40:00;Strada Urbana;VIA RUGGERO FAURO;in prossimità;;del civico n.;62/A;;Veicolo in marcia contro veicolo in sosta;Rettilineo;Una carreggiata a senso unico di marcia;Asciutto;Asfaltata;Verticale ed orizzontale;Sereno;Normale;Buona;;0;0;0;1;12.488;41.9277;-1;2;Autovettura privata;Sosta;;;;;;;
5952722;18;10/05/2022 08:15:00;Strada Urbana;VIA DELLA MAGLIANELLA;all'intersezione con;VIA SUOR MARIA AGOSTINA;VIA SUOR MARIA AGOSTINA;;;Scontro frontale/laterale DX fra veicoli in marcia;Intersezione stradale segnalata;Una carreggiata a doppio senso;Asciutto;Asfaltata;Verticale ed orizzontale;Sereno;Normale;Buona;;0;0;0;2;12.3791;41.9018;-1;1;Autovettura privata;In marcia / fermata / arresto;Conducente;F;Illeso;0;;Non accertato;Inesploso
5952722;18;10/05/2022 08:15:00;Strada Urbana;VIA DELLA MAGLIANELLA;all'intersezione con;VIA SUOR MARIA AGOSTINA;VIA SUOR MARIA AGOSTINA;;;Scontro frontale/laterale DX fra veicoli in marcia;Intersezione stradale segnalata;Una carreggiata a doppio senso;Asciutto;Asfaltata;Verticale ed orizzontale;Sereno;Normale;Buona;;0;0;0;2;12.3791;41.9018;-1;2;Autovettura privata;In marcia / fermata / arresto;Conducente;M;Illeso;0;;Non accertato;Inesploso
5952726;7;11/05/2022 08:55:00;Strada Urbana;VIA DELLE ROBINIE;all'intersezione con;VIA DEI LAURI;VIA DEI LAURI;;;Scontro laterale fra veicoli in marcia;Incrocio;Due carreggiate;Asciutto;Asfaltata;Verticale ed orizzontale;Sereno;Normale;Buona;;0;0;0;2;12.5641;41.8828;-1;1;Autovettura privata;In marcia / fermata / arresto;Conducente;F;Illeso;0;;;
5952726;7;11/05/2022 08:55:00;Strada Urbana;VIA DELLE ROBINIE;all'intersezione con;VIA DEI LAURI;VIA DEI LAURI;;;Scontro laterale fra veicoli in marcia;Incrocio;Due carreggiate;Asciutto;Asfaltata;Verticale ed orizzontale;Sereno;Normale;Buona;;0;0;0;2;12.5641;41.8828;-1;2;Autocarro inferiore 35 q.;In marcia / fermata / arresto;Conducente;M;Illeso;0;;;
5952732;2;10/05/2022 16:15:00;Strada Urbana;VIA PO;in prossimità;;del civico n.;16;;Ribaltamento senza urto contro ostacolo fisso;Rettilineo;Una carreggiata a doppio senso;Asciutto;Asfaltata;Verticale ed orizzontale;Sereno;Normale;Buona;;0;0;0;2;12.4939;41.9129;-1;1;Autovettura privata;In marcia / fermata / arresto;Conducente;F;Illeso;0;;Non accertato;Inesploso
5952732;2;10/05/2022 16:15:00;Strada Urbana;VIA PO;in prossimità;;del civico n.;16;;Ribaltamento senza urto contro ostacolo fisso;Rettilineo;Una carreggiata a doppio senso;Asciutto;Asfaltata;Verticale ed orizzontale;Sereno;Normale;Buona;;0;0;0;2;12.4939;41.9129;-1;2;Motociclo a solo;In marcia / fermata / arresto;Conducente;M;Illeso;0;;Non accertato;
5952742;18;10/05/2022 12:20:00;Statale entro l'abitato;VIA AURELIA;in corrispondenza;;del civico n.;790;;Tamponamento Multiplo;Rettilineo;Più di due carreggiate;Asciutto;Asfaltata;Verticale ed orizzontale;Sereno;Intenso;Buona;;3;0;0;2;12.4094;41.8896;-1;1;Autovettura privata;In marcia / fermata / arresto;Conducente;M;Rimandato;0;NON DECEDUTO;Non accertato;Esploso
5952742;18;10/05/2022 12:20:00;Statale entro l'abitato;VIA AURELIA;in corrispondenza;;del civico n.;790;;Tamponamento Multiplo;Rettilineo;Più di due carreggiate;Asciutto;Asfaltata;Verticale ed orizzontale;Sereno;Intenso;Buona;;3;0;0;2;12.4094;41.8896;-1;2;Autovettura privata;In marcia / fermata / arresto;Conducente;M;Rifiuta cure immediate;0;NON DECEDUTO;Non accertato;Inesploso
5952742;18;10/05/2022 12:20:00;Statale entro l'abitato;VIA AURELIA;in corrispondenza;;del civico n.;790;;Tamponamento Multiplo;Rettilineo;Più di due carreggiate;Asciutto;Asfaltata;Verticale ed orizzontale;Sereno;Intenso;Buona;;3;0;0;2;12.4094;41.8896;-1;2;Autovettura privata;In marcia / fermata / arresto;Passeggero;M;Rimandato;0;NON DECEDUTO;;
5952742;18;10/05/2022 12:20:00;Statale entro l'abitato;VIA AURELIA;in corrispondenza;;del civico n.;790;;Tamponamento Multiplo;Rettilineo;Più di due carreggiate;Asciutto;Asfaltata;Verticale ed orizzontale;Sereno;Intenso;Buona;;3;0;0;2;12.4094;41.8896;-1;3;Autovettura privata;In marcia / fermata / arresto;Conducente;M;Illeso;0;;Non accertato;Inesploso
5952742;18;10/05/2022 12:20:00;Statale entro l'abitato;VIA AURELIA;in corrispondenza;;del civico n.;790;;Tamponamento Multiplo;Rettilineo;Più di due carreggiate;Asciutto;Asfaltata;Verticale ed orizzontale;Sereno;Intenso;Buona;;3;0;0;2;12.4094;41.8896;-1;3;Autovettura privata;In marcia / fermata / arresto;Passeggero;F;Illeso;0;;;
5952765;2;10/05/2022 12:50:00;Strada Urbana;VIA DOMENICO CHELINI;in prossimità;;del civico n.;9;;Scontro frontale/laterale DX fra veicoli in marcia;Rettilineo;Una carreggiata a doppio senso;Asciutto;Asfaltata;Verticale ed orizzontale;Sereno;Scarso;Buona;;0;0;0;2;12.4826;41.9255;-1;1;Motociclo a solo;In marcia / fermata / arresto;Conducente;M;Illeso;0;;Non accertato;
5952765;2;10/05/2022 12:50:00;Strada Urbana;VIA DOMENICO CHELINI;in prossimità;;del civico n.;9;;Scontro frontale/laterale DX fra veicoli in marcia;Rettilineo;Una carreggiata a doppio senso;Asciutto;Asfaltata;Verticale ed orizzontale;Sereno;Scarso;Buona;;0;0;0;2;12.4826;41.9255;-1;2;Autovettura privata;In marcia / fermata / arresto;Conducente;M;Illeso;0;;Non accertato;Inesploso
5952768;15;10/05/2022 17:00:00;Strada Urbana;VIA ODERISI DA GUBBIO;all'intersezione con;VIA FRANCESCO GRIMALDI;VIA FRANCESCO GRIMALDI;;;Scontro frontale/laterale DX fra veicoli in marcia;Intersezione semaforizzata;Una carreggiata a doppio senso;Asciutto;Asfaltata;Verticale ed orizzontale;Sereno;Normale;Buona;;0;0;0;2;12.4653;41.8654;-1;1;Autovettura privata;In marcia / fermata / arresto;Conducente;M;Illeso;0;;Non accertato;Inesploso
5952768;15;10/05/2022 17:00:00;Strada Urbana;VIA ODERISI DA GUBBIO;all'intersezione con;VIA FRANCESCO GRIMALDI;VIA FRANCESCO GRIMALDI;;;Scontro frontale/laterale DX fra veicoli in marcia;Intersezione semaforizzata;Una carreggiata a doppio senso;Asciutto;Asfaltata;Verticale ed orizzontale;Sereno;Normale;Buona;;0;0;0;2;12.4653;41.8654;-1;2;Quadriciclo leggero;In marcia / fermata / arresto;Conducente;M;Illeso;0;;Non accertato;Inesploso
5952775;17;11/05/2022 01:00:00;Strada Urbana;VIA FILIPPO CORRIDONI;in prossimità;;del civico n.;25;;Veicolo in marcia contro veicolo in sosta;Rettilineo;Due carreggiate;Asciutto;Asfaltata;Verticale ed orizzontale;Sereno;Scarso;Buona;;0;0;0;3;12.46;41.9215;0;1;Autovettura privata;In marcia / fermata / arresto;Conducente;F;Illeso;0;;;