Protocollo;Gruppo;DataOraIncidente;Localizzazione1;STRADA1;Localizzazione2;STRADA2;Strada02;Chilometrica;DaSpecificare;NaturaIncidente;particolaritastrade;TipoStrada;FondoStradale;Pavimentazione;Segnaletica;CondizioneAtmosferica;Traffico;Visibilita;Illuminazione;NUM_FERITI;NUM_RISERVATA;NUM_MORTI;NUM_ILLESI;Longitude;Latitude;Confermato;Progressivo;TipoVeicolo;StatoVeicolo;TipoPersona;Sesso;Tipolesione;Deceduto;DecedutoDopo;CinturaCascoUtilizzato;Airbag;
5955108;17;11/05/2022 16:40:00;Strada Urbana;VIALE DEI CAVALIERI DI VITTORIO VENETO;in prossimità;;del palo luce n.;11;;Veicolo in marcia contro ostacolo fisso;Curva senza visuale libera;Due carreggiate;Asciutto;Asfaltata;Verticale ed orizzontale;Sereno;Normale;Buona;;0;0;0;1;12.4503;41.9207;0;1;Autovettura privata;In marcia / fermata / arresto;Conducente;M;Illeso;0;;;
5955131;12;12/05/2022 07:00:00;Strada Urbana;VIA DARWIN;in corrispondenza;;del palo luce n.;3;;Ribaltamento senza urto contro ostacolo fisso;Rettilineo;Una carreggiata a doppio senso;Asciutto;Asfaltata;Assente;Sereno;Scarso;Buona;;0;0;0;1;12.5037;41.7757;-1;1;Autovettura privata;In marcia / fermata / arresto;Conducente;M;Illeso;0;;;
5955132;12;12/05/2022 09:40:00;Strada Urbana;VIA LAURENTINA;da specificare;;;;direzione Roma Centro alt. 749;Veicolo in marcia contro ostacolo fisso;Curva a visuale libera;Due carreggiate;Asciutto;Asfaltata;Verticale ed orizzontale;Sereno;Normale;Buona;;0;0;0;2;12.4856;41.8103;-1;1;Autovettura privata;In marcia / fermata / arresto;Conducente;M;Illeso;0;;Non accertato;Inesploso
5955132;12;12/05/2022 09:40:00;Strada Urbana;VIA LAURENTINA;da specificare;;;;direzione Roma Centro alt. 749;Veicolo in marcia contro ostacolo fisso;Curva a visuale libera;Due carreggiate;Asciutto;Asfaltata;Verticale ed orizzontale;Sereno;Normale;Buona;;0;0;0;2;12.4856;41.8103;-1;1;Autovettura privata;In marcia / fermata / arresto;Passeggero;F;Illeso;0;;Non accertato;Inesploso
5955169;17;11/05/2022 16:40:00;Strada Urbana;VIA CRESCENZIO;all'intersezione con;VIA POMPONIO LETO;VIA POMPONIO LETO;;;Scontro laterale fra veicoli in marcia;Incrocio;Una carreggiata a doppio senso;Asciutto;In cubetti di porfido;Verticale ed orizzontale;Sereno;Normale;Buona;;0;0;0;2;12.4639;41.9057;0;1;Motociclo a solo;In marcia / fermata / arresto;Conducente;M;Illeso;0;;;
5955169;17;11/05/2022 16:40:00;Strada Urbana;VIA CRESCENZIO;all'intersezione con;VIA POMPONIO LETO;VIA POMPONIO LETO;;;Scontro laterale fra veicoli in marcia;Incrocio;Una carreggiata a doppio senso;Asciutto;In cubetti di porfido;Verticale ed orizzontale;Sereno;Normale;Buona;;0;0;0;2;12.4639;41.9057;0;2;Motociclo a solo;In marcia / fermata / arresto;Conducente;M;Illeso;0;;;
5955197;12;12/05/2022 10:20:00;Strada Urbana;VIALE DEI CADUTI PER LA RESISTENZA;da specificare;;;;prossimità via di Mezzocammino;Tamponamento;Curva a visuale libera;Una carreggiata a senso unico di marcia;Asciutto;Asfaltata;Verticale ed orizzontale;Sereno;Normale;Buona;;1;0;0;1;12.4411;41.7842;-1;1;Autobus turistico;In marcia / fermata / arresto;Conducente;M;Illeso;0;;Utilizzato;Inesploso
5955197;12;12/05/2022 10:20:00;Strada Urbana;VIALE DEI CADUTI PER LA RESISTENZA;da specificare;;;;prossimità via di Mezzocammino;Tamponamento;Curva a visuale libera;Una carreggiata a senso unico di marcia;Asciutto;Asfaltata;Verticale ed orizzontale;Sereno;Normale;Buona;;1;0;0;1;12.4411;41.7842;-1;2;Autovettura privata;In marcia / fermata / arresto;Conducente;M;Rimandato;0;NON DECEDUTO;Utilizzato;Inesploso
5955260;4;11/05/2022 14:50:00;Strada Urbana;VIA DEI PRATI FISCALI;da specificare;;;;f.c. 251;Tamponamento;Rettilineo;Due carreggiate;Asciutto;Asfaltata;Verticale ed orizzontale;Sereno;Normale;Buona;;0;0;0;2;12.5156;41.946;-1;1;Autovettura privata;In marcia / fermata / arresto;Conducente;F;Illeso;0;;Non accertato;Inesploso
5955260;4;11/05/2022 14:50:00;Strada Urbana;VIA DEI PRATI FISCALI;da specificare;;;;f.c. 251;Tamponamento;Rettilineo;Due carreggiate;Asciutto;Asfaltata;Verticale ed orizzontale;Sereno;Normale;Buona;;0;0;0;2;12.5156;41.946;-1;2;Autovettura privata;In marcia / fermata / arresto;Conducente;M;Illeso;0;;Non accertato;Inesploso
5955283;12;12/05/2022 10:15:00;Provinciale;VIA ARDEATINA;all'intersezione con;VIA DI S. FUMIA;VIA DI S. FUMIA;;;Scontro laterale fra veicoli in marcia;Intersezione stradale segnalata;Una carreggiata a doppio senso;Asciutto;Asfaltata;Verticale ed orizzontale;Sereno;Normale;Buona;;1;0;0;2;12.5255;41.8131;-1;1;Autovettura privata;In marcia / fermata / arresto;Conducente;M;Illeso;0;;Utilizzato;Inesploso
5955283;12;12/05/2022 10:15:00;Provinciale;VIA ARDEATINA;all'intersezione con;VIA DI S. FUMIA;VIA DI S. FUMIA;;;Scontro laterale fra veicoli in marcia;Intersezione stradale segnalata;Una carreggiata a doppio senso;Asciutto;Asfaltata;Verticale ed orizzontale;Sereno;Normale;Buona;;1;0;0;2;12.5255;41.8131;-1;1;Autovettura privata;In marcia / fermata / arresto;Passeggero;M;Illeso;0;;Utilizzato;Inesploso
5955283;12;12/05/2022 10:15:00;Provinciale;VIA ARDEATINA;all'intersezione con;VIA DI S. FUMIA;VIA DI S. FUMIA;;;Scontro laterale fra veicoli in marcia;Intersezione stradale segnalata;Una carreggiata a doppio senso;Asciutto;Asfaltata;Verticale ed orizzontale;Sereno;Normale;Buona;;1;0;0;2;12.5255;41.8131;-1;2;Motociclo a solo;In marcia / fermata / arresto;Conducente;M;Rimandato;0;NON DECEDUTO;Utilizzato;
5955292;1;11/05/2022 13:50:00;Strada Urbana;VIA GARIBALDI;all'intersezione con;VIA NICOLA FABRIZI;VIA NICOLA FABRIZI;;;Scontro frontale/laterale DX fra veicoli in marcia;Intersezione stradale segnalata;Una carreggiata a doppio senso;Asciutto;Asfaltata;Verticale ed orizzontale;Sereno;Normale;Buona;;0;0;0;2;12.4661;41.8876;-1;1;Quadriciclo leggero;In marcia / fermata / arresto;Conducente;F;Illeso;0;;Non accertato;Inesploso
5955292;1;11/05/2022 13:50:00;Strada Urbana;VIA GARIBALDI;all'intersezione con;VIA NICOLA FABRIZI;VIA NICOLA FABRIZI;;;Scontro frontale/laterale DX fra veicoli in marcia;Intersezione stradale segnalata;Una carreggiata a doppio senso;Asciutto;Asfaltata;Verticale ed orizzontale;Sereno;Normale;Buona;;0;0;0;2;12.4661;41.8876;-1;2;Motociclo a solo;In marcia / fermata / arresto;Conducente;M;Illeso;0;;Non accertato;
5955321;18;12/05/2022 09:15:00;Strada Urbana;VIA DELLA MAGLIANELLA;in corrispondenza;;del civico n.;84/A;;Scontro frontale fra veicoli in marcia;Rettilineo;Una carreggiata a doppio senso;Asciutto;Asfaltata;Verticale ed orizzontale;Sereno;Normale;Buona;;1;0;0;2;12.3801;41.8924;-1;1;Autovettura privata;In marcia / fermata / arresto;Conducente;F;Rimandato;0;NON DECEDUTO;;
5955321;18;12/05/2022 09:15:00;Strada Urbana;VIA DELLA MAGLIANELLA;in corrispondenza;;del civico n.;84/A;;Scontro frontale fra veicoli in marcia;Rettilineo;Una carreggiata a doppio senso;Asciutto;Asfaltata;Verticale ed orizzontale;Sereno;Normale;Buona;;1;0;0;2;12.3801;41.8924;-1;2;Autovettura privata;In marcia / fermata / arresto;Conducente;M;Illeso;0;;;
5955321;18;12/05/2022 09:15:00;Strada Urbana;VIA DELLA MAGLIANELLA;in corrispondenza;;del civico n.;84/A;;Scontro frontale fra veicoli in marcia;Rettilineo;Una carreggiata a doppio senso;Asciutto;Asfaltata;Verticale ed orizzontale;Sereno;Normale;Buona;;1;0;0;2;12.3801;41.8924;-1;2;Autovettura privata;In marcia / fermata / arresto;Passeggero;M;Illeso;0;;;
5955323;1;12/05/2022 09:15:00;Strada Urbana;VICO JUGARIO;da specificare;;;;altezza VIA PETROSELLI;Veicolo in marcia contro veicoli in sosta;Rettilineo;Una carreggiata a doppio senso;Asciutto;In cubetti di porfido;Verticale ed orizzontale;Sereno;Normale;Buona;;0;0;0;1;12.4807;41.8909;-1;1;Autovettura privata;In marcia / fermata / arresto;Conducente;F;Illeso;0;;Non accertato;Inesploso
5955323;1;12/05/2022 09:15:00;Strada Urbana;VICO JUGARIO;da specificare;;;;altezza VIA PETROSELLI;Veicolo in marcia contro veicoli in sosta;Rettilineo;Una carreggiata a doppio senso;Asciutto;In cubetti di porfido;Verticale ed orizzontale;Sereno;Normale;Buona;;0;0;0;1;12.4807;41.8909;-1;2;Motociclo a solo;Sosta;;;;;;;
5955323;1;12/05/2022 09:15:00;Strada Urbana;VICO JUGARIO;da specificare;;;;altezza VIA PETROSELLI;Veicolo in marcia contro veicoli in sosta;Rettilineo;Una carreggiata a doppio senso;Asciutto;In cubetti di porfido;Verticale ed orizzontale;Sereno;Normale;Buona;;0;0;0;1;12.4807;41.8909;-1;3;Motociclo a solo;Sosta;;;;;;;
5955354;18;12/05/2022 11:25:00;Strada Urbana;VIA CORNELIA;in corrispondenza;;del civico n.;14;;Scontro frontale/laterale SX fra veicoli in marcia;Rettilineo;Una carreggiata a doppio senso;Asciutto;Asfaltata;Verticale ed orizzontale;Sereno;Normale;Buona;;1;0;0;1;12.3985;41.9102;-1;1;Autocarro inferiore 35 q.;In marcia / fermata / arresto;Conducente;M;Illeso;0;;Non accertato;Inesploso
5955354;18;12/05/2022 11:25:00;Strada Urbana;VIA CORNELIA;in corrispondenza;;del civico n.;14;;Scontro frontale/laterale SX fra veicoli in marcia;Rettilineo;Una carreggiata a doppio senso;Asciutto;Asfaltata;Verticale ed orizzontale;Sereno;Normale;Buona;;1;0;0;1;12.3985;41.9102;-1;2;Motociclo a solo;In marcia / fermata / arresto;Conducente;M;Rimandato;0;NON DECEDUTO;Non accertato;
5955385;1;11/05/2022 23:15:00;Strada Urbana;PIAZZA DELLA BOCCA DELLA VERITA';in prossimità;;del civico n.;16/4;;Tamponamento;Curva a visuale libera;Una carreggiata a doppio senso;Asciutto;In cubetti di porfido;Verticale ed orizzontale;Sereno;Normale;Buona;;0;0;0;3;12.4821;41.8891;-1;1;Autocarro inferiore 35 q.;In marcia / fermata / arresto;Conducente;M;Illeso;0;;Non accertato;Inesploso
5955385;1;11/05/2022 23:15:00;Strada Urbana;PIAZZA DELLA BOCCA DELLA VERITA';in prossimità;;del civico n.;16/4;;Tamponamento;Curva a visuale libera;Una carreggiata a doppio senso;Asciutto;In cubetti di porfido;Verticale ed orizzontale;Sereno;Normale;Buona;;0;0;0;3;12.4821;41.8891;-1;2;Motociclo con passeggero;In marcia / fermata / arresto;Conducente;M;Illeso;0;;Non accertato;
5955385;1;11/05/2022 23:15:00;Strada Urbana;PIAZZA DELLA BOCCA DELLA VERITA';in prossimità;;del civico n.;16/4;;Tamponamento;Curva a visuale libera;Una carreggiata a doppio senso;Asciutto;In cubetti di porfido;Verticale ed orizzontale;Sereno;Normale;Buona;;0;0;0;3;12.4821;41.8891;-1;2;Motociclo con passeggero;In marcia / fermata / arresto;Passeggero;F;Illeso;0;;;
5955392;9;11/05/2022 17:25:00;Strada Urbana;VIA DELL'ARCO DI TRAVERTINO;in prossimità;;del civico n.;21;;Tamponamento;Rettilineo;Una carreggiata a doppio senso;Asciutto;Asfaltata;Verticale ed orizzontale;Sereno;Intenso;Sufficiente;;1;0;0;1;12.537;41.8677;-1;1;Ciclomotore;In marcia / fermata / arresto;Conducente;M;Rimandato;0;NON DECEDUTO;Non accertato;
5955392;9;11/05/2022 17:25:00;Strada Urbana;VIA DELL'ARCO DI TRAVERTINO;in prossimità;;del civico n.;21;;Tamponamento;Rettilineo;Una carreggiata a doppio senso;Asciutto;Asfaltata;Verticale ed orizzontale;Sereno;Intenso;Sufficiente;;1;0;0;1;12.537;41.8677;-1;2;Autovettura privata;In marcia / fermata / arresto;Conducente;M;Illeso;0;;Non accertato;Inesploso
5955392;9;11/05/2022 17:25:00;Strada Urbana;VIA DELL'ARCO DI TRAVERTINO;in prossimità;;del civico n.;21;;Tamponamento;Rettilineo;Una carreggiata a doppio senso;Asciutto;Asfaltata;Verticale ed orizzontale;Sereno;Intenso;Sufficiente;;1;0;0;1;12.537;41.8677;-1;3;Autovettura privata;Sosta;;;;;;;
5955392;9;11/05/2022 17:25:00;Strada Urbana;VIA DELL'ARCO DI TRAVERTINO;in prossimità;;del civico n.;21;;Tamponamento;Rettilineo;Una carreggiata a doppio senso;Asciutto;Asfaltata;Verticale ed orizzontale;Sereno;Intenso;Sufficiente;;1;0;0;1;12.537;41.8677;-1;4;Autovettura privata;Sosta;;;;;;;
5955402;1;11/05/2022 09:40:00;Strada Urbana;VIA EMANUELE FILIBERTO;in corrispondenza;;del civico n.;130;;Scontro laterale fra veicoli in marcia;Rettilineo;Più di due carreggiate;Asciutto;Asfaltata;Verticale ed orizzontale;Sereno;Normale;Buona;;0;0;0;2;12.5077;41.8887;-1;1;Autovettura privata;In marcia / fermata / arresto;Conducente;M;Illeso;0;;;
5955402;1;11/05/2022 09:40:00;Strada Urbana;VIA EMANUELE FILIBERTO;in corrispondenza;;del civico n.;130;;Scontro laterale fra veicoli in marcia;Rettilineo;Più di due carreggiate;Asciutto;Asfaltata;Verticale ed orizzontale;Sereno;Normale;Buona;;0;0;0;2;12.5077;41.8887;-1;2;Velocipede;In marcia / fermata / arresto;Conducente;F;Illeso;0;;Esente;
5955418;1;11/05/2022 15:15:00;Strada Urbana;VIA DEL TEATRO DI MARCELLO;in corrispondenza;;del civico n.;7;;Investimento di pedone;Rettilineo;Una carreggiata a senso unico di marcia;Asciutto;In cubetti di porfido;Orizzontale;Sereno;Scarso;Buona;;1;0;0;1;12.4817;41.8934;-1;;;;Pedone;M;Rimandato;0;NON DECEDUTO;;
5955418;1;11/05/2022 15:15:00;Strada Urbana;VIA DEL TEATRO DI MARCELLO;in corrispondenza;;del civico n.;7;;Investimento di pedone;Rettilineo;Una carreggiata a senso unico di marcia;Asciutto;In cubetti di porfido;Orizzontale;Sereno;Scarso;Buona;;1;0;0;1;12.4817;41.8934;-1;1;Autovettura pubblica;In marcia / fermata / arresto;Conducente;F;Illeso;0;;Non accertato;Inesploso
5955419;19;12/05/2022 08:30:00;Strada Urbana;VIA IPOGEO DEGLI OTTAVI;da specificare;;;;palo acea 19;Scontro laterale fra veicoli in marcia;Rettilineo;Una carreggiata a senso unico di marcia;Asciutto;Asfaltata;Verticale ed orizzontale;Sereno;Intenso;Buona;;0;0;0;2;12.4043;41.9652;-1;1;Autovettura privata;In marcia / fermata / arresto;Conducente;M;Illeso;0;;Non accertato;Inesploso
5955419;19;12/05/2022 08:30:00;Strada Urbana;VIA IPOGEO DEGLI OTTAVI;da specificare;;;;palo acea 19;Scontro laterale fra veicoli in marcia;Rettilineo;Una carreggiata a senso unico di marcia;Asciutto;Asfaltata;Verticale ed orizzontale;Sereno;Intenso;Buona;;0;0;0;2;12.4043;41.9652;-1;2;Autovettura privata;In marcia / fermata / arresto;Conducente;M;Illeso;0;;Non accertato;Inesploso
5955421;3;10/05/2022 19:35:00;Strada Urbana;CIRCONVALLAZIONE NOMENTANA;da specificare;;;;altezza largo lanciani;Scontro frontale/laterale SX fra veicoli in marcia;Rettilineo;Più di due carreggiate;Asciutto;Asfaltata;Verticale ed orizzontale;Nuvoloso;Normale;Buona;;0;0;0;2;12.5266;41.9217;-1;1;Autovettura privata;In marcia / fermata / arresto;Conducente;M;Illeso;0;;;
5955421;3;10/05/2022 19:35:00;Strada Urbana;CIRCONVALLAZIONE NOMENTANA;da specificare;;;;altezza largo lanciani;Scontro frontale/laterale SX fra veicoli in marcia;Rettilineo;Più di due carreggiate;Asciutto;Asfaltata;Verticale ed orizzontale;Nuvoloso;Normale;Buona;;0;0;0;2;12.5266;41.9217;-1;2;Autovettura privata;In marcia / fermata / arresto;Conducente;M;Illeso;0;;;
5955425;9;12/05/2022 08:20:00;Strada Urbana;VIA APPIA NUOVA;in prossimità;;del civico n.;220;;Scontro laterale fra veicoli in marcia;Rettilineo;Due carreggiate;Asciutto;Asfaltata;Verticale ed orizzontale;Sereno;Normale;Buona;;0;0;0;3;12.5153;41.8806;-1;1;Autovettura privata;In marcia / fermata / arresto;Conducente;M;Illeso;0;;Non accertato;Inesploso
5955425;9;12/05/2022 08:20:00;Strada Urbana;VIA APPIA NUOVA;in prossimità;;del civico n.;220;;Scontro laterale fra veicoli in marcia;Rettilineo;Due carreggiate;Asciutto;Asfaltata;Verticale ed orizzontale;Sereno;Normale;Buona;;0;0;0;3;12.5153;41.8806;-1;2;Motociclo con passeggero;In marcia / fermata / arresto;Conducente;M;Illeso;0;;Non accertato;
5955425;9;12/05/2022 08:20:00;Strada Urbana;VIA APPIA NUOVA;in prossimità;;del civico n.;220;;Scontro laterale fra veicoli in marcia;Rettilineo;Due carreggiate;Asciutto;Asfaltata;Verticale ed orizzontale;Sereno;Normale;Buona;;0;0;0;3;12.5153;41.8806;-1;2;Motociclo con passeggero;In marcia / fermata / arresto;Passeggero;M;Illeso;0;;Non accertato;
5955445;1;12/05/2022 11:13:00;Strada Urbana;VIA DELLA GRECA;in corrispondenza;;del civico n.;2;;Tamponamento;Rettilineo;Due carreggiate;Asciutto;Asfaltata;Verticale ed orizzontale;Sereno;Normale;Buona;;0;0;0;3;12.4816;41.8879;-1;1;Autovettura privata;In marcia / fermata / arresto;Conducente;F;Illeso;0;;;
5955445;1;12/05/2022 11:13:00;Strada Urbana;VIA DELLA GRECA;in corrispondenza;;del civico n.;2;;Tamponamento;Rettilineo;Due carreggiate;Asciutto;Asfaltata;Verticale ed orizzontale;Sereno;Normale;Buona;;0;0;0;3;12.4816;41.8879;-1;2;Autovettura di polizia;In marcia / fermata / arresto;Conducente;M;Illeso;0;;;
5955445;1;12/05/2022 11:13:00;Strada Urbana;VIA DELLA GRECA;in corrispondenza;;del civico n.;2;;Tamponamento;Rettilineo;Due carreggiate;Asciutto;Asfaltata;Verticale ed orizzontale;Sereno;Normale;Buona;;0;0;0;3;12.4816;41.8879;-1;2;Autovettura di polizia;In marcia / fermata / arresto;Passeggero;F;Illeso;0;;;
5955451;9;12/05/2022 10:50:00;Strada Urbana;VIA DEI COLLI ALBANI;in prossimità;;del civico n.;170;;Scontro frontale/laterale DX fra veicoli in marcia;Rettilineo;Una carreggiata a doppio senso;Asciutto;Asfaltata;Verticale ed orizzontale;Sereno;Normale;Buona;;0;0;0;2;12.5343;41.8668;-1;1;Autovettura privata;In marcia / fermata / arresto;Conducente;F;Illeso;0;;Non accertato;Inesploso
5955451;9;12/05/2022 10:50:00;Strada Urbana;VIA DEI COLLI ALBANI;in prossimità;;del civico n.;170;;Scontro frontale/laterale DX fra veicoli in marcia;Rettilineo;Una carreggiata a doppio senso;Asciutto;Asfaltata;Verticale ed orizzontale;Sereno;Normale;Buona;;0;0;0;2;12.5343;41.8668;-1;2;Autovettura privata;In marcia / fermata / arresto;Conducente;M;Illeso;0;;Non accertato;Inesploso
5955455;1;11/05/2022 20:00:00;Strada Urbana;VIA CLAUDIA;all'intersezione con;VIA ANNIA;VIA ANNIA;;;Investimento di pedone;Incrocio;Una carreggiata a doppio senso;Asciutto;Asfaltata;Verticale ed orizzontale;Sereno;Scarso;Sufficiente;;0;0;0;2;12.4943;41.8878;0;1;Autovettura privata;In marcia / fermata / arresto;Conducente;M;Illeso;0;;Non accertato;Inesploso
5955455;1;11/05/2022 20:00:00;Strada Urbana;VIA CLAUDIA;all'intersezione con;VIA ANNIA;VIA ANNIA;;;Investimento di pedone;Incrocio;Una carreggiata a doppio senso;Asciutto;Asfaltata;Verticale ed orizzontale;Sereno;Scarso;Sufficiente;;0;0;0;2;12.4943;41.8878;0;1;Autovettura privata;In marcia / fermata / arresto;Passeggero;F;Illeso;0;;;
5955460;6;12/05/2022 16:15:00;Strada Urbana;VIALE DELLA PRIMAVERA;in corrispondenza;;del civico n.;323;;Scontro frontale/laterale DX fra veicoli in marcia;Curva a visuale libera;Due carreggiate;Asciutto;Asfaltata;Verticale ed orizzontale;Sereno;Normale;Buona;;1;0;0;2;12.5587;41.8779;-1;1;Motociclo a solo;In marcia / fermata / arresto;Conducente;F;Rifiuta cure immediate;0;NON DECEDUTO;Utilizzato;
5955460;6;12/05/2022 16:15:00;Strada Urbana;VIALE DELLA PRIMAVERA;in corrispondenza;;del civico n.;323;;Scontro frontale/laterale DX fra veicoli in marcia;Curva a visuale libera;Due carreggiate;Asciutto;Asfaltata;Verticale ed orizzontale;Sereno;Normale;Buona;;1;0;0;2;12.5587;41.8779;-1;2;Autocarro inferiore 35 q.;In marcia / fermata / arresto;Conducente;M;Illeso;0;;Non accertato;Inesploso
5955460;6;12/05/2022 16:15:00;Strada Urbana;VIALE DELLA PRIMAVERA;in corrispondenza;;del civico n.;323;;Scontro frontale/laterale DX fra veicoli in marcia;Curva a visuale libera;Due carreggiate;Asciutto;Asfaltata;Verticale ed orizzontale;Sereno;Normale;Buona;;1;0;0;2;12.5587;41.8779;-1;2;Autocarro inferiore 35 q.;In marcia / fermata / arresto;Passeggero;M;Illeso;0;;Non accertato;Inesploso
5955487;1;11/05/2022 16:25:00;Strada Urbana;VIA DEL TEATRO DI MARCELLO;da specificare;;;;altezza fermata 74676;Scontro laterale fra veicoli in marcia;Rettilineo;Una carreggiata a senso unico di marcia;Asciutto;In cubetti di porfido;Verticale ed orizzontale;Sereno;Normale;Buona;;0;0;0;2;12.4811;41.893;-1;1;Autovettura di polizia;In marcia / fermata / arresto;Conducente;M;Illeso;0;;;
5955487;1;11/05/2022 16:25:00;Strada Urbana;VIA DEL TEATRO DI MARCELLO;da specificare;;;;altezza fermata 74676;Scontro laterale fra veicoli in marcia;Rettilineo;Una carreggiata a senso unico di marcia;Asciutto;In cubetti di porfido;Verticale ed orizzontale;Sereno;Normale;Buona;;0;0;0;2;12.4811;41.893;-1;2;Autobus di linea;In marcia / fermata / arresto;Conducente;M;Illeso;0;;;
5955490;1;12/05/2022 00:10:00;Strada Urbana;VIA GUSTAVO MODENA;all'intersezione con;PIAZZA GIUDITTA TAVANI ARQUATI;PIAZZA GIUDITTA TAVANI ARQUATI;;;Scontro frontale/laterale SX fra veicoli in marcia;Incrocio;Una carreggiata a senso unico di marcia;Asciutto;In cubetti di porfido;Verticale ed orizzontale;Sereno;Normale;Sufficiente;;0;0;0;3;12.473;41.8901;-1;1;Autovettura pubblica;In marcia / fermata / arresto;Conducente;M;Illeso;0;;Non accertato;Inesploso
5955490;1;12/05/2022 00:10:00;Strada Urbana;VIA GUSTAVO MODENA;all'intersezione con;PIAZZA GIUDITTA TAVANI ARQUATI;PIAZZA GIUDITTA TAVANI ARQUATI;;;Scontro frontale/laterale SX fra veicoli in marcia;Incrocio;Una carreggiata a senso unico di marcia;Asciutto;In cubetti di porfido;Verticale ed orizzontale;Sereno;Normale;Sufficiente;;0;0;0;3;12.473;41.8901;-1;2;Autovettura privata;In marcia / fermata / arresto;Conducente;F;Illeso;0;;Non accertato;Inesploso
5955490;1;12/05/2022 00:10:00;Strada Urbana;VIA GUSTAVO MODENA;all'intersezione con;PIAZZA GIUDITTA TAVANI ARQUATI;PIAZZA GIUDITTA TAVANI ARQUATI;;;Scontro frontale/laterale SX fra veicoli in marcia;Incrocio;Una carreggiata a senso unico di marcia;Asciutto;In cubetti di porfido;Verticale ed orizzontale;Sereno;Normale;Sufficiente;;0;0;0;3;12.473;41.8901;-1;2;Autovettura privata;In marcia / fermata / arresto;Passeggero;F;Illeso;0;;Non accertato;Inesploso
5955535;1;11/05/2022 13:45:00;Strada Urbana;VIA QUATTRO NOVEMBRE;in prossimità;;del civico n.;144;;Tamponamento;Curva a visuale libera;Una carreggiata a doppio senso;Asciutto;Asfaltata;Verticale ed orizzontale;Sereno;Normale;Buona;;0;0;0;3;12.485;41.8972;-1;1;Autocarro inferiore 35 q.;In marcia / fermata / arresto;Conducente;M;Illeso;0;;Non accertato;Inesploso
5955535;1;11/05/2022 13:45:00;Strada Urbana;VIA QUATTRO NOVEMBRE;in prossimità;;del civico n.;144;;Tamponamento;Curva a visuale libera;Una carreggiata a doppio senso;Asciutto;Asfaltata;Verticale ed orizzontale;Sereno;Normale;Buona;;0;0;0;3;12.485;41.8972;-1;1;Autocarro inferiore 35 q.;In marcia / fermata / arresto;Passeggero;M;Illeso;0;;Non accertato;Inesploso
5955535;1;11/05/2022 13:45:00;Strada Urbana;VIA QUATTRO NOVEMBRE;in prossimità;;del civico n.;144;;Tamponamento;Curva a visuale libera;Una carreggiata a doppio senso;Asciutto;Asfaltata;Verticale ed orizzontale;Sereno;Normale;Buona;;0;0;0;3;12.485;41.8972;-1;2;Autovettura pubblica;In marcia / fermata / arresto;Conducente;F;Illeso;0;;Non accertato;Inesploso
5955546;16;11/05/2022 15:15:00;Strada Urbana;VIA PIETRO CAPPARONI;all'intersezione con;LARGO ALBERTO PEPERE;LARGO ALBERTO PEPERE;;;Scontro frontale/laterale DX fra veicoli in marcia;Incrocio;Due carreggiate;Asciutto;Asfaltata;Assente;Sereno;Normale;Buona;;0;0;0;2;12.4396;41.8689;-1;1;Autovettura privata;In marcia / fermata / arresto;Conducente;M;Illeso;0;;Non accertato;Inesploso
5955546;16;11/05/2022 15:15:00;Strada Urbana;VIA PIETRO CAPPARONI;all'intersezione con;LARGO ALBERTO PEPERE;LARGO ALBERTO PEPERE;;;Scontro frontale/laterale DX fra veicoli in marcia;Incrocio;Due carreggiate;Asciutto;Asfaltata;Assente;Sereno;Normale;Buona;;0;0;0;2;12.4396;41.8689;-1;2;Autovettura privata;In marcia / fermata / arresto;Conducente;F;Illeso;0;;Non accertato;Inesploso
5955552;9;12/05/2022 13:25:00;Strada Urbana;VIA TUSCOLANA;da specificare;;;;fronte VIA DELL'ARCO DI TRAVERTINO;Scontro laterale fra veicoli in marcia;Rettilineo;Due carreggiate;Asciutto;Asfaltata;Verticale ed orizzontale;Sereno;Intenso;Buona;;0;0;0;3;12.5351;41.866;-1;1;Autobus urbano;In marcia / fermata / arresto;Conducente;F;Illeso;0;;Non accertato;Inesploso
5955552;9;12/05/2022 13:25:00;Strada Urbana;VIA TUSCOLANA;da specificare;;;;fronte VIA DELL'ARCO DI TRAVERTINO;Scontro laterale fra veicoli in marcia;Rettilineo;Due carreggiate;Asciutto;Asfaltata;Verticale ed orizzontale;Sereno;Intenso;Buona;;0;0;0;3;12.5351;41.866;-1;2;Autovettura privata;In marcia / fermata / arresto;Conducente;F;Illeso;0;;Non accertato;Inesploso
5955552;9;12/05/2022 13:25:00;Strada Urbana;VIA TUSCOLANA;da specificare;;;;fronte VIA DELL'ARCO DI TRAVERTINO;Scontro laterale fra veicoli in marcia;Rettilineo;Due carreggiate;Asciutto;Asfaltata;Verticale ed orizzontale;Sereno;Intenso;Buona;;0;0;0;3;12.5351;41.866;-1;2;Autovettura privata;In marcia / fermata / arresto;Passeggero;F;Illeso;0;;Non accertato;Inesploso