Protocollo;Gruppo;DataOraIncidente;Localizzazione1;STRADA1;Localizzazione2;STRADA2;Strada02;Chilometrica;DaSpecificare;NaturaIncidente;particolaritastrade;TipoStrada;FondoStradale;Pavimentazione;Segnaletica;CondizioneAtmosferica;Traffico;Visibilita;Illuminazione;NUM_FERITI;NUM_RISERVATA;NUM_MORTI;NUM_ILLESI;Longitude;Latitude;Confermato;Progressivo;TipoVeicolo;StatoVeicolo;TipoPersona;Sesso;Tipolesione;Deceduto;DecedutoDopo;CinturaCascoUtilizzato;Airbag;
5960662;18;13/05/2022 16:30:00;Strada Urbana;VIA NAZARETH;in prossimità;;del civico n.;150;;Scontro frontale/laterale DX fra veicoli in marcia;Curva a visuale libera;Una carreggiata a doppio senso;Asciutto;Asfaltata;Orizzontale;Sereno;Normale;Buona;;0;0;0;2;12.4038;41.9068;-1;2;Autovettura privata;In marcia / fermata / arresto;Conducente;F;Illeso;0;;Non accertato;Inesploso
5960674;4;14/05/2022 12:00:00;Strada Urbana;VIA GIORGIO MOSER;all'intersezione con;VIA PUPELLA MAGGIO;VIA PUPELLA MAGGIO;;;Scontro laterale fra veicoli in marcia;Incrocio;Una carreggiata a doppio senso;Asciutto;Asfaltata;Verticale ed orizzontale;Sereno;Scarso;Buona;;0;0;0;2;12.5358;41.9716;-1;1;Autovettura privata;In marcia / fermata / arresto;Conducente;F;Illeso;0;;;
5960674;4;14/05/2022 12:00:00;Strada Urbana;VIA GIORGIO MOSER;all'intersezione con;VIA PUPELLA MAGGIO;VIA PUPELLA MAGGIO;;;Scontro laterale fra veicoli in marcia;Incrocio;Una carreggiata a doppio senso;Asciutto;Asfaltata;Verticale ed orizzontale;Sereno;Scarso;Buona;;0;0;0;2;12.5358;41.9716;-1;2;Autovettura privata;In marcia / fermata / arresto;Conducente;M;Illeso;0;;;
5960676;7;13/05/2022 20:25:00;Strada Urbana;VIA PRENESTINA;in corrispondenza;;del civico n.;1110;;Scontro frontale/laterale DX fra veicoli in marcia;Rettilineo;Una carreggiata a doppio senso;Asciutto;Asfaltata;Verticale ed orizzontale;Sereno;Normale;Sufficiente;;1;0;0;2;12.6166;41.8928;-1;1;Ciclomotore;In marcia / fermata / arresto;Conducente;M;Rimandato;0;NON DECEDUTO;Non accertato;
5960676;7;13/05/2022 20:25:00;Strada Urbana;VIA PRENESTINA;in corrispondenza;;del civico n.;1110;;Scontro frontale/laterale DX fra veicoli in marcia;Rettilineo;Una carreggiata a doppio senso;Asciutto;Asfaltata;Verticale ed orizzontale;Sereno;Normale;Sufficiente;;1;0;0;2;12.6166;41.8928;-1;2;Autovettura privata;In marcia / fermata / arresto;Conducente;M;Illeso;0;;Non accertato;Inesploso
5960676;7;13/05/2022 20:25:00;Strada Urbana;VIA PRENESTINA;in corrispondenza;;del civico n.;1110;;Scontro frontale/laterale DX fra veicoli in marcia;Rettilineo;Una carreggiata a doppio senso;Asciutto;Asfaltata;Verticale ed orizzontale;Sereno;Normale;Sufficiente;;1;0;0;2;12.6166;41.8928;-1;2;Autovettura privata;In marcia / fermata / arresto;Passeggero;F;Illeso;0;;Non accertato;Inesploso
5960681;7;14/05/2022 12:25:00;Strada Urbana;VIA FILLIA;in corrispondenza;;del civico n.;25;;Scontro frontale/laterale SX fra veicoli in marcia;Rettilineo;Una carreggiata a doppio senso;Asciutto;Asfaltata;Assente;Sereno;Scarso;Buona;;0;0;0;3;12.6052;41.9015;-1;1;Autovettura privata;In marcia / fermata / arresto;Conducente;F;Illeso;0;;Non accertato;Inesploso
5960681;7;14/05/2022 12:25:00;Strada Urbana;VIA FILLIA;in corrispondenza;;del civico n.;25;;Scontro frontale/laterale SX fra veicoli in marcia;Rettilineo;Una carreggiata a doppio senso;Asciutto;Asfaltata;Assente;Sereno;Scarso;Buona;;0;0;0;3;12.6052;41.9015;-1;1;Autovettura privata;In marcia / fermata / arresto;Passeggero;F;Illeso;0;;Non accertato;Inesploso
5960681;7;14/05/2022 12:25:00;Strada Urbana;VIA FILLIA;in corrispondenza;;del civico n.;25;;Scontro frontale/laterale SX fra veicoli in marcia;Rettilineo;Una carreggiata a doppio senso;Asciutto;Asfaltata;Assente;Sereno;Scarso;Buona;;0;0;0;3;12.6052;41.9015;-1;2;Autovettura privata;In marcia / fermata / arresto;Conducente;M;Illeso;0;;Non accertato;Inesploso
5960681;7;14/05/2022 12:25:00;Strada Urbana;VIA FILLIA;in corrispondenza;;del civico n.;25;;Scontro frontale/laterale SX fra veicoli in marcia;Rettilineo;Una carreggiata a doppio senso;Asciutto;Asfaltata;Assente;Sereno;Scarso;Buona;;0;0;0;3;12.6052;41.9015;-1;3;Autovettura privata;Sosta;;;;;;;
5960684;4;14/05/2022 19:25:00;Strada Urbana;VIA UGO OJETTI;da specificare;;;;in prossimità di L.go Pugliese;Scontro frontale/laterale DX fra veicoli in marcia;Rettilineo;Due carreggiate;Asciutto;Asfaltata;Verticale ed orizzontale;Sereno;Intenso;Buona;;0;0;0;3;12.5546;41.947;-1;1;Autovettura privata;In marcia / fermata / arresto;Conducente;M;Illeso;0;;;
5960684;4;14/05/2022 19:25:00;Strada Urbana;VIA UGO OJETTI;da specificare;;;;in prossimità di L.go Pugliese;Scontro frontale/laterale DX fra veicoli in marcia;Rettilineo;Due carreggiate;Asciutto;Asfaltata;Verticale ed orizzontale;Sereno;Intenso;Buona;;0;0;0;3;12.5546;41.947;-1;2;Autovettura privata;In marcia / fermata / arresto;Conducente;M;Illeso;0;;;
5960684;4;14/05/2022 19:25:00;Strada Urbana;VIA UGO OJETTI;da specificare;;;;in prossimità di L.go Pugliese;Scontro frontale/laterale DX fra veicoli in marcia;Rettilineo;Due carreggiate;Asciutto;Asfaltata;Verticale ed orizzontale;Sereno;Intenso;Buona;;0;0;0;3;12.5546;41.947;-1;2;Autovettura privata;In marcia / fermata / arresto;Passeggero;M;Illeso;0;;;
5960685;7;14/05/2022 19:45:00;Strada Urbana;VIA DI TOR SAPIENZA;in prossimità;;del civico n.;168;;Scontro laterale fra veicoli in marcia;Rettilineo;Una carreggiata a doppio senso;Asciutto;Asfaltata;Orizzontale;Sereno;Normale;Buona;;0;0;0;2;12.5915;41.8969;-1;1;Motociclo con passeggero;In marcia / fermata / arresto;Conducente;M;Illeso;0;;Non accertato;
5960685;7;14/05/2022 19:45:00;Strada Urbana;VIA DI TOR SAPIENZA;in prossimità;;del civico n.;168;;Scontro laterale fra veicoli in marcia;Rettilineo;Una carreggiata a doppio senso;Asciutto;Asfaltata;Orizzontale;Sereno;Normale;Buona;;0;0;0;2;12.5915;41.8969;-1;2;Autovettura privata;In marcia / fermata / arresto;Conducente;F;Illeso;0;;Non accertato;Inesploso
5960686;18;13/05/2022 13:00:00;Strada Urbana;PIAZZA PIO XI;in prossimità;;del civico n.;47;;Scontro frontale fra veicoli in marcia;Rettilineo;Più di due carreggiate;Asciutto;Asfaltata;Verticale ed orizzontale;Sereno;Intenso;Buona;;1;0;0;1;12.4367;41.8944;-1;1;Autobus turistico;In marcia / fermata / arresto;Conducente;M;Illeso;0;;Non accertato;Inesploso
5960686;18;13/05/2022 13:00:00;Strada Urbana;PIAZZA PIO XI;in prossimità;;del civico n.;47;;Scontro frontale fra veicoli in marcia;Rettilineo;Più di due carreggiate;Asciutto;Asfaltata;Verticale ed orizzontale;Sereno;Intenso;Buona;;1;0;0;1;12.4367;41.8944;-1;2;Velocipede;In marcia / fermata / arresto;Conducente;M;Rimandato;0;NON DECEDUTO;Esente;
5960690;7;15/05/2022 05:25:00;Strada Urbana;VIA DI TOR SAPIENZA;in corrispondenza;;del civico n.;91;;Veicolo in marcia contro veicolo in sosta;Rettilineo;Una carreggiata a doppio senso;Asciutto;Asfaltata;Verticale ed orizzontale;Sereno;Scarso;Buona;;0;0;0;1;12.5913;41.8991;-1;1;Autovettura privata;In marcia / fermata / arresto;Conducente;F;Illeso;0;;Non accertato;Esploso
5960690;7;15/05/2022 05:25:00;Strada Urbana;VIA DI TOR SAPIENZA;in corrispondenza;;del civico n.;91;;Veicolo in marcia contro veicolo in sosta;Rettilineo;Una carreggiata a doppio senso;Asciutto;Asfaltata;Verticale ed orizzontale;Sereno;Scarso;Buona;;0;0;0;1;12.5913;41.8991;-1;2;Autovettura privata;Sosta;;;;;;;
5960690;7;15/05/2022 05:25:00;Strada Urbana;VIA DI TOR SAPIENZA;in corrispondenza;;del civico n.;91;;Veicolo in marcia contro veicolo in sosta;Rettilineo;Una carreggiata a doppio senso;Asciutto;Asfaltata;Verticale ed orizzontale;Sereno;Scarso;Buona;;0;0;0;1;12.5913;41.8991;-1;3;Autovettura privata;Sosta;;;;;;;
5960690;7;15/05/2022 05:25:00;Strada Urbana;VIA DI TOR SAPIENZA;in corrispondenza;;del civico n.;91;;Veicolo in marcia contro veicolo in sosta;Rettilineo;Una carreggiata a doppio senso;Asciutto;Asfaltata;Verticale ed orizzontale;Sereno;Scarso;Buona;;0;0;0;1;12.5913;41.8991;-1;4;Autovettura privata;Sosta;;;;;;;
5960691;5;15/05/2022 09:10:00;Strada Urbana;VIA TIBURTINA;in prossimità;;del civico n.;515;;Scontro laterale fra veicoli in marcia;Rettilineo;Più di due carreggiate;Asciutto;Asfaltata;Orizzontale;Sereno;Normale;Buona;;0;0;0;2;12.5408;41.9087;-1;1;Autovettura privata;In marcia / fermata / arresto;Conducente;M;Illeso;0;;Non accertato;Inesploso
5960691;5;15/05/2022 09:10:00;Strada Urbana;VIA TIBURTINA;in prossimità;;del civico n.;515;;Scontro laterale fra veicoli in marcia;Rettilineo;Più di due carreggiate;Asciutto;Asfaltata;Orizzontale;Sereno;Normale;Buona;;0;0;0;2;12.5408;41.9087;-1;2;Autovettura privata;In marcia / fermata / arresto;Conducente;M;Illeso;0;;Non accertato;Inesploso
5960693;17;14/05/2022 14:20:00;Strada Urbana;VIA ATTILIO REGOLO;all'intersezione semaforizzata con;VIA COLA DI RIENZO;VIA COLA DI RIENZO;;;Scontro laterale fra veicoli in marcia;Intersezione semaforizzata;Una carreggiata a doppio senso;Asciutto;Asfaltata;Verticale ed orizzontale;Sereno;Normale;Buona;;0;0;0;2;12.4648;41.9086;-1;1;Autovettura privata;In marcia / fermata / arresto;Conducente;M;Illeso;0;;;
5960693;17;14/05/2022 14:20:00;Strada Urbana;VIA ATTILIO REGOLO;all'intersezione semaforizzata con;VIA COLA DI RIENZO;VIA COLA DI RIENZO;;;Scontro laterale fra veicoli in marcia;Intersezione semaforizzata;Una carreggiata a doppio senso;Asciutto;Asfaltata;Verticale ed orizzontale;Sereno;Normale;Buona;;0;0;0;2;12.4648;41.9086;-1;2;Autovettura di soccorso;In marcia / fermata / arresto;Conducente;M;Illeso;0;;;
5960705;11;16/05/2022 05:55:00;Strada Urbana;PIAZZALE TOMMASO EDISON;da specificare;;;;palo acea 1;Veicolo in marcia contro ostacolo fisso;Rettilineo;Una carreggiata a senso unico di marcia;Asciutto;Asfaltata;Verticale ed orizzontale;Sereno;Scarso;Buona;;1;0;0;0;12.4714;41.8587;-1;1;Autovettura privata;In marcia / fermata / arresto;Conducente;M;Rimandato;0;NON DECEDUTO;Non accertato;Inesploso
5960706;5;15/05/2022 10:35:00;Strada Urbana;VIA SARNANO;all'intersezione con;VIA CASAL TIDEI;VIA CASAL TIDEI;;;Scontro frontale/laterale DX fra veicoli in marcia;Incrocio;Una carreggiata a doppio senso;Asciutto;Asfaltata;Verticale ed orizzontale;Sereno;Scarso;Buona;;0;0;0;4;12.5803;41.9409;-1;1;Autovettura privata;In marcia / fermata / arresto;Conducente;M;Illeso;0;;Non accertato;Inesploso
5960706;5;15/05/2022 10:35:00;Strada Urbana;VIA SARNANO;all'intersezione con;VIA CASAL TIDEI;VIA CASAL TIDEI;;;Scontro frontale/laterale DX fra veicoli in marcia;Incrocio;Una carreggiata a doppio senso;Asciutto;Asfaltata;Verticale ed orizzontale;Sereno;Scarso;Buona;;0;0;0;4;12.5803;41.9409;-1;1;Autovettura privata;In marcia / fermata / arresto;Passeggero;F;Illeso;0;;Non accertato;Inesploso
5960706;5;15/05/2022 10:35:00;Strada Urbana;VIA SARNANO;all'intersezione con;VIA CASAL TIDEI;VIA CASAL TIDEI;;;Scontro frontale/laterale DX fra veicoli in marcia;Incrocio;Una carreggiata a doppio senso;Asciutto;Asfaltata;Verticale ed orizzontale;Sereno;Scarso;Buona;;0;0;0;4;12.5803;41.9409;-1;2;Autovettura privata;In marcia / fermata / arresto;Conducente;M;Illeso;0;;Non accertato;Inesploso
5960706;5;15/05/2022 10:35:00;Strada Urbana;VIA SARNANO;all'intersezione con;VIA CASAL TIDEI;VIA CASAL TIDEI;;;Scontro frontale/laterale DX fra veicoli in marcia;Incrocio;Una carreggiata a doppio senso;Asciutto;Asfaltata;Verticale ed orizzontale;Sereno;Scarso;Buona;;0;0;0;4;12.5803;41.9409;-1;2;Autovettura privata;In marcia / fermata / arresto;Passeggero;M;Illeso;0;;Non utilizzato;Inesploso
5960708;18;13/05/2022 16:00:00;Strada Urbana;VIA DI VALLELUNGA;in prossimità;;del civico n.;104;;Scontro frontale fra veicoli in marcia;Rettilineo;Una carreggiata a senso unico di marcia;Asciutto;Asfaltata;Verticale ed orizzontale;Sereno;Scarso;Buona;;1;0;0;2;12.3917;41.9085;-1;1;Autovettura privata;In marcia / fermata / arresto;Conducente;M;Illeso;0;;;
5960708;18;13/05/2022 16:00:00;Strada Urbana;VIA DI VALLELUNGA;in prossimità;;del civico n.;104;;Scontro frontale fra veicoli in marcia;Rettilineo;Una carreggiata a senso unico di marcia;Asciutto;Asfaltata;Verticale ed orizzontale;Sereno;Scarso;Buona;;1;0;0;2;12.3917;41.9085;-1;2;Autovettura privata;In marcia / fermata / arresto;Conducente;M;Illeso;0;;;
5960708;18;13/05/2022 16:00:00;Strada Urbana;VIA DI VALLELUNGA;in prossimità;;del civico n.;104;;Scontro frontale fra veicoli in marcia;Rettilineo;Una carreggiata a senso unico di marcia;Asciutto;Asfaltata;Verticale ed orizzontale;Sereno;Scarso;Buona;;1;0;0;2;12.3917;41.9085;-1;2;Autovettura privata;In marcia / fermata / arresto;Passeggero;F;Rimandato;0;NON DECEDUTO;;
5960722;17;14/05/2022 11:50:00;Strada Urbana;VIALE GIUSEPPE MAZZINI;in corrispondenza;;del civico n.;112;;Veicolo in marcia contro veicolo in sosta;Rettilineo;Due carreggiate;Asciutto;Asfaltata;Verticale ed orizzontale;Sereno;Normale;Buona;;0;0;0;0;12.46;41.9155;-1;1;Autovettura privata;Sosta;;;;;;;
5960722;17;14/05/2022 11:50:00;Strada Urbana;VIALE GIUSEPPE MAZZINI;in corrispondenza;;del civico n.;112;;Veicolo in marcia contro veicolo in sosta;Rettilineo;Due carreggiate;Asciutto;Asfaltata;Verticale ed orizzontale;Sereno;Normale;Buona;;0;0;0;0;12.46;41.9155;-1;2;Autovettura privata;Allontanatosi;;;;;;;
5960733;2;13/05/2022 17:00:00;Strada Urbana;CORSO DI FRANCIA;da specificare;;;;dir. Parioli sopra Via De Coubertin;Tamponamento;Rettilineo;Una carreggiata a senso unico di marcia;Asciutto;Asfaltata;Verticale ed orizzontale;Sereno;Normale;Buona;;2;0;0;0;12.4732;41.9285;-1;1;Ciclomotore;In marcia / fermata / arresto;Conducente;M;Ricoverato;0;NON DECEDUTO;;
5960733;2;13/05/2022 17:00:00;Strada Urbana;CORSO DI FRANCIA;da specificare;;;;dir. Parioli sopra Via De Coubertin;Tamponamento;Rettilineo;Una carreggiata a senso unico di marcia;Asciutto;Asfaltata;Verticale ed orizzontale;Sereno;Normale;Buona;;2;0;0;0;12.4732;41.9285;-1;1;Ciclomotore;In marcia / fermata / arresto;Passeggero;F;Ricoverato;0;NON DECEDUTO;Non accertato;
5960733;2;13/05/2022 17:00:00;Strada Urbana;CORSO DI FRANCIA;da specificare;;;;dir. Parioli sopra Via De Coubertin;Tamponamento;Rettilineo;Una carreggiata a senso unico di marcia;Asciutto;Asfaltata;Verticale ed orizzontale;Sereno;Normale;Buona;;2;0;0;0;12.4732;41.9285;-1;2;Motociclo a solo;Allontanatosi;;;;;;;
5960736;18;13/05/2022 18:20:00;Statale;VIA AURELIA;in prossimità;;della chilometrica;18;;Scontro frontale fra veicoli in marcia;Rettilineo;Due carreggiate;Asciutto;Asfaltata;Verticale ed orizzontale;Sereno;Normale;Buona;;2;0;0;2;12.4012;41.8861;-1;1;Autovettura privata;In marcia / fermata / arresto;Conducente;M;Illeso;0;;;
5960736;18;13/05/2022 18:20:00;Statale;VIA AURELIA;in prossimità;;della chilometrica;18;;Scontro frontale fra veicoli in marcia;Rettilineo;Due carreggiate;Asciutto;Asfaltata;Verticale ed orizzontale;Sereno;Normale;Buona;;2;0;0;2;12.4012;41.8861;-1;1;Autovettura privata;In marcia / fermata / arresto;Passeggero;F;Rimandato;0;NON DECEDUTO;;
5960736;18;13/05/2022 18:20:00;Statale;VIA AURELIA;in prossimità;;della chilometrica;18;;Scontro frontale fra veicoli in marcia;Rettilineo;Due carreggiate;Asciutto;Asfaltata;Verticale ed orizzontale;Sereno;Normale;Buona;;2;0;0;2;12.4012;41.8861;-1;2;Autovettura privata;In marcia / fermata / arresto;Conducente;M;Illeso;0;;;
5960736;18;13/05/2022 18:20:00;Statale;VIA AURELIA;in prossimità;;della chilometrica;18;;Scontro frontale fra veicoli in marcia;Rettilineo;Due carreggiate;Asciutto;Asfaltata;Verticale ed orizzontale;Sereno;Normale;Buona;;2;0;0;2;12.4012;41.8861;-1;2;Autovettura privata;In marcia / fermata / arresto;Passeggero;F;Rimandato;0;NON DECEDUTO;;
5960740;7;14/05/2022 03:00:00;Strada Urbana;VIA PRENESTINA;da specificare;;;;altezza fermata atac larici;Ribaltamento senza urto contro ostacolo fisso;Rettilineo;Una carreggiata a senso unico di marcia;Asciutto;Asfaltata;Assente;Sereno;Scarso;Buona;;1;0;0;2;12.6155;41.8933;-1;1;Autovettura privata;In marcia / fermata / arresto;Conducente;M;Rimandato;0;NON DECEDUTO;;
5960740;7;14/05/2022 03:00:00;Strada Urbana;VIA PRENESTINA;da specificare;;;;altezza fermata atac larici;Ribaltamento senza urto contro ostacolo fisso;Rettilineo;Una carreggiata a senso unico di marcia;Asciutto;Asfaltata;Assente;Sereno;Scarso;Buona;;1;0;0;2;12.6155;41.8933;-1;1;Autovettura privata;In marcia / fermata / arresto;Passeggero;F;Illeso;0;;;
5960740;7;14/05/2022 03:00:00;Strada Urbana;VIA PRENESTINA;da specificare;;;;altezza fermata atac larici;Ribaltamento senza urto contro ostacolo fisso;Rettilineo;Una carreggiata a senso unico di marcia;Asciutto;Asfaltata;Assente;Sereno;Scarso;Buona;;1;0;0;2;12.6155;41.8933;-1;1;Autovettura privata;In marcia / fermata / arresto;Passeggero;M;Illeso;0;;;
5960744;4;15/05/2022 01:00:00;Strada Urbana;CORSO SEMPIONE;all'intersezione semaforizzata con;VIA MAIELLA;VIA MAIELLA;;;Investimento di pedone;Intersezione semaforizzata;Una carreggiata a senso unico di marcia;Asciutto;Asfaltata;Verticale ed orizzontale;Sereno;Normale;Buona;;1;0;0;2;12.5342;41.9354;-1;;;;Pedone;F;Rimandato;0;NON DECEDUTO;;
5960744;4;15/05/2022 01:00:00;Strada Urbana;CORSO SEMPIONE;all'intersezione semaforizzata con;VIA MAIELLA;VIA MAIELLA;;;Investimento di pedone;Intersezione semaforizzata;Una carreggiata a senso unico di marcia;Asciutto;Asfaltata;Verticale ed orizzontale;Sereno;Normale;Buona;;1;0;0;2;12.5342;41.9354;-1;1;Autovettura privata;In marcia / fermata / arresto;Conducente;M;Illeso;0;;Non accertato;Inesploso
5960744;4;15/05/2022 01:00:00;Strada Urbana;CORSO SEMPIONE;all'intersezione semaforizzata con;VIA MAIELLA;VIA MAIELLA;;;Investimento di pedone;Intersezione semaforizzata;Una carreggiata a senso unico di marcia;Asciutto;Asfaltata;Verticale ed orizzontale;Sereno;Normale;Buona;;1;0;0;2;12.5342;41.9354;-1;1;Autovettura privata;In marcia / fermata / arresto;Passeggero;F;Illeso;0;;Non accertato;Inesploso
5960746;10;16/05/2022 08:15:00;Strada Urbana;VIA DEI SETTE METRI;all'intersezione con;VIA DEL FONTANILE ANAGNINO;VIA DEL FONTANILE ANAGNINO;;;Scontro laterale fra veicoli in marcia;Intersezione stradale segnalata;Una carreggiata a doppio senso;Asciutto;Asfaltata;Verticale ed orizzontale;Sereno;Normale;Buona;;0;0;0;2;12.6058;41.8143;-1;1;Autovettura privata;In marcia / fermata / arresto;Conducente;M;Illeso;0;;Non accertato;Inesploso
5960746;10;16/05/2022 08:15:00;Strada Urbana;VIA DEI SETTE METRI;all'intersezione con;VIA DEL FONTANILE ANAGNINO;VIA DEL FONTANILE ANAGNINO;;;Scontro laterale fra veicoli in marcia;Intersezione stradale segnalata;Una carreggiata a doppio senso;Asciutto;Asfaltata;Verticale ed orizzontale;Sereno;Normale;Buona;;0;0;0;2;12.6058;41.8143;-1;2;Motociclo a solo;In marcia / fermata / arresto;Conducente;M;Illeso;0;;Utilizzato;
5960753;4;14/05/2022 13:55:00;Strada Urbana;VIA MONTE CERVIALTO;da specificare;;;;fronte civico 129/A;Veicolo in marcia contro veicoli in sosta;Rettilineo;Una carreggiata a doppio senso;Asciutto;Asfaltata;Verticale ed orizzontale;Sereno;Normale;Buona;;0;0;0;1;12.5232;41.9541;-1;1;Autovettura privata;Sosta;;;;;;;
5960753;4;14/05/2022 13:55:00;Strada Urbana;VIA MONTE CERVIALTO;da specificare;;;;fronte civico 129/A;Veicolo in marcia contro veicoli in sosta;Rettilineo;Una carreggiata a doppio senso;Asciutto;Asfaltata;Verticale ed orizzontale;Sereno;Normale;Buona;;0;0;0;1;12.5232;41.9541;-1;2;Autovettura privata;Sosta;;;;;;;
5960753;4;14/05/2022 13:55:00;Strada Urbana;VIA MONTE CERVIALTO;da specificare;;;;fronte civico 129/A;Veicolo in marcia contro veicoli in sosta;Rettilineo;Una carreggiata a doppio senso;Asciutto;Asfaltata;Verticale ed orizzontale;Sereno;Normale;Buona;;0;0;0;1;12.5232;41.9541;-1;3;Autovettura privata;Sosta;;;;;;;
5960753;4;14/05/2022 13:55:00;Strada Urbana;VIA MONTE CERVIALTO;da specificare;;;;fronte civico 129/A;Veicolo in marcia contro veicoli in sosta;Rettilineo;Una carreggiata a doppio senso;Asciutto;Asfaltata;Verticale ed orizzontale;Sereno;Normale;Buona;;0;0;0;1;12.5232;41.9541;-1;4;Autovettura privata;In marcia / fermata / arresto;Conducente;M;Illeso;0;;Non accertato;Inesploso
5960766;5;15/05/2022 08:30:00;Strada Urbana;VIA TIBURTINA;in corrispondenza;;del civico n.;437;;Veicolo in marcia contro veicoli in sosta;Rettilineo;Più di due carreggiate;Asciutto;Asfaltata;Verticale ed orizzontale;Sereno;Normale;Buona;;0;0;0;1;12.5376;41.9085;-1;1;Autovettura privata;Sosta;;;;;;;
5960766;5;15/05/2022 08:30:00;Strada Urbana;VIA TIBURTINA;in corrispondenza;;del civico n.;437;;Veicolo in marcia contro veicoli in sosta;Rettilineo;Più di due carreggiate;Asciutto;Asfaltata;Verticale ed orizzontale;Sereno;Normale;Buona;;0;0;0;1;12.5376;41.9085;-1;2;Motociclo a solo;Sosta;;;;;;;
5960766;5;15/05/2022 08:30:00;Strada Urbana;VIA TIBURTINA;in corrispondenza;;del civico n.;437;;Veicolo in marcia contro veicoli in sosta;Rettilineo;Più di due carreggiate;Asciutto;Asfaltata;Verticale ed orizzontale;Sereno;Normale;Buona;;0;0;0;1;12.5376;41.9085;-1;3;Autovettura privata;In marcia / fermata / arresto;Conducente;M;Illeso;0;;Non accertato;
5960776;17;14/05/2022 23:30:00;Strada Urbana;PIAZZA DELLE CINQUE GIORNATE;da specificare;;;;in prossimità di VIA SETTEMBRINI;Scontro frontale/laterale DX fra veicoli in marcia;Rettilineo;Una carreggiata a senso unico di marcia;Asciutto;Asfaltata;Verticale ed orizzontale;Sereno;Normale;Sufficiente;;1;0;0;3;12.4693;41.9144;-1;1;Motociclo a solo;In marcia / fermata / arresto;Conducente;M;Rimandato;0;NON DECEDUTO;;
5960776;17;14/05/2022 23:30:00;Strada Urbana;PIAZZA DELLE CINQUE GIORNATE;da specificare;;;;in prossimità di VIA SETTEMBRINI;Scontro frontale/laterale DX fra veicoli in marcia;Rettilineo;Una carreggiata a senso unico di marcia;Asciutto;Asfaltata;Verticale ed orizzontale;Sereno;Normale;Sufficiente;;1;0;0;3;12.4693;41.9144;-1;2;Autovettura privata;In marcia / fermata / arresto;Conducente;M;Illeso;0;;;
5960776;17;14/05/2022 23:30:00;Strada Urbana;PIAZZA DELLE CINQUE GIORNATE;da specificare;;;;in prossimità di VIA SETTEMBRINI;Scontro frontale/laterale DX fra veicoli in marcia;Rettilineo;Una carreggiata a senso unico di marcia;Asciutto;Asfaltata;Verticale ed orizzontale;Sereno;Normale;Sufficiente;;1;0;0;3;12.4693;41.9144;-1;2;Autovettura privata;In marcia / fermata / arresto;Passeggero;F;Illeso;0;;Non accertato;
5960776;17;14/05/2022 23:30:00;Strada Urbana;PIAZZA DELLE CINQUE GIORNATE;da specificare;;;;in prossimità di VIA SETTEMBRINI;Scontro frontale/laterale DX fra veicoli in marcia;Rettilineo;Una carreggiata a senso unico di marcia;Asciutto;Asfaltata;Verticale ed orizzontale;Sereno;Normale;Sufficiente;;1;0;0;3;12.4693;41.9144;-1;3;Autovettura privata;In marcia / fermata / arresto;Conducente;F;Illeso;0;;;
5960780;5;15/05/2022 16:30:00;Strada Urbana;VIALE KANT;all'intersezione semaforizzata con;VIA NOMENTANA;VIA NOMENTANA;;;Veicolo in marcia contro ostacolo fisso;Intersezione semaforizzata;Due carreggiate;Asciutto;Asfaltata;Verticale ed orizzontale;Sereno;Normale;Buona;;0;0;0;2;12.5524;41.9411;-1;1;Autovettura privata;In marcia / fermata / arresto;Conducente;M;Illeso;0;;Non accertato;
5960780;5;15/05/2022 16:30:00;Strada Urbana;VIALE KANT;all'intersezione semaforizzata con;VIA NOMENTANA;VIA NOMENTANA;;;Veicolo in marcia contro ostacolo fisso;Intersezione semaforizzata;Due carreggiate;Asciutto;Asfaltata;Verticale ed orizzontale;Sereno;Normale;Buona;;0;0;0;2;12.5524;41.9411;-1;1;Autovettura privata;In marcia / fermata / arresto;Passeggero;M;Illeso;0;;Non accertato;
5960792;5;15/05/2022 17:00:00;Strada Urbana;VIALE KANT;all'intersezione semaforizzata con;VIA NOMENTANA;VIA NOMENTANA;;;Veicolo in marcia contro veicolo arresto;Intersezione semaforizzata;Due carreggiate;Asciutto;Asfaltata;Verticale ed orizzontale;Sereno;Normale;Buona;;0;0;0;2;12.5525;41.9411;-1;1;Autovettura privata;In marcia / fermata / arresto;Conducente;M;Illeso;0;;Non accertato;Inesploso
5960792;5;15/05/2022 17:00:00;Strada Urbana;VIALE KANT;all'intersezione semaforizzata con;VIA NOMENTANA;VIA NOMENTANA;;;Veicolo in marcia contro veicolo arresto;Intersezione semaforizzata;Due carreggiate;Asciutto;Asfaltata;Verticale ed orizzontale;Sereno;Normale;Buona;;0;0;0;2;12.5525;41.9411;-1;2;Autobus di linea;In marcia / fermata / arresto;Conducente;F;Illeso;0;;Non accertato;Inesploso
5960809;4;15/05/2022 05:00:00;Strada Urbana;VIALE SOMALIA;all'intersezione semaforizzata con;VIA ANTRODOCO;VIA ANTRODOCO;;;Scontro laterale fra veicoli in marcia;Incrocio;Due carreggiate;Asciutto;Asfaltata;Verticale ed orizzontale;Sereno;Scarso;Buona;;1;0;0;1;12.5151;41.936;-1;1;Autovettura privata;In marcia / fermata / arresto;Conducente;M;Illeso;0;;;