Protocollo;Gruppo;DataOraIncidente;Localizzazione1;STRADA1;Localizzazione2;STRADA2;Strada02;Chilometrica;DaSpecificare;NaturaIncidente;particolaritastrade;TipoStrada;FondoStradale;Pavimentazione;Segnaletica;CondizioneAtmosferica;Traffico;Visibilita;Illuminazione;NUM_FERITI;NUM_RISERVATA;NUM_MORTI;NUM_ILLESI;Longitude;Latitude;Confermato;Progressivo;TipoVeicolo;StatoVeicolo;TipoPersona;Sesso;Tipolesione;Deceduto;DecedutoDopo;CinturaCascoUtilizzato;Airbag;
5966489;1;19/05/2022 08:10:00;Strada Urbana;PASSEGGIATA DEL GIANICOLO;da specificare;;;;altezza Rampa della quercia;Investimento di pedone;Rettilineo;Una carreggiata a doppio senso;Asciutto;Asfaltata;Verticale ed orizzontale;Sereno;Normale;Buona;;1;0;0;1;12.4606;41.8936;-1;1;Motociclo a solo;In marcia / fermata / arresto;Conducente;M;Illeso;0;;Non accertato;
5966501;7;19/05/2022 09:00:00;Strada Urbana;VIA CASILINA;in corrispondenza;;del civico n.;813;;Tamponamento;Rettilineo;Due carreggiate;Asciutto;Asfaltata;Orizzontale;Sereno;Intenso;Buona;;0;0;0;2;12.5597;41.8753;-1;1;Autocarro superiore 35 q.;In marcia / fermata / arresto;Conducente;M;Illeso;0;;Non accertato;Inesploso
5966501;7;19/05/2022 09:00:00;Strada Urbana;VIA CASILINA;in corrispondenza;;del civico n.;813;;Tamponamento;Rettilineo;Due carreggiate;Asciutto;Asfaltata;Orizzontale;Sereno;Intenso;Buona;;0;0;0;2;12.5597;41.8753;-1;2;Autovettura privata;In marcia / fermata / arresto;Conducente;F;Illeso;0;;Non accertato;Inesploso
5966534;12;18/05/2022 21:30:00;Statale;VIA PONTINA;da specificare;;;;pross. km 12,400 dir. Latina;Scontro frontale/laterale DX fra veicoli in marcia;Rettilineo;Due carreggiate;Asciutto;Asfaltata;Verticale ed orizzontale;Sereno;Normale;Buona;;0;0;0;2;12.4522;41.794;-1;1;Autovettura privata;In marcia / fermata / arresto;Conducente;M;Illeso;0;;Non accertato;Esploso
5966534;12;18/05/2022 21:30:00;Statale;VIA PONTINA;da specificare;;;;pross. km 12,400 dir. Latina;Scontro frontale/laterale DX fra veicoli in marcia;Rettilineo;Due carreggiate;Asciutto;Asfaltata;Verticale ed orizzontale;Sereno;Normale;Buona;;0;0;0;2;12.4522;41.794;-1;2;Autovettura privata;In marcia / fermata / arresto;Conducente;M;Illeso;0;;;
5966579;12;18/05/2022 10:00:00;Strada Urbana;VIA DI DECIMA;in prossimità;;del palo luce n.;29;;Veicolo in marcia contro ostacolo fisso;Rettilineo;Una carreggiata a doppio senso;Asciutto;Asfaltata;Verticale ed orizzontale;Sereno;Normale;Buona;;0;0;0;1;12.4516;41.8151;-1;1;Autovettura privata;In marcia / fermata / arresto;Conducente;F;Illeso;0;;;
5966584;1;19/05/2022 08:55:00;Strada Urbana;VIA DELL'AMBA ARADAM;in corrispondenza;;del palo luce n.;5;;Infortunio per sola frenata improvvisa;Rettilineo;Una carreggiata a doppio senso;Asciutto;Asfaltata;Orizzontale;Sereno;Intenso;Buona;;1;0;0;0;12.5027;41.8854;0;1;Motociclo a solo;In marcia / fermata / arresto;Conducente;M;Rimandato;0;NON DECEDUTO;;
5966584;1;19/05/2022 08:55:00;Strada Urbana;VIA DELL'AMBA ARADAM;in corrispondenza;;del palo luce n.;5;;Infortunio per sola frenata improvvisa;Rettilineo;Una carreggiata a doppio senso;Asciutto;Asfaltata;Orizzontale;Sereno;Intenso;Buona;;1;0;0;0;12.5027;41.8854;0;2;Autovettura privata;Allontanatosi;;;;;;;
5966590;18;18/05/2022 21:15:00;Strada Urbana;VIA AURELIA;in corrispondenza;;del civico n.;660;;Veicolo in marcia contro veicolo in sosta;Rettilineo;Più di due carreggiate;Asciutto;Asfaltata;Verticale ed orizzontale;Sereno;Scarso;Buona;;0;0;0;1;12.4164;41.8948;-1;1;Autocarro inferiore 35 q.;In marcia / fermata / arresto;Conducente;M;Illeso;0;;Non accertato;Inesploso
5966590;18;18/05/2022 21:15:00;Strada Urbana;VIA AURELIA;in corrispondenza;;del civico n.;660;;Veicolo in marcia contro veicolo in sosta;Rettilineo;Più di due carreggiate;Asciutto;Asfaltata;Verticale ed orizzontale;Sereno;Scarso;Buona;;0;0;0;1;12.4164;41.8948;-1;2;Autovettura privata;Sosta;;;;;;;
5966618;6;19/05/2022 09:15:00;Strada Urbana;VIA TORRE ANNUNZIATA;in prossimità;;del civico n.;1;;Veicolo in marcia contro veicolo in sosta;Rettilineo;Una carreggiata a doppio senso;Asciutto;Asfaltata;Verticale;Sereno;Normale;Buona;;0;0;0;0;12.5491;41.8909;-1;2;Autovettura privata;Sosta;;;;;;;
5966689;12;17/05/2022 16:00:00;Strada Urbana;VIA LAURENTINA;da specificare;;;;alt. rotatoria Vallerano;Tamponamento;Rotatoria;Una carreggiata a senso unico di marcia;Asciutto;Asfaltata;Verticale ed orizzontale;Sereno;Normale;Buona;;2;0;0;1;12.4856;41.8103;-1;1;Autovettura privata;In marcia / fermata / arresto;Conducente;F;Rifiuta cure immediate;0;NON DECEDUTO;;
5966689;12;17/05/2022 16:00:00;Strada Urbana;VIA LAURENTINA;da specificare;;;;alt. rotatoria Vallerano;Tamponamento;Rotatoria;Una carreggiata a senso unico di marcia;Asciutto;Asfaltata;Verticale ed orizzontale;Sereno;Normale;Buona;;2;0;0;1;12.4856;41.8103;-1;1;Autovettura privata;In marcia / fermata / arresto;Passeggero;F;Rimandato;0;NON DECEDUTO;Non accertato;Inesploso
5966689;12;17/05/2022 16:00:00;Strada Urbana;VIA LAURENTINA;da specificare;;;;alt. rotatoria Vallerano;Tamponamento;Rotatoria;Una carreggiata a senso unico di marcia;Asciutto;Asfaltata;Verticale ed orizzontale;Sereno;Normale;Buona;;2;0;0;1;12.4856;41.8103;-1;2;Autobus turistico;In marcia / fermata / arresto;Conducente;M;Illeso;0;;;
5966775;16;19/05/2022 02:45:00;;VIA PORTUENSE;da specificare;;;;in prossimità palo Acea 378;Veicolo in marcia contro ostacolo fisso;;;;;;;;;;1;0;0;1;;;0;1;Autovettura privata;In marcia / fermata / arresto;Conducente;F;Rimandato;0;NON DECEDUTO;;
5966775;16;19/05/2022 02:45:00;;VIA PORTUENSE;da specificare;;;;in prossimità palo Acea 378;Veicolo in marcia contro ostacolo fisso;;;;;;;;;;1;0;0;1;;;0;1;Autovettura privata;In marcia / fermata / arresto;Passeggero;M;Illeso;0;;;
5966829;17;18/05/2022 19:25:00;Strada Urbana;VIA PROPERZIO;in prossimità;;del civico n.;39;;Tamponamento;Rettilineo;Una carreggiata a senso unico di marcia;Asciutto;Asfaltata;Verticale ed orizzontale;Sereno;Normale;Buona;;0;0;0;2;12.4613;41.9053;-1;1;Autovettura privata;In marcia / fermata / arresto;Conducente;M;Illeso;0;;;
5966829;17;18/05/2022 19:25:00;Strada Urbana;VIA PROPERZIO;in prossimità;;del civico n.;39;;Tamponamento;Rettilineo;Una carreggiata a senso unico di marcia;Asciutto;Asfaltata;Verticale ed orizzontale;Sereno;Normale;Buona;;0;0;0;2;12.4613;41.9053;-1;2;Motociclo a solo;In marcia / fermata / arresto;Conducente;M;Illeso;0;;;
5966863;12;19/05/2022 11:10:00;Strada Urbana;VIA LAURENTINA;da specificare;;;;dir.GRA in prossimità Viale Oceano Atlantico ;Scontro laterale fra veicoli in marcia;Rettilineo;Due carreggiate;Asciutto;Asfaltata;Verticale ed orizzontale;Sereno;Normale;Buona;;0;0;0;2;12.4856;41.8103;-1;1;Autocarro inferiore 35 q.;In marcia / fermata / arresto;Conducente;M;Illeso;0;;Utilizzato;Inesploso
5966863;12;19/05/2022 11:10:00;Strada Urbana;VIA LAURENTINA;da specificare;;;;dir.GRA in prossimità Viale Oceano Atlantico ;Scontro laterale fra veicoli in marcia;Rettilineo;Due carreggiate;Asciutto;Asfaltata;Verticale ed orizzontale;Sereno;Normale;Buona;;0;0;0;2;12.4856;41.8103;-1;2;Autovettura privata;In marcia / fermata / arresto;Conducente;M;Illeso;0;;Utilizzato;Inesploso
5966919;12;19/05/2022 08:30:00;;VIALE CESARE PAVESE;all'intersezione con;VIA SALVATORE QUASIMODO;VIA SALVATORE QUASIMODO;;;Tamponamento;;;;;;;;;;0;0;0;0;;;0;;;;;;;;;;
5966920;12;19/05/2022 08:30:00;Strada Urbana;VIALE CESARE PAVESE;da specificare;;;;prossimità Via Salvatore Quasimodo;Tamponamento;Rettilineo;Due carreggiate;Asciutto;Asfaltata;Verticale ed orizzontale;Sereno;Normale;Buona;;1;0;0;1;12.4746;41.8175;-1;1;Autocarro inferiore 35 q.;In marcia / fermata / arresto;Conducente;M;Illeso;0;;Non accertato;Inesploso
5966920;12;19/05/2022 08:30:00;Strada Urbana;VIALE CESARE PAVESE;da specificare;;;;prossimità Via Salvatore Quasimodo;Tamponamento;Rettilineo;Due carreggiate;Asciutto;Asfaltata;Verticale ed orizzontale;Sereno;Normale;Buona;;1;0;0;1;12.4746;41.8175;-1;2;Motociclo a solo;In marcia / fermata / arresto;Conducente;M;Rimandato;0;NON DECEDUTO;Non accertato;
5966922;1;19/05/2022 09:50:00;Strada Urbana;VIA DI PORTA MAGGIORE;in prossimità;;del civico n.;51;;Scontro laterale fra veicoli in marcia;Rettilineo;Più di due carreggiate;Asciutto;Asfaltata;Verticale ed orizzontale;Sereno;Normale;Buona;;2;0;0;2;12.5116;41.8928;-1;1;Autovettura privata;In marcia / fermata / arresto;Conducente;M;Illeso;0;;;
5966922;1;19/05/2022 09:50:00;Strada Urbana;VIA DI PORTA MAGGIORE;in prossimità;;del civico n.;51;;Scontro laterale fra veicoli in marcia;Rettilineo;Più di due carreggiate;Asciutto;Asfaltata;Verticale ed orizzontale;Sereno;Normale;Buona;;2;0;0;2;12.5116;41.8928;-1;1;Autovettura privata;In marcia / fermata / arresto;Passeggero;F;Illeso;0;;;
5966922;1;19/05/2022 09:50:00;Strada Urbana;VIA DI PORTA MAGGIORE;in prossimità;;del civico n.;51;;Scontro laterale fra veicoli in marcia;Rettilineo;Più di due carreggiate;Asciutto;Asfaltata;Verticale ed orizzontale;Sereno;Normale;Buona;;2;0;0;2;12.5116;41.8928;-1;2;Motociclo con passeggero;In marcia / fermata / arresto;Conducente;F;Rimandato;0;NON DECEDUTO;;
5966922;1;19/05/2022 09:50:00;Strada Urbana;VIA DI PORTA MAGGIORE;in prossimità;;del civico n.;51;;Scontro laterale fra veicoli in marcia;Rettilineo;Più di due carreggiate;Asciutto;Asfaltata;Verticale ed orizzontale;Sereno;Normale;Buona;;2;0;0;2;12.5116;41.8928;-1;2;Motociclo con passeggero;In marcia / fermata / arresto;Passeggero;F;Rimandato;0;NON DECEDUTO;;
5966922;1;19/05/2022 09:50:00;Strada Urbana;VIA DI PORTA MAGGIORE;in prossimità;;del civico n.;51;;Scontro laterale fra veicoli in marcia;Rettilineo;Più di due carreggiate;Asciutto;Asfaltata;Verticale ed orizzontale;Sereno;Normale;Buona;;2;0;0;2;12.5116;41.8928;-1;3;Motociclo a solo;Sosta;;;;;;;
5966922;1;19/05/2022 09:50:00;Strada Urbana;VIA DI PORTA MAGGIORE;in prossimità;;del civico n.;51;;Scontro laterale fra veicoli in marcia;Rettilineo;Più di due carreggiate;Asciutto;Asfaltata;Verticale ed orizzontale;Sereno;Normale;Buona;;2;0;0;2;12.5116;41.8928;-1;4;Autovettura privata;Sosta;;;;;;;
5967001;7;19/05/2022 14:45:00;Strada Urbana;VIA DELLE CAMELIE;in prossimità;;del civico n.;10;;Veicolo in marcia contro veicoli in sosta;Rettilineo;Una carreggiata a doppio senso;Asciutto;Asfaltata;Orizzontale;Sereno;Scarso;Buona;;1;0;0;0;12.5652;41.8766;-1;1;Autovettura privata;In marcia / fermata / arresto;Conducente;F;Ricoverato;0;NON DECEDUTO;;
5967001;7;19/05/2022 14:45:00;Strada Urbana;VIA DELLE CAMELIE;in prossimità;;del civico n.;10;;Veicolo in marcia contro veicoli in sosta;Rettilineo;Una carreggiata a doppio senso;Asciutto;Asfaltata;Orizzontale;Sereno;Scarso;Buona;;1;0;0;0;12.5652;41.8766;-1;2;Autovettura privata;Sosta;;;;;;;
5967001;7;19/05/2022 14:45:00;Strada Urbana;VIA DELLE CAMELIE;in prossimità;;del civico n.;10;;Veicolo in marcia contro veicoli in sosta;Rettilineo;Una carreggiata a doppio senso;Asciutto;Asfaltata;Orizzontale;Sereno;Scarso;Buona;;1;0;0;0;12.5652;41.8766;-1;3;Autovettura privata;Sosta;;;;;;;
5967001;7;19/05/2022 14:45:00;Strada Urbana;VIA DELLE CAMELIE;in prossimità;;del civico n.;10;;Veicolo in marcia contro veicoli in sosta;Rettilineo;Una carreggiata a doppio senso;Asciutto;Asfaltata;Orizzontale;Sereno;Scarso;Buona;;1;0;0;0;12.5652;41.8766;-1;4;Autovettura privata;Sosta;;;;;;;
5967029;1;19/05/2022 09:45:00;Strada Urbana;LARGO CHIGI;in prossimità;;del civico n.;24;;Scontro laterale fra veicoli in marcia;Rettilineo;Una carreggiata a senso unico di marcia;Asciutto;Asfaltata;Verticale ed orizzontale;Sereno;Intenso;Buona;;0;0;0;2;12.4804;41.9015;-1;1;Autovettura privata;In marcia / fermata / arresto;Conducente;M;Illeso;0;;;
5967029;1;19/05/2022 09:45:00;Strada Urbana;LARGO CHIGI;in prossimità;;del civico n.;24;;Scontro laterale fra veicoli in marcia;Rettilineo;Una carreggiata a senso unico di marcia;Asciutto;Asfaltata;Verticale ed orizzontale;Sereno;Intenso;Buona;;0;0;0;2;12.4804;41.9015;-1;2;Autovettura di polizia;In marcia / fermata / arresto;Conducente;M;Illeso;0;;;
5967046;16;18/05/2022 06:40:00;Strada Urbana;VIA DI VILLA TROILI;all'intersezione con;VIA AURELIA;VIA AURELIA;;;Scontro frontale/laterale DX fra veicoli in marcia;Intersezione stradale segnalata;Una carreggiata a doppio senso;Asciutto;Asfaltata;Verticale;Sereno;Scarso;Buona;;0;0;0;2;12.4069;41.8814;-1;1;Autovettura privata;In marcia / fermata / arresto;Conducente;M;Illeso;0;;Non accertato;Inesploso
5967046;16;18/05/2022 06:40:00;Strada Urbana;VIA DI VILLA TROILI;all'intersezione con;VIA AURELIA;VIA AURELIA;;;Scontro frontale/laterale DX fra veicoli in marcia;Intersezione stradale segnalata;Una carreggiata a doppio senso;Asciutto;Asfaltata;Verticale;Sereno;Scarso;Buona;;0;0;0;2;12.4069;41.8814;-1;2;Autovettura privata;In marcia / fermata / arresto;Conducente;F;Illeso;0;;Non accertato;Inesploso
5967066;16;18/05/2022 08:00:00;Strada Urbana;VIA FEDERICO OZANAM;in corrispondenza;;del civico n.;36;;Veicolo in marcia contro ostacolo accidentale;Rettilineo;Una carreggiata a doppio senso;Asciutto;Asfaltata;Verticale ed orizzontale;Sereno;Normale;Sufficiente;;0;0;0;3;12.4479;41.8758;-1;1;Autovettura privata;In marcia / fermata / arresto;Conducente;F;Illeso;0;;Non accertato;Inesploso
5967066;16;18/05/2022 08:00:00;Strada Urbana;VIA FEDERICO OZANAM;in corrispondenza;;del civico n.;36;;Veicolo in marcia contro ostacolo accidentale;Rettilineo;Una carreggiata a doppio senso;Asciutto;Asfaltata;Verticale ed orizzontale;Sereno;Normale;Sufficiente;;0;0;0;3;12.4479;41.8758;-1;1;Autovettura privata;In marcia / fermata / arresto;Passeggero;M;Illeso;0;;Non accertato;Inesploso
5967066;16;18/05/2022 08:00:00;Strada Urbana;VIA FEDERICO OZANAM;in corrispondenza;;del civico n.;36;;Veicolo in marcia contro ostacolo accidentale;Rettilineo;Una carreggiata a doppio senso;Asciutto;Asfaltata;Verticale ed orizzontale;Sereno;Normale;Sufficiente;;0;0;0;3;12.4479;41.8758;-1;2;Autocarro inferiore 35 q.;In marcia / fermata / arresto;Conducente;M;Illeso;0;;Non accertato;Inesploso
5967067;19;19/05/2022 14:00:00;Strada Urbana;VIA UGO DE CAROLIS;in prossimità;;del civico n.;47;;Investimento di pedone;Rettilineo;Una carreggiata a doppio senso;Asciutto;Asfaltata;Orizzontale;Sereno;Normale;Buona;;1;0;0;1;12.4405;41.9141;-1;;;;Pedone;M;Rimandato;0;NON DECEDUTO;;
5967067;19;19/05/2022 14:00:00;Strada Urbana;VIA UGO DE CAROLIS;in prossimità;;del civico n.;47;;Investimento di pedone;Rettilineo;Una carreggiata a doppio senso;Asciutto;Asfaltata;Orizzontale;Sereno;Normale;Buona;;1;0;0;1;12.4405;41.9141;-1;1;Autovettura privata;In marcia / fermata / arresto;Conducente;M;Illeso;0;;;
5967074;17;18/05/2022 16:50:00;Strada Urbana;VIALE ANGELICO;in prossimità;;del civico n.;88;;Scontro laterale fra veicoli in marcia;Rettilineo;Più di due carreggiate;Asciutto;Asfaltata;Verticale ed orizzontale;Sereno;Scarso;Buona;;0;0;0;3;12.4589;41.9205;-1;1;Autovettura privata;In marcia / fermata / arresto;Conducente;M;Illeso;0;;;
5967074;17;18/05/2022 16:50:00;Strada Urbana;VIALE ANGELICO;in prossimità;;del civico n.;88;;Scontro laterale fra veicoli in marcia;Rettilineo;Più di due carreggiate;Asciutto;Asfaltata;Verticale ed orizzontale;Sereno;Scarso;Buona;;0;0;0;3;12.4589;41.9205;-1;1;Autovettura privata;In marcia / fermata / arresto;Passeggero;F;Illeso;0;;;
5967074;17;18/05/2022 16:50:00;Strada Urbana;VIALE ANGELICO;in prossimità;;del civico n.;88;;Scontro laterale fra veicoli in marcia;Rettilineo;Più di due carreggiate;Asciutto;Asfaltata;Verticale ed orizzontale;Sereno;Scarso;Buona;;0;0;0;3;12.4589;41.9205;-1;2;Autovettura privata;In marcia / fermata / arresto;Conducente;M;Illeso;0;;;
5967115;16;18/05/2022 08:05:00;Strada Urbana;LARGO DON LUIGI GUANELLA;da specificare;;;;fronte civico 3;Tamponamento;Rettilineo;Una carreggiata a doppio senso;Asciutto;Asfaltata;Verticale ed orizzontale;Sereno;Intenso;Buona;;0;0;0;2;12.4216;41.8883;0;1;Autovettura privata;In marcia / fermata / arresto;Conducente;F;Illeso;0;;Non accertato;Inesploso
5967115;16;18/05/2022 08:05:00;Strada Urbana;LARGO DON LUIGI GUANELLA;da specificare;;;;fronte civico 3;Tamponamento;Rettilineo;Una carreggiata a doppio senso;Asciutto;Asfaltata;Verticale ed orizzontale;Sereno;Intenso;Buona;;0;0;0;2;12.4216;41.8883;0;2;Autovettura privata;In marcia / fermata / arresto;Conducente;F;Illeso;0;;Non accertato;Inesploso
5967127;19;19/05/2022 12:00:00;Strada Urbana;VIA STRESA;da specificare;;;;all'altezza di Via Madesimo;Veicolo in marcia contro veicolo in sosta;Curva senza visuale libera;Una carreggiata a senso unico di marcia;Asciutto;Asfaltata;Orizzontale;Sereno;Normale;Buona;;0;0;0;0;12.4402;41.9377;-1;1;Motociclo a solo;Sosta;;;;;;;
5967127;19;19/05/2022 12:00:00;Strada Urbana;VIA STRESA;da specificare;;;;all'altezza di Via Madesimo;Veicolo in marcia contro veicolo in sosta;Curva senza visuale libera;Una carreggiata a senso unico di marcia;Asciutto;Asfaltata;Orizzontale;Sereno;Normale;Buona;;0;0;0;0;12.4402;41.9377;-1;2;Autocarro inferiore 35 q.;In marcia / fermata / arresto;;;;;;;
5967142;16;18/05/2022 08:50:00;Strada Urbana;VIA DI BRAVETTA;da specificare;;;;fronte civico 336;Scontro laterale fra veicoli in marcia;Rettilineo;Una carreggiata a doppio senso;Asciutto;Asfaltata;Verticale ed orizzontale;Sereno;Normale;Buona;;0;0;0;2;12.4257;41.8762;-1;1;Autovettura privata;In marcia / fermata / arresto;Conducente;F;Illeso;0;;Non accertato;Inesploso
5967142;16;18/05/2022 08:50:00;Strada Urbana;VIA DI BRAVETTA;da specificare;;;;fronte civico 336;Scontro laterale fra veicoli in marcia;Rettilineo;Una carreggiata a doppio senso;Asciutto;Asfaltata;Verticale ed orizzontale;Sereno;Normale;Buona;;0;0;0;2;12.4257;41.8762;-1;2;Velocipede;In marcia / fermata / arresto;Conducente;M;Illeso;0;;Esente;
5967154;15;19/05/2022 08:15:00;Strada Urbana;VIA GIOVANNI VOLPATO;da specificare;;;;sotto il fornice, corsia esterna direz. Via Rolli;Tamponamento Multiplo;Galleria non illuminata;Più di due carreggiate;Asciutto;Asfaltata;Verticale;Sereno;Intenso;Buona;;0;0;0;3;12.4674;41.8714;-1;1;Autovettura privata;In marcia / fermata / arresto;Conducente;M;Illeso;0;;Non accertato;Inesploso
5967154;15;19/05/2022 08:15:00;Strada Urbana;VIA GIOVANNI VOLPATO;da specificare;;;;sotto il fornice, corsia esterna direz. Via Rolli;Tamponamento Multiplo;Galleria non illuminata;Più di due carreggiate;Asciutto;Asfaltata;Verticale;Sereno;Intenso;Buona;;0;0;0;3;12.4674;41.8714;-1;2;Autovettura privata;In marcia / fermata / arresto;Conducente;M;Illeso;0;;Non accertato;Inesploso
5967154;15;19/05/2022 08:15:00;Strada Urbana;VIA GIOVANNI VOLPATO;da specificare;;;;sotto il fornice, corsia esterna direz. Via Rolli;Tamponamento Multiplo;Galleria non illuminata;Più di due carreggiate;Asciutto;Asfaltata;Verticale;Sereno;Intenso;Buona;;0;0;0;3;12.4674;41.8714;-1;3;Autovettura privata;In marcia / fermata / arresto;Conducente;F;Illeso;0;;Non accertato;Inesploso
5967183;7;19/05/2022 16:30:00;Strada Urbana;VIA PRENESTINA;in corrispondenza;;del civico n.;580;;Scontro frontale/laterale DX fra veicoli in marcia;Rettilineo;Una carreggiata a doppio senso;Asciutto;Asfaltata;Orizzontale;Sereno;Normale;Buona;;0;0;0;2;12.5788;41.8942;-1;1;Autovettura privata;In marcia / fermata / arresto;Conducente;M;Illeso;0;;;
5967183;7;19/05/2022 16:30:00;Strada Urbana;VIA PRENESTINA;in corrispondenza;;del civico n.;580;;Scontro frontale/laterale DX fra veicoli in marcia;Rettilineo;Una carreggiata a doppio senso;Asciutto;Asfaltata;Orizzontale;Sereno;Normale;Buona;;0;0;0;2;12.5788;41.8942;-1;2;Autocarro superiore 35 q.;In marcia / fermata / arresto;Conducente;M;Illeso;0;;;
5967226;16;19/05/2022 07:50:00;Strada Urbana;VIA DI BRAVETTA;all'intersezione con;VIA DELLA PISANA;VIA DELLA PISANA;;;Scontro laterale fra veicoli in marcia;Intersezione stradale segnalata;Una carreggiata a doppio senso;Asciutto;Asfaltata;Verticale ed orizzontale;Sereno;Intenso;Buona;;0;0;0;2;12.4257;41.8762;-1;1;Autovettura privata;In marcia / fermata / arresto;Conducente;F;Illeso;0;;Non accertato;Inesploso
5967226;16;19/05/2022 07:50:00;Strada Urbana;VIA DI BRAVETTA;all'intersezione con;VIA DELLA PISANA;VIA DELLA PISANA;;;Scontro laterale fra veicoli in marcia;Intersezione stradale segnalata;Una carreggiata a doppio senso;Asciutto;Asfaltata;Verticale ed orizzontale;Sereno;Intenso;Buona;;0;0;0;2;12.4257;41.8762;-1;2;Autobus di linea;In marcia / fermata / arresto;Conducente;M;Illeso;0;;Non accertato;Inesploso
5967248;15;19/05/2022 14:20:00;Strada Urbana;VIA DELLA MAGLIANA;in corrispondenza;;del palo luce n.;295;;Tamponamento;Rettilineo;Una carreggiata a doppio senso;Asciutto;Asfaltata;Orizzontale;Sereno;Intenso;Buona;;0;0;0;3;12.4196;41.8317;-1;1;Autovettura privata;In marcia / fermata / arresto;Conducente;F;Illeso;0;;Non accertato;Inesploso
5967248;15;19/05/2022 14:20:00;Strada Urbana;VIA DELLA MAGLIANA;in corrispondenza;;del palo luce n.;295;;Tamponamento;Rettilineo;Una carreggiata a doppio senso;Asciutto;Asfaltata;Orizzontale;Sereno;Intenso;Buona;;0;0;0;3;12.4196;41.8317;-1;1;Autovettura privata;In marcia / fermata / arresto;Passeggero;F;Illeso;0;;Non accertato;Inesploso
5967248;15;19/05/2022 14:20:00;Strada Urbana;VIA DELLA MAGLIANA;in corrispondenza;;del palo luce n.;295;;Tamponamento;Rettilineo;Una carreggiata a doppio senso;Asciutto;Asfaltata;Orizzontale;Sereno;Intenso;Buona;;0;0;0;3;12.4196;41.8317;-1;2;Autovettura privata;In marcia / fermata / arresto;Conducente;F;Illeso;0;;Non accertato;Inesploso
5967290;16;19/05/2022 09:45:00;Strada Urbana;VIA DI BRAVETTA;in corrispondenza;;del civico n.;383;;Scontro laterale fra veicoli in marcia;Rettilineo;Una carreggiata a doppio senso;Asciutto;Asfaltata;Verticale ed orizzontale;Sereno;Normale;Buona;;1;0;0;1;12.4267;41.8764;-1;1;Autovettura privata;In marcia / fermata / arresto;Conducente;M;Illeso;0;;;
5967290;16;19/05/2022 09:45:00;Strada Urbana;VIA DI BRAVETTA;in corrispondenza;;del civico n.;383;;Scontro laterale fra veicoli in marcia;Rettilineo;Una carreggiata a doppio senso;Asciutto;Asfaltata;Verticale ed orizzontale;Sereno;Normale;Buona;;1;0;0;1;12.4267;41.8764;-1;2;Motociclo a solo;In marcia / fermata / arresto;Conducente;M;Rimandato;0;NON DECEDUTO;;
5967353;10;19/05/2022 18:00:00;Strada Urbana;VIA ENZO BENEDETTO;in prossimità;;del civico n.;9;;Scontro laterale fra veicoli in marcia;Rettilineo;Una carreggiata a doppio senso;Asciutto;Asfaltata;Verticale ed orizzontale;Sereno;Normale;Buona;;0;0;0;2;12.5816;41.8331;-1;1;Autovettura privata;In marcia / fermata / arresto;Conducente;M;Illeso;0;;Non accertato;Inesploso
5967353;10;19/05/2022 18:00:00;Strada Urbana;VIA ENZO BENEDETTO;in prossimità;;del civico n.;9;;Scontro laterale fra veicoli in marcia;Rettilineo;Una carreggiata a doppio senso;Asciutto;Asfaltata;Verticale ed orizzontale;Sereno;Normale;Buona;;0;0;0;2;12.5816;41.8331;-1;2;Autovettura privata;In marcia / fermata / arresto;Conducente;M;Illeso;0;;Non accertato;Inesploso
5967379;12;19/05/2022 17:20:00;Strada Urbana;VIA DI TOR PAGNOTTA;in prossimità;;del civico n.;374;;Scontro laterale fra veicoli in marcia;Rettilineo;Una carreggiata a doppio senso;Asciutto;Asfaltata;Orizzontale;Sereno;Normale;Buona;;0;0;0;1;12.5225;41.8065;-1;1;Autovettura privata;In marcia / fermata / arresto;Conducente;M;Illeso;0;;Non accertato;Inesploso
5967379;12;19/05/2022 17:20:00;Strada Urbana;VIA DI TOR PAGNOTTA;in prossimità;;del civico n.;374;;Scontro laterale fra veicoli in marcia;Rettilineo;Una carreggiata a doppio senso;Asciutto;Asfaltata;Orizzontale;Sereno;Normale;Buona;;0;0;0;1;12.5225;41.8065;-1;2;Autovettura privata;Allontanatosi;;;;;;;
5967667;15;19/05/2022 18:10:00;Strada Urbana;VIALE GUGLIELMO MARCONI;in corrispondenza;;del civico n.;100;;Scontro laterale fra veicoli in marcia;Rettilineo;Due carreggiate;Asciutto;Asfaltata;Verticale ed orizzontale;Sereno;Intenso;Buona;;0;0;0;2;12.468;41.8674;-1;1;Autovettura privata;In marcia / fermata / arresto;Conducente;M;Illeso;0;;Non accertato;Inesploso
5967667;15;19/05/2022 18:10:00;Strada Urbana;VIALE GUGLIELMO MARCONI;in corrispondenza;;del civico n.;100;;Scontro laterale fra veicoli in marcia;Rettilineo;Due carreggiate;Asciutto;Asfaltata;Verticale ed orizzontale;Sereno;Intenso;Buona;;0;0;0;2;12.468;41.8674;-1;2;Autovettura privata;In marcia / fermata / arresto;Conducente;F;Illeso;0;;Non accertato;Inesploso