Protocollo;Gruppo;DataOraIncidente;Localizzazione1;STRADA1;Localizzazione2;STRADA2;Strada02;Chilometrica;DaSpecificare;NaturaIncidente;particolaritastrade;TipoStrada;FondoStradale;Pavimentazione;Segnaletica;CondizioneAtmosferica;Traffico;Visibilita;Illuminazione;NUM_FERITI;NUM_RISERVATA;NUM_MORTI;NUM_ILLESI;Longitude;Latitude;Confermato;Progressivo;TipoVeicolo;StatoVeicolo;TipoPersona;Sesso;Tipolesione;Deceduto;DecedutoDopo;CinturaCascoUtilizzato;Airbag;
5968762;10;20/05/2022 07:30:00;Strada Urbana;VIALE BRUNO PELIZZI;in corrispondenza;;del civico n.;21;;Tamponamento;Rettilineo;Due carreggiate;Asciutto;Asfaltata;Verticale ed orizzontale;Sereno;Normale;Buona;;2;0;0;1;12.5833;41.854;-1;1;Autovettura privata;In marcia / fermata / arresto;Passeggero;F;Rimandato;0;NON DECEDUTO;Non accertato;Inesploso
5968762;10;20/05/2022 07:30:00;Strada Urbana;VIALE BRUNO PELIZZI;in corrispondenza;;del civico n.;21;;Tamponamento;Rettilineo;Due carreggiate;Asciutto;Asfaltata;Verticale ed orizzontale;Sereno;Normale;Buona;;2;0;0;1;12.5833;41.854;-1;2;Autovettura privata;In marcia / fermata / arresto;Conducente;M;Illeso;0;;Non accertato;Inesploso
5968772;15;20/05/2022 12:50:00;Strada Urbana;VIA GAUDENZIO FANTOLI;in corrispondenza;;del civico n.;35;;Tamponamento;Rettilineo;Una carreggiata a senso unico di marcia;Asciutto;Asfaltata;Verticale ed orizzontale;Sereno;Scarso;Buona;;0;0;0;2;12.4564;41.8602;-1;1;Autovettura privata;In marcia / fermata / arresto;Conducente;M;Illeso;0;;Non accertato;Inesploso
5968772;15;20/05/2022 12:50:00;Strada Urbana;VIA GAUDENZIO FANTOLI;in corrispondenza;;del civico n.;35;;Tamponamento;Rettilineo;Una carreggiata a senso unico di marcia;Asciutto;Asfaltata;Verticale ed orizzontale;Sereno;Scarso;Buona;;0;0;0;2;12.4564;41.8602;-1;2;Autovettura privata;In marcia / fermata / arresto;Conducente;M;Illeso;0;;Non accertato;Inesploso
5968780;10;20/05/2022 09:55:00;Strada Urbana;VIA BERNARDINO ALIMENA;all'intersezione con;VIA FRANCESCO ANTOLISEI;VIA FRANCESCO ANTOLISEI;;;Scontro frontale/laterale DX fra veicoli in marcia;Rotatoria;Due carreggiate;Asciutto;Asfaltata;Verticale ed orizzontale;Sereno;Normale;Buona;;1;0;0;1;12.6057;41.8468;-1;1;Autovettura privata;In marcia / fermata / arresto;Conducente;F;Illeso;0;;Non accertato;Inesploso
5968780;10;20/05/2022 09:55:00;Strada Urbana;VIA BERNARDINO ALIMENA;all'intersezione con;VIA FRANCESCO ANTOLISEI;VIA FRANCESCO ANTOLISEI;;;Scontro frontale/laterale DX fra veicoli in marcia;Rotatoria;Due carreggiate;Asciutto;Asfaltata;Verticale ed orizzontale;Sereno;Normale;Buona;;1;0;0;1;12.6057;41.8468;-1;2;Motociclo a solo;In marcia / fermata / arresto;Conducente;M;Rimandato;0;NON DECEDUTO;Non accertato;
5968783;18;20/05/2022 14:50:00;Strada Urbana;VIA S. BERNADETTE;in corrispondenza;;del civico n.;44;;Scontro laterale fra veicoli in marcia;Rettilineo;Una carreggiata a senso unico di marcia;Asciutto;Asfaltata;Verticale;Sereno;Scarso;Buona;;0;0;0;2;12.4286;41.9023;-1;1;Autovettura privata;In marcia / fermata / arresto;Conducente;M;Illeso;0;;;
5968783;18;20/05/2022 14:50:00;Strada Urbana;VIA S. BERNADETTE;in corrispondenza;;del civico n.;44;;Scontro laterale fra veicoli in marcia;Rettilineo;Una carreggiata a senso unico di marcia;Asciutto;Asfaltata;Verticale;Sereno;Scarso;Buona;;0;0;0;2;12.4286;41.9023;-1;2;Autovettura privata;Allontanatosi;Conducente;;Illeso;0;;;
5968796;10;20/05/2022 10:35:00;Strada Urbana;VIALE ANICIO GALLO;in corrispondenza;;del civico n.;36;;Investimento di pedone;Rettilineo;Due carreggiate;Asciutto;Asfaltata;Verticale ed orizzontale;Sereno;Normale;Buona;;1;0;0;1;12.5615;41.8541;-1;;;;Pedone;F;Rimandato;0;NON DECEDUTO;;
5968796;10;20/05/2022 10:35:00;Strada Urbana;VIALE ANICIO GALLO;in corrispondenza;;del civico n.;36;;Investimento di pedone;Rettilineo;Due carreggiate;Asciutto;Asfaltata;Verticale ed orizzontale;Sereno;Normale;Buona;;1;0;0;1;12.5615;41.8541;-1;1;Autovettura privata;In marcia / fermata / arresto;Conducente;F;Illeso;0;;Non accertato;Inesploso
5968812;7;20/05/2022 14:50:00;Strada Urbana;VIA COLLATINA;all'intersezione con;VIA GUGLIELMO SANSONI;VIA GUGLIELMO SANSONI;;;Tamponamento;Incrocio;Due carreggiate;Asciutto;Asfaltata;Verticale ed orizzontale;Sereno;Normale;Buona;;0;0;0;1;12.584;41.9035;-1;1;Autovettura privata;In marcia / fermata / arresto;Conducente;M;Illeso;0;;Non accertato;Inesploso
5968812;7;20/05/2022 14:50:00;Strada Urbana;VIA COLLATINA;all'intersezione con;VIA GUGLIELMO SANSONI;VIA GUGLIELMO SANSONI;;;Tamponamento;Incrocio;Due carreggiate;Asciutto;Asfaltata;Verticale ed orizzontale;Sereno;Normale;Buona;;0;0;0;1;12.584;41.9035;-1;2;Autovettura privata;In marcia / fermata / arresto;;;;;;;
5968878;12;20/05/2022 11:00:00;Strada Urbana;LARGO PIAZZA TIEN AN MEN;da specificare;;;;VIA DELLA GRANDE MURAGLIA;Scontro laterale fra veicoli in marcia;Rotatoria;Due carreggiate;Asciutto;Asfaltata;Verticale ed orizzontale;Sereno;Normale;Buona;;1;0;0;1;12.4417;41.8133;-1;1;Autovettura privata;In marcia / fermata / arresto;Conducente;F;Illeso;0;;;
5968878;12;20/05/2022 11:00:00;Strada Urbana;LARGO PIAZZA TIEN AN MEN;da specificare;;;;VIA DELLA GRANDE MURAGLIA;Scontro laterale fra veicoli in marcia;Rotatoria;Due carreggiate;Asciutto;Asfaltata;Verticale ed orizzontale;Sereno;Normale;Buona;;1;0;0;1;12.4417;41.8133;-1;2;Motociclo a solo;In marcia / fermata / arresto;Conducente;M;Rimandato;0;NON DECEDUTO;Non accertato;
5968939;12;20/05/2022 13:45:00;Strada Urbana;VIA CIRO IL GRANDE;da specificare;;;;PROX. PL.E DELL'AGRICOLTURA DIR. VIALE AGRICOLTURA;Scontro frontale/laterale DX fra veicoli in marcia;Rettilineo;Una carreggiata a doppio senso;Asciutto;Asfaltata;Verticale ed orizzontale;Sereno;Normale;Buona;;0;0;0;2;12.4698;41.8374;-1;1;Autovettura privata;In marcia / fermata / arresto;Conducente;M;Illeso;0;;Non accertato;Inesploso
5968939;12;20/05/2022 13:45:00;Strada Urbana;VIA CIRO IL GRANDE;da specificare;;;;PROX. PL.E DELL'AGRICOLTURA DIR. VIALE AGRICOLTURA;Scontro frontale/laterale DX fra veicoli in marcia;Rettilineo;Una carreggiata a doppio senso;Asciutto;Asfaltata;Verticale ed orizzontale;Sereno;Normale;Buona;;0;0;0;2;12.4698;41.8374;-1;2;Ciclomotore;In marcia / fermata / arresto;Conducente;M;Illeso;0;;Non accertato;
5968942;17;18/05/2022 17:20:00;Strada Urbana;VIA CIPRO;in prossimità;;del civico n.;64;;Veicolo in marcia contro veicolo in sosta;Rettilineo;Due carreggiate;Asciutto;Asfaltata;Verticale ed orizzontale;Sereno;Normale;Buona;;0;0;0;1;12.4459;41.9066;-1;1;Autovettura privata;Sosta;;;;;;;
5968942;17;18/05/2022 17:20:00;Strada Urbana;VIA CIPRO;in prossimità;;del civico n.;64;;Veicolo in marcia contro veicolo in sosta;Rettilineo;Due carreggiate;Asciutto;Asfaltata;Verticale ed orizzontale;Sereno;Normale;Buona;;0;0;0;1;12.4459;41.9066;-1;2;Autovettura privata;In marcia / fermata / arresto;Conducente;M;Illeso;0;;;
5969039;20;19/05/2022 11:50:00;Strada Urbana;VIA GIORGIO NICOLA PAPANICOLAU;da specificare;;;;interno area di parcheggio riservata ai disabili;Veicolo in marcia contro veicoli in sosta;Rettilineo;Una carreggiata a doppio senso;Asciutto;Asfaltata;Orizzontale;Sereno;Scarso;Buona;;0;0;0;1;12.469;41.9824;-1;1;Autovettura privata;In marcia / fermata / arresto;Conducente;M;Illeso;0;;;
5969039;20;19/05/2022 11:50:00;Strada Urbana;VIA GIORGIO NICOLA PAPANICOLAU;da specificare;;;;interno area di parcheggio riservata ai disabili;Veicolo in marcia contro veicoli in sosta;Rettilineo;Una carreggiata a doppio senso;Asciutto;Asfaltata;Orizzontale;Sereno;Scarso;Buona;;0;0;0;1;12.469;41.9824;-1;2;Autovettura privata;Sosta;;;;;;;
5969039;20;19/05/2022 11:50:00;Strada Urbana;VIA GIORGIO NICOLA PAPANICOLAU;da specificare;;;;interno area di parcheggio riservata ai disabili;Veicolo in marcia contro veicoli in sosta;Rettilineo;Una carreggiata a doppio senso;Asciutto;Asfaltata;Orizzontale;Sereno;Scarso;Buona;;0;0;0;1;12.469;41.9824;-1;3;Motociclo a solo;Sosta;;;;;;;
5969095;1;20/05/2022 14:30:00;Strada Urbana;VIA LEON BATTISTA ALBERTI;all'intersezione con;VIA SALVATOR ROSA;VIA SALVATOR ROSA;;;Infortunio per sola frenata improvvisa;Incrocio;Una carreggiata a doppio senso;Asciutto;Asfaltata;Verticale ed orizzontale;Sereno;Scarso;Buona;;1;0;0;2;12.4877;41.8785;-1;1;Autovettura privata;In marcia / fermata / arresto;Conducente;M;Illeso;0;;Non accertato;Inesploso
5969095;1;20/05/2022 14:30:00;Strada Urbana;VIA LEON BATTISTA ALBERTI;all'intersezione con;VIA SALVATOR ROSA;VIA SALVATOR ROSA;;;Infortunio per sola frenata improvvisa;Incrocio;Una carreggiata a doppio senso;Asciutto;Asfaltata;Verticale ed orizzontale;Sereno;Scarso;Buona;;1;0;0;2;12.4877;41.8785;-1;1;Autovettura privata;In marcia / fermata / arresto;Passeggero;F;Illeso;0;;Non accertato;Inesploso
5969095;1;20/05/2022 14:30:00;Strada Urbana;VIA LEON BATTISTA ALBERTI;all'intersezione con;VIA SALVATOR ROSA;VIA SALVATOR ROSA;;;Infortunio per sola frenata improvvisa;Incrocio;Una carreggiata a doppio senso;Asciutto;Asfaltata;Verticale ed orizzontale;Sereno;Scarso;Buona;;1;0;0;2;12.4877;41.8785;-1;2;Motociclo a solo;In marcia / fermata / arresto;Conducente;M;Rimandato;0;NON DECEDUTO;Non accertato;
5969098;6;20/05/2022 17:05:00;Strada Urbana;VIA TOR DE' SCHIAVI;in corrispondenza;;del civico n.;310;;Scontro frontale/laterale DX fra veicoli in marcia;Rettilineo;Due carreggiate;Asciutto;Asfaltata;Verticale ed orizzontale;Sereno;Normale;Buona;;1;0;0;1;12.561;41.8898;-1;1;Autovettura privata;In marcia / fermata / arresto;Conducente;M;Illeso;0;;;
5969098;6;20/05/2022 17:05:00;Strada Urbana;VIA TOR DE' SCHIAVI;in corrispondenza;;del civico n.;310;;Scontro frontale/laterale DX fra veicoli in marcia;Rettilineo;Due carreggiate;Asciutto;Asfaltata;Verticale ed orizzontale;Sereno;Normale;Buona;;1;0;0;1;12.561;41.8898;-1;2;Monopattino elettrico;In marcia / fermata / arresto;Conducente;M;Rimandato;0;NON DECEDUTO;;
5969099;1;20/05/2022 13:30:00;Strada Urbana;VIA DELL'AMBA ARADAM;all'intersezione semaforizzata con;VIA DEI LATERANI;VIA DEI LATERANI;;;Scontro frontale fra veicoli in marcia;Intersezione semaforizzata;Una carreggiata a doppio senso;Asciutto;Asfaltata;Verticale ed orizzontale;Sereno;Intenso;Buona;;0;0;0;2;12.503;41.8856;-1;1;Autocarro superiore 35 q.;In marcia / fermata / arresto;Conducente;M;Illeso;0;;Non accertato;Inesploso
5969099;1;20/05/2022 13:30:00;Strada Urbana;VIA DELL'AMBA ARADAM;all'intersezione semaforizzata con;VIA DEI LATERANI;VIA DEI LATERANI;;;Scontro frontale fra veicoli in marcia;Intersezione semaforizzata;Una carreggiata a doppio senso;Asciutto;Asfaltata;Verticale ed orizzontale;Sereno;Intenso;Buona;;0;0;0;2;12.503;41.8856;-1;2;Autovettura privata;In marcia / fermata / arresto;Conducente;M;Illeso;0;;Non accertato;Inesploso
5969103;18;20/05/2022 18:30:00;Strada Urbana;VIA DELLA PINETA SACCHETTI;all'intersezione semaforizzata con;VIA CLEMENTE III;VIA CLEMENTE III;;;Scontro frontale/laterale DX fra veicoli in marcia;Intersezione semaforizzata;Una carreggiata a doppio senso;Asciutto;Asfaltata;Verticale ed orizzontale;Sereno;Normale;Buona;;1;0;0;1;12.425;41.924;-1;1;Motociclo a solo;In marcia / fermata / arresto;Conducente;M;Rifiuta cure immediate;0;NON DECEDUTO;;
5969103;18;20/05/2022 18:30:00;Strada Urbana;VIA DELLA PINETA SACCHETTI;all'intersezione semaforizzata con;VIA CLEMENTE III;VIA CLEMENTE III;;;Scontro frontale/laterale DX fra veicoli in marcia;Intersezione semaforizzata;Una carreggiata a doppio senso;Asciutto;Asfaltata;Verticale ed orizzontale;Sereno;Normale;Buona;;1;0;0;1;12.425;41.924;-1;2;Autovettura privata;In marcia / fermata / arresto;Conducente;M;Illeso;0;;;
5969512;15;20/05/2022 17:00:00;Strada Urbana;VIALE ALEXANDRE GUSTAVE EIFFEL;da specificare;;;;in prossimità dell'intersezione con Via B. Fiamma;Veicolo in marcia contro ostacolo fisso;Rotatoria;Una carreggiata a senso unico di marcia;Asciutto;Asfaltata;Verticale ed orizzontale;Sereno;Scarso;Buona;;0;0;0;1;12.3345;41.8081;-1;1;Autovettura privata;In marcia / fermata / arresto;Conducente;M;Illeso;0;;Non accertato;Inesploso
5969518;1;20/05/2022 18:20:00;Strada Urbana;VIA PASTRENGO;all'intersezione con;VIA PARIGI;VIA PARIGI;;;Scontro laterale fra veicoli in marcia;Intersezione stradale segnalata;Una carreggiata a senso unico di marcia;Asciutto;Asfaltata;Verticale ed orizzontale;Sereno;Normale;Buona;;0;0;0;7;12.4968;41.9048;-1;1;Autovettura privata;In marcia / fermata / arresto;Conducente;M;Illeso;0;;;
5969518;1;20/05/2022 18:20:00;Strada Urbana;VIA PASTRENGO;all'intersezione con;VIA PARIGI;VIA PARIGI;;;Scontro laterale fra veicoli in marcia;Intersezione stradale segnalata;Una carreggiata a senso unico di marcia;Asciutto;Asfaltata;Verticale ed orizzontale;Sereno;Normale;Buona;;0;0;0;7;12.4968;41.9048;-1;1;Autovettura privata;In marcia / fermata / arresto;Passeggero;F;Illeso;0;;;
5969518;1;20/05/2022 18:20:00;Strada Urbana;VIA PASTRENGO;all'intersezione con;VIA PARIGI;VIA PARIGI;;;Scontro laterale fra veicoli in marcia;Intersezione stradale segnalata;Una carreggiata a senso unico di marcia;Asciutto;Asfaltata;Verticale ed orizzontale;Sereno;Normale;Buona;;0;0;0;7;12.4968;41.9048;-1;2;Autovettura privata;In marcia / fermata / arresto;Conducente;M;Illeso;0;;;
5969518;1;20/05/2022 18:20:00;Strada Urbana;VIA PASTRENGO;all'intersezione con;VIA PARIGI;VIA PARIGI;;;Scontro laterale fra veicoli in marcia;Intersezione stradale segnalata;Una carreggiata a senso unico di marcia;Asciutto;Asfaltata;Verticale ed orizzontale;Sereno;Normale;Buona;;0;0;0;7;12.4968;41.9048;-1;2;Autovettura privata;In marcia / fermata / arresto;Passeggero;F;Illeso;0;;;
5969518;1;20/05/2022 18:20:00;Strada Urbana;VIA PASTRENGO;all'intersezione con;VIA PARIGI;VIA PARIGI;;;Scontro laterale fra veicoli in marcia;Intersezione stradale segnalata;Una carreggiata a senso unico di marcia;Asciutto;Asfaltata;Verticale ed orizzontale;Sereno;Normale;Buona;;0;0;0;7;12.4968;41.9048;-1;2;Autovettura privata;In marcia / fermata / arresto;Passeggero;M;Illeso;0;;;
5969518;1;20/05/2022 18:20:00;Strada Urbana;VIA PASTRENGO;all'intersezione con;VIA PARIGI;VIA PARIGI;;;Scontro laterale fra veicoli in marcia;Intersezione stradale segnalata;Una carreggiata a senso unico di marcia;Asciutto;Asfaltata;Verticale ed orizzontale;Sereno;Normale;Buona;;0;0;0;7;12.4968;41.9048;-1;2;Autovettura privata;In marcia / fermata / arresto;Passeggero;F;Illeso;0;;;
5969518;1;20/05/2022 18:20:00;Strada Urbana;VIA PASTRENGO;all'intersezione con;VIA PARIGI;VIA PARIGI;;;Scontro laterale fra veicoli in marcia;Intersezione stradale segnalata;Una carreggiata a senso unico di marcia;Asciutto;Asfaltata;Verticale ed orizzontale;Sereno;Normale;Buona;;0;0;0;7;12.4968;41.9048;-1;2;Autovettura privata;In marcia / fermata / arresto;Passeggero;M;Illeso;0;;;
5969554;11;20/05/2022 14:40:00;Strada Urbana;VIA DI VIGNA MURATA;da specificare;;;;prossimità Via di Buonaiuto;Tamponamento;Curva a visuale libera;Due carreggiate;Asciutto;Asfaltata;Verticale ed orizzontale;Sereno;Normale;Buona;;0;0;0;2;12.4927;41.8269;-1;1;Autovettura privata;In marcia / fermata / arresto;Conducente;F;Illeso;0;;Non accertato;
5969554;11;20/05/2022 14:40:00;Strada Urbana;VIA DI VIGNA MURATA;da specificare;;;;prossimità Via di Buonaiuto;Tamponamento;Curva a visuale libera;Due carreggiate;Asciutto;Asfaltata;Verticale ed orizzontale;Sereno;Normale;Buona;;0;0;0;2;12.4927;41.8269;-1;2;Autovettura privata;In marcia / fermata / arresto;Conducente;F;Illeso;0;;Non accertato;
5969555;11;20/05/2022 12:15:00;Strada Urbana;VIA GIOVANNI BATTISTA MAGNAGHI;all'intersezione con;VIA LUIGI MARIA D'ALBERTIS;VIA LUIGI MARIA D'ALBERTIS;;;Scontro laterale fra veicoli in marcia;Intersezione stradale segnalata;Una carreggiata a senso unico di marcia;Asciutto;Asfaltata;Verticale ed orizzontale;Sereno;Normale;Buona;;2;0;0;1;12.488;41.8652;-1;1;Autocarro inferiore 35 q.;In marcia / fermata / arresto;Conducente;M;Illeso;0;;;
5969555;11;20/05/2022 12:15:00;Strada Urbana;VIA GIOVANNI BATTISTA MAGNAGHI;all'intersezione con;VIA LUIGI MARIA D'ALBERTIS;VIA LUIGI MARIA D'ALBERTIS;;;Scontro laterale fra veicoli in marcia;Intersezione stradale segnalata;Una carreggiata a senso unico di marcia;Asciutto;Asfaltata;Verticale ed orizzontale;Sereno;Normale;Buona;;2;0;0;1;12.488;41.8652;-1;2;Motociclo con passeggero;In marcia / fermata / arresto;Conducente;M;Rifiuta cure immediate;0;NON DECEDUTO;;
5969555;11;20/05/2022 12:15:00;Strada Urbana;VIA GIOVANNI BATTISTA MAGNAGHI;all'intersezione con;VIA LUIGI MARIA D'ALBERTIS;VIA LUIGI MARIA D'ALBERTIS;;;Scontro laterale fra veicoli in marcia;Intersezione stradale segnalata;Una carreggiata a senso unico di marcia;Asciutto;Asfaltata;Verticale ed orizzontale;Sereno;Normale;Buona;;2;0;0;1;12.488;41.8652;-1;2;Motociclo con passeggero;In marcia / fermata / arresto;Passeggero;M;Rifiuta cure immediate;0;NON DECEDUTO;;
5969559;20;20/05/2022 06:45:00;Strada Urbana;VIA CASSIA;da specificare;;;;fronte civ. 1694;Tamponamento Multiplo;Rettilineo;Una carreggiata a doppio senso;Asciutto;Asfaltata;Verticale ed orizzontale;Sereno;Normale;Buona;;0;0;0;3;12.3773;42.0078;-1;1;Autovettura privata;In marcia / fermata / arresto;Conducente;M;Illeso;0;;Non accertato;Inesploso
5969559;20;20/05/2022 06:45:00;Strada Urbana;VIA CASSIA;da specificare;;;;fronte civ. 1694;Tamponamento Multiplo;Rettilineo;Una carreggiata a doppio senso;Asciutto;Asfaltata;Verticale ed orizzontale;Sereno;Normale;Buona;;0;0;0;3;12.3773;42.0078;-1;2;Autovettura privata;In marcia / fermata / arresto;Conducente;F;Illeso;0;;Non accertato;Inesploso
5969559;20;20/05/2022 06:45:00;Strada Urbana;VIA CASSIA;da specificare;;;;fronte civ. 1694;Tamponamento Multiplo;Rettilineo;Una carreggiata a doppio senso;Asciutto;Asfaltata;Verticale ed orizzontale;Sereno;Normale;Buona;;0;0;0;3;12.3773;42.0078;-1;3;Quadriciclo;In marcia / fermata / arresto;Conducente;F;Illeso;0;;Non accertato;Inesploso
5969587;11;20/05/2022 18:20:00;Strada Urbana;VIALE DI S. PAOLO;all'intersezione con;VIALE FERDINANDO BALDELLI;VIALE FERDINANDO BALDELLI;;;Scontro frontale/laterale DX fra veicoli in marcia;Incrocio;Due carreggiate;Asciutto;Asfaltata;Verticale ed orizzontale;Sereno;Normale;Buona;;0;0;0;3;12.474;41.8573;-1;1;Autovettura privata;In marcia / fermata / arresto;Conducente;M;Illeso;0;;;
5969587;11;20/05/2022 18:20:00;Strada Urbana;VIALE DI S. PAOLO;all'intersezione con;VIALE FERDINANDO BALDELLI;VIALE FERDINANDO BALDELLI;;;Scontro frontale/laterale DX fra veicoli in marcia;Incrocio;Due carreggiate;Asciutto;Asfaltata;Verticale ed orizzontale;Sereno;Normale;Buona;;0;0;0;3;12.474;41.8573;-1;2;Autovettura privata;In marcia / fermata / arresto;Conducente;M;Illeso;0;;;
5969587;11;20/05/2022 18:20:00;Strada Urbana;VIALE DI S. PAOLO;all'intersezione con;VIALE FERDINANDO BALDELLI;VIALE FERDINANDO BALDELLI;;;Scontro frontale/laterale DX fra veicoli in marcia;Incrocio;Due carreggiate;Asciutto;Asfaltata;Verticale ed orizzontale;Sereno;Normale;Buona;;0;0;0;3;12.474;41.8573;-1;2;Autovettura privata;In marcia / fermata / arresto;Passeggero;F;Illeso;0;;;
5969599;20;20/05/2022 08:05:00;Strada Urbana;VIALE DI TOR DI QUINTO;da specificare;;;;prox. via Federico caprilli direz. centro;Veicolo in marcia contro ostacolo fisso;Curva senza visuale libera;Una carreggiata a senso unico di marcia;Asciutto;Asfaltata;Verticale ed orizzontale;Sereno;Normale;Buona;;0;0;0;1;12.4785;41.9447;-1;1;Autovettura privata;In marcia / fermata / arresto;Conducente;M;Illeso;0;;Non accertato;Inesploso
5969604;11;20/05/2022 23:35:00;Strada Urbana;VIALE OCEANO ATLANTICO ;da specificare;;;;in corrispondenza del FRONTE CIVICO 182;Tamponamento;Rettilineo;Due carreggiate;Asciutto;Asfaltata;Verticale ed orizzontale;Sereno;Scarso;Buona;;0;0;0;4;12.4716;41.8202;-1;1;Autovettura privata;In marcia / fermata / arresto;Conducente;F;Illeso;0;;Non accertato;
5969604;11;20/05/2022 23:35:00;Strada Urbana;VIALE OCEANO ATLANTICO ;da specificare;;;;in corrispondenza del FRONTE CIVICO 182;Tamponamento;Rettilineo;Due carreggiate;Asciutto;Asfaltata;Verticale ed orizzontale;Sereno;Scarso;Buona;;0;0;0;4;12.4716;41.8202;-1;1;Autovettura privata;In marcia / fermata / arresto;Passeggero;F;Illeso;0;;Non accertato;Inesploso
5969604;11;20/05/2022 23:35:00;Strada Urbana;VIALE OCEANO ATLANTICO ;da specificare;;;;in corrispondenza del FRONTE CIVICO 182;Tamponamento;Rettilineo;Due carreggiate;Asciutto;Asfaltata;Verticale ed orizzontale;Sereno;Scarso;Buona;;0;0;0;4;12.4716;41.8202;-1;2;Motociclo a solo;In marcia / fermata / arresto;Conducente;M;Illeso;0;;;
5969604;11;20/05/2022 23:35:00;Strada Urbana;VIALE OCEANO ATLANTICO ;da specificare;;;;in corrispondenza del FRONTE CIVICO 182;Tamponamento;Rettilineo;Due carreggiate;Asciutto;Asfaltata;Verticale ed orizzontale;Sereno;Scarso;Buona;;0;0;0;4;12.4716;41.8202;-1;2;Motociclo a solo;In marcia / fermata / arresto;Passeggero;M;Illeso;0;;Non accertato;
5969631;1;21/05/2022 02:40:00;Strada Urbana;VIALE MANZONI;all'intersezione semaforizzata con;VIA DI S. CROCE IN GERUSALEMME;VIA DI S. CROCE IN GERUSALEMME;;;Scontro laterale fra veicoli in marcia;Intersezione semaforizzata;Una carreggiata a senso unico di marcia;Asciutto;Asfaltata;Verticale ed orizzontale;Sereno;Scarso;Buona;;0;0;0;2;12.5079;41.8913;-1;1;Autovettura privata;In marcia / fermata / arresto;Conducente;F;Illeso;0;;;
5969631;1;21/05/2022 02:40:00;Strada Urbana;VIALE MANZONI;all'intersezione semaforizzata con;VIA DI S. CROCE IN GERUSALEMME;VIA DI S. CROCE IN GERUSALEMME;;;Scontro laterale fra veicoli in marcia;Intersezione semaforizzata;Una carreggiata a senso unico di marcia;Asciutto;Asfaltata;Verticale ed orizzontale;Sereno;Scarso;Buona;;0;0;0;2;12.5079;41.8913;-1;2;Autovettura privata;In marcia / fermata / arresto;Conducente;M;Illeso;0;;;
5969637;20;20/05/2022 09:00:00;Strada Urbana;VIA VALLOMBROSA;da specificare;;;;fronte civ. 30;Veicolo in marcia contro veicolo in sosta;Curva a visuale libera;Una carreggiata a senso unico di marcia;Asciutto;Asfaltata;Verticale;Sereno;Scarso;Buona;;0;0;0;0;12.4426;41.9496;-1;1;Autovettura privata;Sosta;;;;;;;
5969637;20;20/05/2022 09:00:00;Strada Urbana;VIA VALLOMBROSA;da specificare;;;;fronte civ. 30;Veicolo in marcia contro veicolo in sosta;Curva a visuale libera;Una carreggiata a senso unico di marcia;Asciutto;Asfaltata;Verticale;Sereno;Scarso;Buona;;0;0;0;0;12.4426;41.9496;-1;2;Autovettura privata;Allontanatosi;;;;;;;
5969644;12;20/05/2022 15:10:00;Strada Urbana;VIA DELL'ELETTRONICA;da specificare;;;;fronte palo acea 4;Veicolo in marcia contro veicolo in sosta;Rettilineo;Una carreggiata a senso unico di marcia;Asciutto;Asfaltata;Verticale ed orizzontale;Sereno;Normale;Buona;;0;0;0;1;12.4638;41.8338;-1;1;Autovettura privata;Sosta;;;;;;;
5969644;12;20/05/2022 15:10:00;Strada Urbana;VIA DELL'ELETTRONICA;da specificare;;;;fronte palo acea 4;Veicolo in marcia contro veicolo in sosta;Rettilineo;Una carreggiata a senso unico di marcia;Asciutto;Asfaltata;Verticale ed orizzontale;Sereno;Normale;Buona;;0;0;0;1;12.4638;41.8338;-1;2;Autovettura privata;In marcia / fermata / arresto;Conducente;F;Illeso;0;;;
5969659;12;20/05/2022 13:30:00;Strada Urbana;VIADOTTO DELLA MAGLIANA;da specificare;;;;DIR. FIUMICINO PROX VIA CRISTOFORO COLOMBO;Scontro laterale fra veicoli in marcia;Rettilineo;Due carreggiate;Asciutto;Asfaltata;Verticale ed orizzontale;Sereno;Normale;Buona;;1;0;0;1;12.4634;41.842;-1;1;Autovettura privata;In marcia / fermata / arresto;Conducente;M;Illeso;0;;;
5969659;12;20/05/2022 13:30:00;Strada Urbana;VIADOTTO DELLA MAGLIANA;da specificare;;;;DIR. FIUMICINO PROX VIA CRISTOFORO COLOMBO;Scontro laterale fra veicoli in marcia;Rettilineo;Due carreggiate;Asciutto;Asfaltata;Verticale ed orizzontale;Sereno;Normale;Buona;;1;0;0;1;12.4634;41.842;-1;2;Motociclo a solo;In marcia / fermata / arresto;Conducente;M;Rimandato;0;NON DECEDUTO;Non accertato;
5969660;20;20/05/2022 11:00:00;Strada Urbana;VIA CASSIA;in corrispondenza;;del civico n.;987;;Scontro laterale fra veicoli in marcia;Rettilineo;Una carreggiata a doppio senso;Asciutto;Asfaltata;Verticale ed orizzontale;Sereno;Normale;Buona;;0;0;0;2;12.4306;41.973;-1;1;Autovettura privata;In marcia / fermata / arresto;Conducente;M;Illeso;0;;Non accertato;Inesploso