Protocollo;Gruppo;DataOraIncidente;Localizzazione1;STRADA1;Localizzazione2;STRADA2;Strada02;Chilometrica;DaSpecificare;NaturaIncidente;particolaritastrade;TipoStrada;FondoStradale;Pavimentazione;Segnaletica;CondizioneAtmosferica;Traffico;Visibilita;Illuminazione;NUM_FERITI;NUM_RISERVATA;NUM_MORTI;NUM_ILLESI;Longitude;Latitude;Confermato;Progressivo;TipoVeicolo;StatoVeicolo;TipoPersona;Sesso;Tipolesione;Deceduto;DecedutoDopo;CinturaCascoUtilizzato;Airbag;
5970985;1;21/05/2022 23:08:00;Strada Urbana;VIA CAIO CESTIO;in prossimità;;del civico n.;5;;Veicolo in marcia contro veicoli in sosta;Rettilineo;Una carreggiata a senso unico di marcia;Asciutto;Asfaltata;Verticale ed orizzontale;Sereno;Normale;Sufficiente;;0;0;0;0;12.4779;41.8762;-1;1;Autovettura privata;In marcia / fermata / arresto;;;;;;;
5970985;1;21/05/2022 23:08:00;Strada Urbana;VIA CAIO CESTIO;in prossimità;;del civico n.;5;;Veicolo in marcia contro veicoli in sosta;Rettilineo;Una carreggiata a senso unico di marcia;Asciutto;Asfaltata;Verticale ed orizzontale;Sereno;Normale;Sufficiente;;0;0;0;0;12.4779;41.8762;-1;2;Autovettura privata;Sosta;;;;;;;
5970985;1;21/05/2022 23:08:00;Strada Urbana;VIA CAIO CESTIO;in prossimità;;del civico n.;5;;Veicolo in marcia contro veicoli in sosta;Rettilineo;Una carreggiata a senso unico di marcia;Asciutto;Asfaltata;Verticale ed orizzontale;Sereno;Normale;Sufficiente;;0;0;0;0;12.4779;41.8762;-1;3;Autovettura privata;Sosta;;;;;;;
5971018;1;21/05/2022 21:30:00;Strada Urbana;PIAZZA IN PISCINULA;in prossimità;;del civico n.;19;;Veicolo in marcia contro veicolo in sosta;Rettilineo;Una carreggiata a senso unico di marcia;Asciutto;In cubetti di porfido;Verticale;Sereno;Scarso;Sufficiente;;0;0;0;3;12.477;41.8891;-1;1;Autovettura privata;In marcia / fermata / arresto;Conducente;M;Illeso;0;;Non accertato;Inesploso
5971018;1;21/05/2022 21:30:00;Strada Urbana;PIAZZA IN PISCINULA;in prossimità;;del civico n.;19;;Veicolo in marcia contro veicolo in sosta;Rettilineo;Una carreggiata a senso unico di marcia;Asciutto;In cubetti di porfido;Verticale;Sereno;Scarso;Sufficiente;;0;0;0;3;12.477;41.8891;-1;1;Autovettura privata;In marcia / fermata / arresto;Passeggero;M;Illeso;0;;Non accertato;Inesploso
5971018;1;21/05/2022 21:30:00;Strada Urbana;PIAZZA IN PISCINULA;in prossimità;;del civico n.;19;;Veicolo in marcia contro veicolo in sosta;Rettilineo;Una carreggiata a senso unico di marcia;Asciutto;In cubetti di porfido;Verticale;Sereno;Scarso;Sufficiente;;0;0;0;3;12.477;41.8891;-1;1;Autovettura privata;In marcia / fermata / arresto;Passeggero;M;Illeso;0;;Non accertato;Inesistente
5971018;1;21/05/2022 21:30:00;Strada Urbana;PIAZZA IN PISCINULA;in prossimità;;del civico n.;19;;Veicolo in marcia contro veicolo in sosta;Rettilineo;Una carreggiata a senso unico di marcia;Asciutto;In cubetti di porfido;Verticale;Sereno;Scarso;Sufficiente;;0;0;0;3;12.477;41.8891;-1;2;Autovettura privata;Sosta;;;;;;;
5971081;11;22/05/2022 11:30:00;Provinciale entro l'abitato;VIA ARDEATINA;all'intersezione con;LARGO MARTIRI DELLE FOSSE ARDEATINE;LARGO MARTIRI DELLE FOSSE ARDEATINE;;;Tamponamento;Incrocio;Una carreggiata a doppio senso;Asciutto;Asfaltata;Verticale ed orizzontale;Sereno;Normale;Buona;;0;0;0;2;12.5255;41.8131;-1;1;Autovettura privata;In marcia / fermata / arresto;;;;;;;
5971081;11;22/05/2022 11:30:00;Provinciale entro l'abitato;VIA ARDEATINA;all'intersezione con;LARGO MARTIRI DELLE FOSSE ARDEATINE;LARGO MARTIRI DELLE FOSSE ARDEATINE;;;Tamponamento;Incrocio;Una carreggiata a doppio senso;Asciutto;Asfaltata;Verticale ed orizzontale;Sereno;Normale;Buona;;0;0;0;2;12.5255;41.8131;-1;2;Autovettura privata;In marcia / fermata / arresto;Conducente;M;Illeso;0;;;
5971081;11;22/05/2022 11:30:00;Provinciale entro l'abitato;VIA ARDEATINA;all'intersezione con;LARGO MARTIRI DELLE FOSSE ARDEATINE;LARGO MARTIRI DELLE FOSSE ARDEATINE;;;Tamponamento;Incrocio;Una carreggiata a doppio senso;Asciutto;Asfaltata;Verticale ed orizzontale;Sereno;Normale;Buona;;0;0;0;2;12.5255;41.8131;-1;2;Autovettura privata;In marcia / fermata / arresto;Passeggero;F;Illeso;0;;;
5971083;1;22/05/2022 00:30:00;Strada Urbana;VIA NICOLA ZABAGLIA;da specificare;;;;ALT. FERMATA atac 79648;Tamponamento;Rettilineo;Due carreggiate;Asciutto;Asfaltata;Verticale ed orizzontale;Sereno;Scarso;Sufficiente;;1;0;0;0;12.4762;41.8771;-1;1;Autovettura privata;In marcia / fermata / arresto;Conducente;M;Rifiuta cure immediate;0;NON DECEDUTO;;
5971083;1;22/05/2022 00:30:00;Strada Urbana;VIA NICOLA ZABAGLIA;da specificare;;;;ALT. FERMATA atac 79648;Tamponamento;Rettilineo;Due carreggiate;Asciutto;Asfaltata;Verticale ed orizzontale;Sereno;Scarso;Sufficiente;;1;0;0;0;12.4762;41.8771;-1;2;Autovettura privata;Sosta;;;;;;;
5971083;1;22/05/2022 00:30:00;Strada Urbana;VIA NICOLA ZABAGLIA;da specificare;;;;ALT. FERMATA atac 79648;Tamponamento;Rettilineo;Due carreggiate;Asciutto;Asfaltata;Verticale ed orizzontale;Sereno;Scarso;Sufficiente;;1;0;0;0;12.4762;41.8771;-1;3;Autovettura privata;In marcia / fermata / arresto;;;;;;;
5971157;12;22/05/2022 12:00:00;Strada Urbana;VIA CINA;in prossimità;;del civico n.;78;;Veicolo in marcia contro veicolo fermo;Rettilineo;Una carreggiata a doppio senso;Asciutto;Asfaltata;Verticale ed orizzontale;Sereno;Scarso;Buona;;0;0;0;4;12.4362;41.8153;-1;1;Autovettura privata;In marcia / fermata / arresto;Conducente;M;Illeso;0;;Non accertato;Inesploso
5971157;12;22/05/2022 12:00:00;Strada Urbana;VIA CINA;in prossimità;;del civico n.;78;;Veicolo in marcia contro veicolo fermo;Rettilineo;Una carreggiata a doppio senso;Asciutto;Asfaltata;Verticale ed orizzontale;Sereno;Scarso;Buona;;0;0;0;4;12.4362;41.8153;-1;1;Autovettura privata;In marcia / fermata / arresto;Passeggero;F;Illeso;0;;;
5971157;12;22/05/2022 12:00:00;Strada Urbana;VIA CINA;in prossimità;;del civico n.;78;;Veicolo in marcia contro veicolo fermo;Rettilineo;Una carreggiata a doppio senso;Asciutto;Asfaltata;Verticale ed orizzontale;Sereno;Scarso;Buona;;0;0;0;4;12.4362;41.8153;-1;2;Autovettura privata;In marcia / fermata / arresto;Conducente;F;Illeso;0;;;
5971157;12;22/05/2022 12:00:00;Strada Urbana;VIA CINA;in prossimità;;del civico n.;78;;Veicolo in marcia contro veicolo fermo;Rettilineo;Una carreggiata a doppio senso;Asciutto;Asfaltata;Verticale ed orizzontale;Sereno;Scarso;Buona;;0;0;0;4;12.4362;41.8153;-1;2;Autovettura privata;In marcia / fermata / arresto;Passeggero;F;Illeso;0;;;
5971179;12;22/05/2022 11:45:00;Strada Urbana;VIA DI DECIMA;in corrispondenza;;del civico n.;9;;Scontro laterale fra veicoli in marcia;Curva a visuale libera;Una carreggiata a doppio senso;Asciutto;Asfaltata;Verticale ed orizzontale;Sereno;Normale;Buona;;0;0;0;5;12.4432;41.8216;-1;1;Autovettura privata;In marcia / fermata / arresto;Conducente;M;Illeso;0;;Non accertato;Inesploso
5971179;12;22/05/2022 11:45:00;Strada Urbana;VIA DI DECIMA;in corrispondenza;;del civico n.;9;;Scontro laterale fra veicoli in marcia;Curva a visuale libera;Una carreggiata a doppio senso;Asciutto;Asfaltata;Verticale ed orizzontale;Sereno;Normale;Buona;;0;0;0;5;12.4432;41.8216;-1;1;Autovettura privata;In marcia / fermata / arresto;Passeggero;M;Illeso;0;;Non accertato;Inesploso
5971179;12;22/05/2022 11:45:00;Strada Urbana;VIA DI DECIMA;in corrispondenza;;del civico n.;9;;Scontro laterale fra veicoli in marcia;Curva a visuale libera;Una carreggiata a doppio senso;Asciutto;Asfaltata;Verticale ed orizzontale;Sereno;Normale;Buona;;0;0;0;5;12.4432;41.8216;-1;2;Autobus di linea;In marcia / fermata / arresto;Conducente;M;Illeso;0;;Non accertato;Inesploso
5971179;12;22/05/2022 11:45:00;Strada Urbana;VIA DI DECIMA;in corrispondenza;;del civico n.;9;;Scontro laterale fra veicoli in marcia;Curva a visuale libera;Una carreggiata a doppio senso;Asciutto;Asfaltata;Verticale ed orizzontale;Sereno;Normale;Buona;;0;0;0;5;12.4432;41.8216;-1;2;Autobus di linea;In marcia / fermata / arresto;Passeggero;F;Illeso;0;;Non accertato;Inesploso
5971192;12;22/05/2022 10:00:00;Strada Urbana;VIA LAURENTINA;da specificare;;;;ALL'ALTEZZA DI TOR PAGNOTTA;Scontro frontale/laterale DX fra veicoli in marcia;Rotatoria;Una carreggiata a senso unico di marcia;Asciutto;Asfaltata;Verticale ed orizzontale;Sereno;Normale;Buona;;1;0;0;2;12.4841;41.8105;-1;1;Autovettura privata;In marcia / fermata / arresto;Conducente;M;Rimandato;0;NON DECEDUTO;;
5971192;12;22/05/2022 10:00:00;Strada Urbana;VIA LAURENTINA;da specificare;;;;ALL'ALTEZZA DI TOR PAGNOTTA;Scontro frontale/laterale DX fra veicoli in marcia;Rotatoria;Una carreggiata a senso unico di marcia;Asciutto;Asfaltata;Verticale ed orizzontale;Sereno;Normale;Buona;;1;0;0;2;12.4841;41.8105;-1;1;Autovettura privata;In marcia / fermata / arresto;Passeggero;F;Illeso;0;;;
5971192;12;22/05/2022 10:00:00;Strada Urbana;VIA LAURENTINA;da specificare;;;;ALL'ALTEZZA DI TOR PAGNOTTA;Scontro frontale/laterale DX fra veicoli in marcia;Rotatoria;Una carreggiata a senso unico di marcia;Asciutto;Asfaltata;Verticale ed orizzontale;Sereno;Normale;Buona;;1;0;0;2;12.4841;41.8105;-1;2;Autocarro inferiore 35 q.;In marcia / fermata / arresto;Conducente;M;Illeso;0;;;
5971224;11;21/05/2022 06:15:00;Strada Urbana;VIA LAURENTINA;da specificare;;;;all'altezza di VIALE DELLA MUSICA;Scontro frontale/laterale SX fra veicoli in marcia;Rettilineo;Due carreggiate;Asciutto;Asfaltata;Verticale ed orizzontale;Sereno;Normale;Buona;;0;0;0;2;12.4808;41.8324;-1;1;Autovettura privata;In marcia / fermata / arresto;Conducente;M;Illeso;0;;Non accertato;
5971224;11;21/05/2022 06:15:00;Strada Urbana;VIA LAURENTINA;da specificare;;;;all'altezza di VIALE DELLA MUSICA;Scontro frontale/laterale SX fra veicoli in marcia;Rettilineo;Due carreggiate;Asciutto;Asfaltata;Verticale ed orizzontale;Sereno;Normale;Buona;;0;0;0;2;12.4808;41.8324;-1;2;Autovettura pubblica;In marcia / fermata / arresto;Conducente;M;Illeso;0;;Non accertato;
5971230;11;21/05/2022 07:05:00;Strada Urbana;VIA APPIA PIGNATELLI;in prossimità;;del palo luce n.;44;;Scontro laterale fra veicoli in marcia;Rettilineo;Una carreggiata a doppio senso;Asciutto;Asfaltata;Orizzontale;Sereno;Scarso;Buona;;0;0;0;3;12.5228;41.856;-1;1;Autovettura privata;In marcia / fermata / arresto;Conducente;M;Illeso;0;;;
5971230;11;21/05/2022 07:05:00;Strada Urbana;VIA APPIA PIGNATELLI;in prossimità;;del palo luce n.;44;;Scontro laterale fra veicoli in marcia;Rettilineo;Una carreggiata a doppio senso;Asciutto;Asfaltata;Orizzontale;Sereno;Scarso;Buona;;0;0;0;3;12.5228;41.856;-1;2;Autovettura privata;In marcia / fermata / arresto;Conducente;F;Illeso;0;;;
5971230;11;21/05/2022 07:05:00;Strada Urbana;VIA APPIA PIGNATELLI;in prossimità;;del palo luce n.;44;;Scontro laterale fra veicoli in marcia;Rettilineo;Una carreggiata a doppio senso;Asciutto;Asfaltata;Orizzontale;Sereno;Scarso;Buona;;0;0;0;3;12.5228;41.856;-1;3;Autovettura privata;In marcia / fermata / arresto;Conducente;M;Illeso;0;;;
5971237;11;21/05/2022 08:30:00;Strada Urbana;VIA OSTIENSE;da specificare;;;;fronte civ.184;Tamponamento Multiplo;Rettilineo;Una carreggiata a senso unico di marcia;Asciutto;Asfaltata;Verticale ed orizzontale;Sereno;Normale;Buona;;0;0;0;6;12.4785;41.8631;-1;1;Autovettura privata;In marcia / fermata / arresto;Conducente;F;Illeso;0;;;
5971237;11;21/05/2022 08:30:00;Strada Urbana;VIA OSTIENSE;da specificare;;;;fronte civ.184;Tamponamento Multiplo;Rettilineo;Una carreggiata a senso unico di marcia;Asciutto;Asfaltata;Verticale ed orizzontale;Sereno;Normale;Buona;;0;0;0;6;12.4785;41.8631;-1;1;Autovettura privata;In marcia / fermata / arresto;Passeggero;F;Illeso;0;;;
5971237;11;21/05/2022 08:30:00;Strada Urbana;VIA OSTIENSE;da specificare;;;;fronte civ.184;Tamponamento Multiplo;Rettilineo;Una carreggiata a senso unico di marcia;Asciutto;Asfaltata;Verticale ed orizzontale;Sereno;Normale;Buona;;0;0;0;6;12.4785;41.8631;-1;2;Autovettura privata;In marcia / fermata / arresto;Conducente;M;Illeso;0;;;
5971237;11;21/05/2022 08:30:00;Strada Urbana;VIA OSTIENSE;da specificare;;;;fronte civ.184;Tamponamento Multiplo;Rettilineo;Una carreggiata a senso unico di marcia;Asciutto;Asfaltata;Verticale ed orizzontale;Sereno;Normale;Buona;;0;0;0;6;12.4785;41.8631;-1;2;Autovettura privata;In marcia / fermata / arresto;Passeggero;F;Illeso;0;;;
5971237;11;21/05/2022 08:30:00;Strada Urbana;VIA OSTIENSE;da specificare;;;;fronte civ.184;Tamponamento Multiplo;Rettilineo;Una carreggiata a senso unico di marcia;Asciutto;Asfaltata;Verticale ed orizzontale;Sereno;Normale;Buona;;0;0;0;6;12.4785;41.8631;-1;3;Autovettura privata;In marcia / fermata / arresto;Conducente;M;Illeso;0;;;
5971237;11;21/05/2022 08:30:00;Strada Urbana;VIA OSTIENSE;da specificare;;;;fronte civ.184;Tamponamento Multiplo;Rettilineo;Una carreggiata a senso unico di marcia;Asciutto;Asfaltata;Verticale ed orizzontale;Sereno;Normale;Buona;;0;0;0;6;12.4785;41.8631;-1;3;Autovettura privata;In marcia / fermata / arresto;Passeggero;M;Illeso;0;;;
5971241;11;21/05/2022 09:30:00;Strada Urbana;VIALE GUGLIELMO MARCONI;all'intersezione semaforizzata con;PIAZZALE TOMMASO EDISON;PIAZZALE TOMMASO EDISON;;;Scontro frontale/laterale DX fra veicoli in marcia;Intersezione semaforizzata;Più di due carreggiate;Asciutto;Asfaltata;Verticale ed orizzontale;Sereno;Normale;Buona;;2;0;0;3;12.4709;41.8587;-1;1;Autovettura privata;In marcia / fermata / arresto;Conducente;M;Illeso;0;;Non accertato;Inesploso
5971241;11;21/05/2022 09:30:00;Strada Urbana;VIALE GUGLIELMO MARCONI;all'intersezione semaforizzata con;PIAZZALE TOMMASO EDISON;PIAZZALE TOMMASO EDISON;;;Scontro frontale/laterale DX fra veicoli in marcia;Intersezione semaforizzata;Più di due carreggiate;Asciutto;Asfaltata;Verticale ed orizzontale;Sereno;Normale;Buona;;2;0;0;3;12.4709;41.8587;-1;1;Autovettura privata;In marcia / fermata / arresto;Passeggero;M;Illeso;0;;Non accertato;Inesploso
5971241;11;21/05/2022 09:30:00;Strada Urbana;VIALE GUGLIELMO MARCONI;all'intersezione semaforizzata con;PIAZZALE TOMMASO EDISON;PIAZZALE TOMMASO EDISON;;;Scontro frontale/laterale DX fra veicoli in marcia;Intersezione semaforizzata;Più di due carreggiate;Asciutto;Asfaltata;Verticale ed orizzontale;Sereno;Normale;Buona;;2;0;0;3;12.4709;41.8587;-1;1;Autovettura privata;In marcia / fermata / arresto;Passeggero;F;Illeso;0;;Non accertato;Inesploso
5971241;11;21/05/2022 09:30:00;Strada Urbana;VIALE GUGLIELMO MARCONI;all'intersezione semaforizzata con;PIAZZALE TOMMASO EDISON;PIAZZALE TOMMASO EDISON;;;Scontro frontale/laterale DX fra veicoli in marcia;Intersezione semaforizzata;Più di due carreggiate;Asciutto;Asfaltata;Verticale ed orizzontale;Sereno;Normale;Buona;;2;0;0;3;12.4709;41.8587;-1;2;Autovettura privata;In marcia / fermata / arresto;Conducente;M;Rimandato;0;NON DECEDUTO;Non accertato;Esploso
5971241;11;21/05/2022 09:30:00;Strada Urbana;VIALE GUGLIELMO MARCONI;all'intersezione semaforizzata con;PIAZZALE TOMMASO EDISON;PIAZZALE TOMMASO EDISON;;;Scontro frontale/laterale DX fra veicoli in marcia;Intersezione semaforizzata;Più di due carreggiate;Asciutto;Asfaltata;Verticale ed orizzontale;Sereno;Normale;Buona;;2;0;0;3;12.4709;41.8587;-1;2;Autovettura privata;In marcia / fermata / arresto;Passeggero;M;Rimandato;0;NON DECEDUTO;;
5971257;11;21/05/2022 23:30:00;Strada Urbana;PIAZZA DELLA RADIO;da specificare;;;;fronte civico 46A;Scontro frontale/laterale SX fra veicoli in marcia;Rettilineo;Due carreggiate;Asciutto;Asfaltata;Verticale ed orizzontale;Sereno;Scarso;Sufficiente;;1;0;0;2;12.4668;41.8699;-1;1;Autovettura privata;In marcia / fermata / arresto;Conducente;M;Illeso;0;;Non accertato;
5971257;11;21/05/2022 23:30:00;Strada Urbana;PIAZZA DELLA RADIO;da specificare;;;;fronte civico 46A;Scontro frontale/laterale SX fra veicoli in marcia;Rettilineo;Due carreggiate;Asciutto;Asfaltata;Verticale ed orizzontale;Sereno;Scarso;Sufficiente;;1;0;0;2;12.4668;41.8699;-1;1;Autovettura privata;In marcia / fermata / arresto;Passeggero;F;Illeso;0;;Non accertato;
5971257;11;21/05/2022 23:30:00;Strada Urbana;PIAZZA DELLA RADIO;da specificare;;;;fronte civico 46A;Scontro frontale/laterale SX fra veicoli in marcia;Rettilineo;Due carreggiate;Asciutto;Asfaltata;Verticale ed orizzontale;Sereno;Scarso;Sufficiente;;1;0;0;2;12.4668;41.8699;-1;2;Autovettura privata;In marcia / fermata / arresto;Conducente;M;Rimandato;0;NON DECEDUTO;Non accertato;
5971261;11;22/05/2022 02:30:00;Strada Urbana;VIA OSTIENSE;all'intersezione semaforizzata con;VIA DEL PORTO FLUVIALE;VIA DEL PORTO FLUVIALE;;;Scontro frontale/laterale DX fra veicoli in marcia;Intersezione semaforizzata;Una carreggiata a doppio senso;Asciutto;Asfaltata;Verticale ed orizzontale;Sereno;Scarso;Buona;;0;0;0;2;12.4799;41.8724;-1;1;Autovettura pubblica;In marcia / fermata / arresto;Conducente;M;Illeso;0;;;
5971261;11;22/05/2022 02:30:00;Strada Urbana;VIA OSTIENSE;all'intersezione semaforizzata con;VIA DEL PORTO FLUVIALE;VIA DEL PORTO FLUVIALE;;;Scontro frontale/laterale DX fra veicoli in marcia;Intersezione semaforizzata;Una carreggiata a doppio senso;Asciutto;Asfaltata;Verticale ed orizzontale;Sereno;Scarso;Buona;;0;0;0;2;12.4799;41.8724;-1;2;Autovettura privata;In marcia / fermata / arresto;Conducente;F;Illeso;0;;;
5971264;9;21/05/2022 05:05:00;Strada Urbana;VIA LATINA;in corrispondenza;;del civico n.;399;;Veicolo in marcia contro veicoli in sosta;Rettilineo;Una carreggiata a senso unico di marcia;Asciutto;Asfaltata;Verticale;Sereno;Scarso;Buona;;0;0;0;1;12.5244;41.8682;-1;1;Autovettura privata;In marcia / fermata / arresto;Conducente;M;Illeso;0;;Non accertato;Inesploso
5971264;9;21/05/2022 05:05:00;Strada Urbana;VIA LATINA;in corrispondenza;;del civico n.;399;;Veicolo in marcia contro veicoli in sosta;Rettilineo;Una carreggiata a senso unico di marcia;Asciutto;Asfaltata;Verticale;Sereno;Scarso;Buona;;0;0;0;1;12.5244;41.8682;-1;2;Autovettura privata;Sosta;;;;;;;
5971264;9;21/05/2022 05:05:00;Strada Urbana;VIA LATINA;in corrispondenza;;del civico n.;399;;Veicolo in marcia contro veicoli in sosta;Rettilineo;Una carreggiata a senso unico di marcia;Asciutto;Asfaltata;Verticale;Sereno;Scarso;Buona;;0;0;0;1;12.5244;41.8682;-1;3;Autovettura privata;Sosta;;;;;;;
5971264;9;21/05/2022 05:05:00;Strada Urbana;VIA LATINA;in corrispondenza;;del civico n.;399;;Veicolo in marcia contro veicoli in sosta;Rettilineo;Una carreggiata a senso unico di marcia;Asciutto;Asfaltata;Verticale;Sereno;Scarso;Buona;;0;0;0;1;12.5244;41.8682;-1;4;Autovettura privata;Sosta;;;;;;;
5971264;9;21/05/2022 05:05:00;Strada Urbana;VIA LATINA;in corrispondenza;;del civico n.;399;;Veicolo in marcia contro veicoli in sosta;Rettilineo;Una carreggiata a senso unico di marcia;Asciutto;Asfaltata;Verticale;Sereno;Scarso;Buona;;0;0;0;1;12.5244;41.8682;-1;5;Autovettura privata;Sosta;;;;;;;
5971273;7;21/05/2022 11:57:00;Strada Urbana;VIALE PALMIRO TOGLIATTI;in prossimità;;del civico n.;884;;Tamponamento;Rettilineo;Due carreggiate;Asciutto;Asfaltata;Verticale ed orizzontale;Sereno;Normale;Buona;;0;0;0;1;12.5743;41.8898;-1;1;Autovettura privata;In marcia / fermata / arresto;Conducente;M;Illeso;0;;;
5971273;7;21/05/2022 11:57:00;Strada Urbana;VIALE PALMIRO TOGLIATTI;in prossimità;;del civico n.;884;;Tamponamento;Rettilineo;Due carreggiate;Asciutto;Asfaltata;Verticale ed orizzontale;Sereno;Normale;Buona;;0;0;0;1;12.5743;41.8898;-1;2;Autovettura privata;In marcia / fermata / arresto;;;;;;;
5971274;9;21/05/2022 12:40:00;Strada Urbana;VIA APPIA NUOVA;da specificare;;;;fronte civico 702;Tamponamento;Rettilineo;Due carreggiate;Asciutto;Asfaltata;Verticale ed orizzontale;Sereno;Normale;Buona;;0;0;0;3;12.533;41.8614;-1;1;Autovettura privata;In marcia / fermata / arresto;Conducente;M;Illeso;0;;Non accertato;Inesploso
5971274;9;21/05/2022 12:40:00;Strada Urbana;VIA APPIA NUOVA;da specificare;;;;fronte civico 702;Tamponamento;Rettilineo;Due carreggiate;Asciutto;Asfaltata;Verticale ed orizzontale;Sereno;Normale;Buona;;0;0;0;3;12.533;41.8614;-1;2;Autovettura di polizia;In marcia / fermata / arresto;Conducente;M;Illeso;0;;Non accertato;Inesploso
5971274;9;21/05/2022 12:40:00;Strada Urbana;VIA APPIA NUOVA;da specificare;;;;fronte civico 702;Tamponamento;Rettilineo;Due carreggiate;Asciutto;Asfaltata;Verticale ed orizzontale;Sereno;Normale;Buona;;0;0;0;3;12.533;41.8614;-1;2;Autovettura di polizia;In marcia / fermata / arresto;Passeggero;F;Illeso;0;;Non accertato;Inesploso
5971284;9;20/05/2022 14:25:00;Strada Urbana;VIA GALLIA;in corrispondenza;;del civico n.;194;;Scontro laterale fra veicoli in marcia;Rettilineo;Una carreggiata a doppio senso;Asciutto;Asfaltata;Verticale ed orizzontale;Sereno;Intenso;Buona;;0;0;0;4;12.5067;41.8804;-1;1;Autovettura privata;In marcia / fermata / arresto;Conducente;M;Illeso;0;;Non accertato;Inesploso
5971284;9;20/05/2022 14:25:00;Strada Urbana;VIA GALLIA;in corrispondenza;;del civico n.;194;;Scontro laterale fra veicoli in marcia;Rettilineo;Una carreggiata a doppio senso;Asciutto;Asfaltata;Verticale ed orizzontale;Sereno;Intenso;Buona;;0;0;0;4;12.5067;41.8804;-1;1;Autovettura privata;In marcia / fermata / arresto;Passeggero;F;Illeso;0;;Non accertato;Inesploso
5971284;9;20/05/2022 14:25:00;Strada Urbana;VIA GALLIA;in corrispondenza;;del civico n.;194;;Scontro laterale fra veicoli in marcia;Rettilineo;Una carreggiata a doppio senso;Asciutto;Asfaltata;Verticale ed orizzontale;Sereno;Intenso;Buona;;0;0;0;4;12.5067;41.8804;-1;1;Autovettura privata;In marcia / fermata / arresto;Passeggero;F;Illeso;0;;Non accertato;Inesploso
5971284;9;20/05/2022 14:25:00;Strada Urbana;VIA GALLIA;in corrispondenza;;del civico n.;194;;Scontro laterale fra veicoli in marcia;Rettilineo;Una carreggiata a doppio senso;Asciutto;Asfaltata;Verticale ed orizzontale;Sereno;Intenso;Buona;;0;0;0;4;12.5067;41.8804;-1;2;Autovettura privata;In marcia / fermata / arresto;Conducente;F;Illeso;0;;Non accertato;Inesploso
5971290;9;21/05/2022 15:20:00;Strada Urbana;PIAZZA CAMILLO FINOCCHIARO APRILE;da specificare;;;;fronte civico 5;Scontro laterale fra veicoli in marcia;Rettilineo;Una carreggiata a doppio senso;Asciutto;Asfaltata;Verticale ed orizzontale;Sereno;Normale;Buona;;0;0;0;2;12.5202;41.8763;-1;1;Autovettura privata;In marcia / fermata / arresto;Conducente;M;Illeso;0;;Non accertato;Inesploso
5971290;9;21/05/2022 15:20:00;Strada Urbana;PIAZZA CAMILLO FINOCCHIARO APRILE;da specificare;;;;fronte civico 5;Scontro laterale fra veicoli in marcia;Rettilineo;Una carreggiata a doppio senso;Asciutto;Asfaltata;Verticale ed orizzontale;Sereno;Normale;Buona;;0;0;0;2;12.5202;41.8763;-1;2;Autovettura privata;In marcia / fermata / arresto;Conducente;M;Illeso;0;;Non accertato;Inesploso
5971294;10;21/05/2022 19:44:00;Strada Urbana;CIRCONVALLAZIONE TUSCOLANA;da specificare;;;;fronte civ.12;Veicolo in marcia contro veicoli in sosta;Rettilineo;Due carreggiate;Asciutto;Asfaltata;Verticale ed orizzontale;Sereno;Scarso;Buona;;0;0;0;1;12.5667;41.8502;-1;1;Autovettura privata;Sosta;;;;;;;
5971294;10;21/05/2022 19:44:00;Strada Urbana;CIRCONVALLAZIONE TUSCOLANA;da specificare;;;;fronte civ.12;Veicolo in marcia contro veicoli in sosta;Rettilineo;Due carreggiate;Asciutto;Asfaltata;Verticale ed orizzontale;Sereno;Scarso;Buona;;0;0;0;1;12.5667;41.8502;-1;2;Autovettura privata;Sosta;;;;;;;
5971294;10;21/05/2022 19:44:00;Strada Urbana;CIRCONVALLAZIONE TUSCOLANA;da specificare;;;;fronte civ.12;Veicolo in marcia contro veicoli in sosta;Rettilineo;Due carreggiate;Asciutto;Asfaltata;Verticale ed orizzontale;Sereno;Scarso;Buona;;0;0;0;1;12.5667;41.8502;-1;3;Autovettura privata;In marcia / fermata / arresto;Conducente;M;Illeso;0;;Non accertato;Inesploso
5971299;20;21/05/2022 16:40:00;Statale entro l'abitato;VIA CASSIA;all'intersezione con;VIA RICCARDO MORETTI;VIA RICCARDO MORETTI;;;Scontro laterale fra veicoli in marcia;Intersezione non regolata/non segnalata;Una carreggiata a doppio senso;Asciutto;Asfaltata;Orizzontale;Sereno;Normale;Buona;;2;0;0;0;12.4137;41.9828;-1;1;Quadriciclo leggero;In marcia / fermata / arresto;Conducente;F;Rimandato;0;NON DECEDUTO;Non accertato;Inesploso
5971299;20;21/05/2022 16:40:00;Statale entro l'abitato;VIA CASSIA;all'intersezione con;VIA RICCARDO MORETTI;VIA RICCARDO MORETTI;;;Scontro laterale fra veicoli in marcia;Intersezione non regolata/non segnalata;Una carreggiata a doppio senso;Asciutto;Asfaltata;Orizzontale;Sereno;Normale;Buona;;2;0;0;0;12.4137;41.9828;-1;2;Motociclo a solo;In marcia / fermata / arresto;Conducente;M;Rimandato;0;NON DECEDUTO;;