Protocollo;Gruppo;DataOraIncidente;Localizzazione1;STRADA1;Localizzazione2;STRADA2;Strada02;Chilometrica;DaSpecificare;NaturaIncidente;particolaritastrade;TipoStrada;FondoStradale;Pavimentazione;Segnaletica;CondizioneAtmosferica;Traffico;Visibilita;Illuminazione;NUM_FERITI;NUM_RISERVATA;NUM_MORTI;NUM_ILLESI;Longitude;Latitude;Confermato;Progressivo;TipoVeicolo;StatoVeicolo;TipoPersona;Sesso;Tipolesione;Deceduto;DecedutoDopo;CinturaCascoUtilizzato;Airbag;
5975015;12;24/05/2022 16:15:00;Strada Urbana;VIALE AMERICA;da specificare;;;;in prossimità Via della Stazione E. Fermi;Veicolo in marcia contro veicoli in arresto;Rettilineo;Una carreggiata a doppio senso;Asciutto;Asfaltata;Verticale ed orizzontale;Sereno;Scarso;Buona;;2;0;0;4;12.4672;41.83;-1;2;Autovettura privata;In marcia / fermata / arresto;Conducente;M;Illeso;0;;Utilizzato;Inesploso
5975015;12;24/05/2022 16:15:00;Strada Urbana;VIALE AMERICA;da specificare;;;;in prossimità Via della Stazione E. Fermi;Veicolo in marcia contro veicoli in arresto;Rettilineo;Una carreggiata a doppio senso;Asciutto;Asfaltata;Verticale ed orizzontale;Sereno;Scarso;Buona;;2;0;0;4;12.4672;41.83;-1;2;Autovettura privata;In marcia / fermata / arresto;Passeggero;M;Illeso;0;;Utilizzato;Inesploso
5975015;12;24/05/2022 16:15:00;Strada Urbana;VIALE AMERICA;da specificare;;;;in prossimità Via della Stazione E. Fermi;Veicolo in marcia contro veicoli in arresto;Rettilineo;Una carreggiata a doppio senso;Asciutto;Asfaltata;Verticale ed orizzontale;Sereno;Scarso;Buona;;2;0;0;4;12.4672;41.83;-1;3;Autovettura privata;In marcia / fermata / arresto;Conducente;M;Illeso;0;;Utilizzato;Inesploso
5975044;19;24/05/2022 12:10:00;Strada Urbana;VIA DELLA PINETA SACCHETTI;da specificare;;;;qualche metro prima di Via A. Pascucci;Tamponamento;Rettilineo;Due carreggiate;Asciutto;Asfaltata;Verticale ed orizzontale;Sereno;Intenso;Buona;;0;0;0;5;12.425;41.924;-1;1;Autocarro superiore 35 q.;In marcia / fermata / arresto;Conducente;M;Illeso;0;;;
5975044;19;24/05/2022 12:10:00;Strada Urbana;VIA DELLA PINETA SACCHETTI;da specificare;;;;qualche metro prima di Via A. Pascucci;Tamponamento;Rettilineo;Due carreggiate;Asciutto;Asfaltata;Verticale ed orizzontale;Sereno;Intenso;Buona;;0;0;0;5;12.425;41.924;-1;2;Autovettura privata;In marcia / fermata / arresto;Conducente;M;Illeso;0;;;
5975044;19;24/05/2022 12:10:00;Strada Urbana;VIA DELLA PINETA SACCHETTI;da specificare;;;;qualche metro prima di Via A. Pascucci;Tamponamento;Rettilineo;Due carreggiate;Asciutto;Asfaltata;Verticale ed orizzontale;Sereno;Intenso;Buona;;0;0;0;5;12.425;41.924;-1;2;Autovettura privata;In marcia / fermata / arresto;Passeggero;F;Illeso;0;;;
5975044;19;24/05/2022 12:10:00;Strada Urbana;VIA DELLA PINETA SACCHETTI;da specificare;;;;qualche metro prima di Via A. Pascucci;Tamponamento;Rettilineo;Due carreggiate;Asciutto;Asfaltata;Verticale ed orizzontale;Sereno;Intenso;Buona;;0;0;0;5;12.425;41.924;-1;2;Autovettura privata;In marcia / fermata / arresto;Passeggero;F;Illeso;0;;;
5975044;19;24/05/2022 12:10:00;Strada Urbana;VIA DELLA PINETA SACCHETTI;da specificare;;;;qualche metro prima di Via A. Pascucci;Tamponamento;Rettilineo;Due carreggiate;Asciutto;Asfaltata;Verticale ed orizzontale;Sereno;Intenso;Buona;;0;0;0;5;12.425;41.924;-1;2;Autovettura privata;In marcia / fermata / arresto;Passeggero;M;Illeso;0;;;
5975058;19;24/05/2022 16:15:00;Strada Urbana;VIA FEDERICO BORROMEO;all'intersezione con;VIA LODOVICO JACOBINI;VIA LODOVICO JACOBINI;;;Veicolo in marcia contro veicolo fermo;Intersezione stradale segnalata;Una carreggiata a doppio senso;Asciutto;Asfaltata;Verticale ed orizzontale;Sereno;Normale;Buona;;0;0;0;2;12.415;41.9167;-1;1;Autovettura privata;In marcia / fermata / arresto;Conducente;F;Illeso;0;;;
5975058;19;24/05/2022 16:15:00;Strada Urbana;VIA FEDERICO BORROMEO;all'intersezione con;VIA LODOVICO JACOBINI;VIA LODOVICO JACOBINI;;;Veicolo in marcia contro veicolo fermo;Intersezione stradale segnalata;Una carreggiata a doppio senso;Asciutto;Asfaltata;Verticale ed orizzontale;Sereno;Normale;Buona;;0;0;0;2;12.415;41.9167;-1;1;Autovettura privata;In marcia / fermata / arresto;Passeggero;M;Illeso;0;;;
5975058;19;24/05/2022 16:15:00;Strada Urbana;VIA FEDERICO BORROMEO;all'intersezione con;VIA LODOVICO JACOBINI;VIA LODOVICO JACOBINI;;;Veicolo in marcia contro veicolo fermo;Intersezione stradale segnalata;Una carreggiata a doppio senso;Asciutto;Asfaltata;Verticale ed orizzontale;Sereno;Normale;Buona;;0;0;0;2;12.415;41.9167;-1;2;Autovettura privata;Allontanatosi;;;;;;;
5975277;8;24/05/2022 05:50:00;Provinciale entro l'abitato;VIA PRENESTINA;all'intersezione con;VIA DI TORRENOVA;VIA DI TORRENOVA;;;Scontro frontale/laterale SX fra veicoli in marcia;Intersezione semaforizzata;Una carreggiata a doppio senso;Asciutto;Asfaltata;Verticale ed orizzontale;Sereno;Scarso;Buona;;2;0;0;0;12.6155;41.8933;-1;1;Autovettura privata;In marcia / fermata / arresto;Conducente;M;Rifiuta cure immediate;0;NON DECEDUTO;Non accertato;Esploso
5975277;8;24/05/2022 05:50:00;Provinciale entro l'abitato;VIA PRENESTINA;all'intersezione con;VIA DI TORRENOVA;VIA DI TORRENOVA;;;Scontro frontale/laterale SX fra veicoli in marcia;Intersezione semaforizzata;Una carreggiata a doppio senso;Asciutto;Asfaltata;Verticale ed orizzontale;Sereno;Scarso;Buona;;2;0;0;0;12.6155;41.8933;-1;2;Autovettura privata;In marcia / fermata / arresto;Conducente;F;Rimandato;0;NON DECEDUTO;Non utilizzato;Esploso
5975278;8;24/05/2022 08:30:00;Strada Urbana;VIALE GUIDO CARLI;da specificare;;;;rotatoria Via Archiginnasio;Scontro laterale fra veicoli in marcia;Curva a visuale libera;Una carreggiata a senso unico di marcia;Asciutto;Asfaltata;Verticale ed orizzontale;Sereno;Scarso;Buona;;1;0;0;2;12.647;41.8432;-1;1;Autovettura privata;In marcia / fermata / arresto;Conducente;F;Illeso;0;;Non accertato;Inesploso
5975278;8;24/05/2022 08:30:00;Strada Urbana;VIALE GUIDO CARLI;da specificare;;;;rotatoria Via Archiginnasio;Scontro laterale fra veicoli in marcia;Curva a visuale libera;Una carreggiata a senso unico di marcia;Asciutto;Asfaltata;Verticale ed orizzontale;Sereno;Scarso;Buona;;1;0;0;2;12.647;41.8432;-1;1;Autovettura privata;In marcia / fermata / arresto;Passeggero;F;Illeso;0;;Non accertato;Inesploso
5975278;8;24/05/2022 08:30:00;Strada Urbana;VIALE GUIDO CARLI;da specificare;;;;rotatoria Via Archiginnasio;Scontro laterale fra veicoli in marcia;Curva a visuale libera;Una carreggiata a senso unico di marcia;Asciutto;Asfaltata;Verticale ed orizzontale;Sereno;Scarso;Buona;;1;0;0;2;12.647;41.8432;-1;2;Velocipede;In marcia / fermata / arresto;Conducente;M;Rimandato;0;NON DECEDUTO;Esente;
5975281;8;24/05/2022 15:55:00;Strada Urbana;VIA WALTER TOBAGI;in prossimità;;del civico n.;40;;Investimento di pedone;Rettilineo;Una carreggiata a doppio senso;Asciutto;Asfaltata;Orizzontale;Sereno;Normale;Buona;;1;0;0;1;12.5975;41.8693;-1;;;;Pedone;M;Rimandato;0;NON DECEDUTO;;
5975281;8;24/05/2022 15:55:00;Strada Urbana;VIA WALTER TOBAGI;in prossimità;;del civico n.;40;;Investimento di pedone;Rettilineo;Una carreggiata a doppio senso;Asciutto;Asfaltata;Orizzontale;Sereno;Normale;Buona;;1;0;0;1;12.5975;41.8693;-1;1;Autovettura privata;In marcia / fermata / arresto;Conducente;F;Illeso;0;;Non accertato;Inesploso
5975282;8;24/05/2022 16:10:00;Strada Urbana;VIA DEI RUDERI DI CASA CALDA;in corrispondenza;;del palo luce n.;7;;Tamponamento Multiplo;Rettilineo;Una carreggiata a doppio senso;Asciutto;Asfaltata;Verticale ed orizzontale;Sereno;Normale;Buona;;1;0;0;6;12.5964;41.8749;-1;1;Autovettura privata;In marcia / fermata / arresto;Conducente;M;Illeso;0;;;
5975282;8;24/05/2022 16:10:00;Strada Urbana;VIA DEI RUDERI DI CASA CALDA;in corrispondenza;;del palo luce n.;7;;Tamponamento Multiplo;Rettilineo;Una carreggiata a doppio senso;Asciutto;Asfaltata;Verticale ed orizzontale;Sereno;Normale;Buona;;1;0;0;6;12.5964;41.8749;-1;2;Autovettura privata;In marcia / fermata / arresto;Conducente;F;Rimandato;0;NON DECEDUTO;Non accertato;Inesploso
5975282;8;24/05/2022 16:10:00;Strada Urbana;VIA DEI RUDERI DI CASA CALDA;in corrispondenza;;del palo luce n.;7;;Tamponamento Multiplo;Rettilineo;Una carreggiata a doppio senso;Asciutto;Asfaltata;Verticale ed orizzontale;Sereno;Normale;Buona;;1;0;0;6;12.5964;41.8749;-1;2;Autovettura privata;In marcia / fermata / arresto;Passeggero;F;Illeso;0;;;
5975282;8;24/05/2022 16:10:00;Strada Urbana;VIA DEI RUDERI DI CASA CALDA;in corrispondenza;;del palo luce n.;7;;Tamponamento Multiplo;Rettilineo;Una carreggiata a doppio senso;Asciutto;Asfaltata;Verticale ed orizzontale;Sereno;Normale;Buona;;1;0;0;6;12.5964;41.8749;-1;2;Autovettura privata;In marcia / fermata / arresto;Passeggero;M;Illeso;0;;;
5975282;8;24/05/2022 16:10:00;Strada Urbana;VIA DEI RUDERI DI CASA CALDA;in corrispondenza;;del palo luce n.;7;;Tamponamento Multiplo;Rettilineo;Una carreggiata a doppio senso;Asciutto;Asfaltata;Verticale ed orizzontale;Sereno;Normale;Buona;;1;0;0;6;12.5964;41.8749;-1;2;Autovettura privata;In marcia / fermata / arresto;Passeggero;M;Illeso;0;;;
5975282;8;24/05/2022 16:10:00;Strada Urbana;VIA DEI RUDERI DI CASA CALDA;in corrispondenza;;del palo luce n.;7;;Tamponamento Multiplo;Rettilineo;Una carreggiata a doppio senso;Asciutto;Asfaltata;Verticale ed orizzontale;Sereno;Normale;Buona;;1;0;0;6;12.5964;41.8749;-1;3;Autovettura privata;In marcia / fermata / arresto;Conducente;F;Illeso;0;;Non accertato;Inesploso
5975290;11;24/05/2022 21:20:00;Strada Urbana;VIA DELLE CONCE;in prossimità;;del civico n.;13;;Scontro laterale fra veicoli in marcia;Rettilineo;Una carreggiata a doppio senso;Asciutto;Asfaltata;Verticale ed orizzontale;Sereno;Normale;Buona;;1;0;0;4;12.4781;41.8741;-1;1;Autovettura privata;In marcia / fermata / arresto;Conducente;M;Illeso;0;;;
5975290;11;24/05/2022 21:20:00;Strada Urbana;VIA DELLE CONCE;in prossimità;;del civico n.;13;;Scontro laterale fra veicoli in marcia;Rettilineo;Una carreggiata a doppio senso;Asciutto;Asfaltata;Verticale ed orizzontale;Sereno;Normale;Buona;;1;0;0;4;12.4781;41.8741;-1;1;Autovettura privata;In marcia / fermata / arresto;Passeggero;M;Illeso;0;;;
5975290;11;24/05/2022 21:20:00;Strada Urbana;VIA DELLE CONCE;in prossimità;;del civico n.;13;;Scontro laterale fra veicoli in marcia;Rettilineo;Una carreggiata a doppio senso;Asciutto;Asfaltata;Verticale ed orizzontale;Sereno;Normale;Buona;;1;0;0;4;12.4781;41.8741;-1;2;Autovettura privata;In marcia / fermata / arresto;Conducente;M;Illeso;0;;;
5975290;11;24/05/2022 21:20:00;Strada Urbana;VIA DELLE CONCE;in prossimità;;del civico n.;13;;Scontro laterale fra veicoli in marcia;Rettilineo;Una carreggiata a doppio senso;Asciutto;Asfaltata;Verticale ed orizzontale;Sereno;Normale;Buona;;1;0;0;4;12.4781;41.8741;-1;2;Autovettura privata;In marcia / fermata / arresto;Passeggero;M;Illeso;0;;;
5975290;11;24/05/2022 21:20:00;Strada Urbana;VIA DELLE CONCE;in prossimità;;del civico n.;13;;Scontro laterale fra veicoli in marcia;Rettilineo;Una carreggiata a doppio senso;Asciutto;Asfaltata;Verticale ed orizzontale;Sereno;Normale;Buona;;1;0;0;4;12.4781;41.8741;-1;3;Motociclo a solo;In marcia / fermata / arresto;Conducente;F;Rimandato;0;NON DECEDUTO;;
5975365;1;24/05/2022 12:15:00;Strada Urbana;VIA VITTORIO VENETO;in prossimità;;del civico n.;130;;Investimento di pedone;Rettilineo;Una carreggiata a doppio senso;Asciutto;Asfaltata;Verticale ed orizzontale;Sereno;Normale;Buona;;1;0;0;1;12.4887;41.9088;-1;;;;Pedone;M;Rimandato;0;NON DECEDUTO;;
5975365;1;24/05/2022 12:15:00;Strada Urbana;VIA VITTORIO VENETO;in prossimità;;del civico n.;130;;Investimento di pedone;Rettilineo;Una carreggiata a doppio senso;Asciutto;Asfaltata;Verticale ed orizzontale;Sereno;Normale;Buona;;1;0;0;1;12.4887;41.9088;-1;1;Autovettura privata;In marcia / fermata / arresto;Conducente;M;Illeso;0;;;
5975366;11;24/05/2022 19:40:00;Strada Urbana;CIRCONVALLAZIONE OSTIENSE;da specificare;;;;fronte via Padre Reginaldo Giuliani;Scontro laterale fra veicoli in marcia;Rettilineo;Due carreggiate;Asciutto;Asfaltata;Verticale ed orizzontale;Sereno;Normale;Buona;;1;0;0;1;12.4906;41.8674;-1;1;Autovettura privata;In marcia / fermata / arresto;Conducente;M;Illeso;0;;Non accertato;
5975366;11;24/05/2022 19:40:00;Strada Urbana;CIRCONVALLAZIONE OSTIENSE;da specificare;;;;fronte via Padre Reginaldo Giuliani;Scontro laterale fra veicoli in marcia;Rettilineo;Due carreggiate;Asciutto;Asfaltata;Verticale ed orizzontale;Sereno;Normale;Buona;;1;0;0;1;12.4906;41.8674;-1;2;Motociclo a solo;In marcia / fermata / arresto;Conducente;F;Rimandato;0;NON DECEDUTO;Non accertato;
5975378;11;24/05/2022 22:40:00;Strada Urbana;VIA OSTIENSE;in corrispondenza;;del civico n.;457/B;;Veicolo in marcia contro veicoli in sosta;Rettilineo;Una carreggiata a senso unico di marcia;Asciutto;Asfaltata;Verticale ed orizzontale;Sereno;Scarso;Sufficiente;;0;0;0;1;12.4755;41.8507;-1;1;Autovettura privata;In marcia / fermata / arresto;Conducente;M;Illeso;0;;Non accertato;Inesploso
5975378;11;24/05/2022 22:40:00;Strada Urbana;VIA OSTIENSE;in corrispondenza;;del civico n.;457/B;;Veicolo in marcia contro veicoli in sosta;Rettilineo;Una carreggiata a senso unico di marcia;Asciutto;Asfaltata;Verticale ed orizzontale;Sereno;Scarso;Sufficiente;;0;0;0;1;12.4755;41.8507;-1;2;Autovettura privata;Sosta;;;;;;;
5975378;11;24/05/2022 22:40:00;Strada Urbana;VIA OSTIENSE;in corrispondenza;;del civico n.;457/B;;Veicolo in marcia contro veicoli in sosta;Rettilineo;Una carreggiata a senso unico di marcia;Asciutto;Asfaltata;Verticale ed orizzontale;Sereno;Scarso;Sufficiente;;0;0;0;1;12.4755;41.8507;-1;3;Autovettura privata;Sosta;;;;;;;
5975391;5;24/05/2022 08:00:00;Strada Urbana;VIA TIBURTINA;all'intersezione con;VIA DEI DURANTINI;VIA DEI DURANTINI;;;Scontro frontale/laterale DX fra veicoli in marcia;Incrocio;Più di due carreggiate;Asciutto;Asfaltata;Verticale ed orizzontale;Sereno;Intenso;Buona;;0;0;0;2;12.5425;41.9087;-1;1;Autocarro inferiore 35 q.;In marcia / fermata / arresto;Conducente;M;Illeso;0;;Non accertato;Inesploso
5975391;5;24/05/2022 08:00:00;Strada Urbana;VIA TIBURTINA;all'intersezione con;VIA DEI DURANTINI;VIA DEI DURANTINI;;;Scontro frontale/laterale DX fra veicoli in marcia;Incrocio;Più di due carreggiate;Asciutto;Asfaltata;Verticale ed orizzontale;Sereno;Intenso;Buona;;0;0;0;2;12.5425;41.9087;-1;2;Monopattino elettrico;In marcia / fermata / arresto;Conducente;M;Illeso;0;;Non accertato;
5975398;6;24/05/2022 20:55:00;Strada Urbana;VIA L'AQUILA;all'intersezione con;PIAZZALE PRENESTINO;PIAZZALE PRENESTINO;;;Scontro laterale fra veicoli in marcia;Incrocio;Più di due carreggiate;Asciutto;Asfaltata;Verticale ed orizzontale;Sereno;Scarso;Sufficiente;;2;0;0;1;12.526;41.8908;-1;1;Autovettura privata;In marcia / fermata / arresto;Conducente;M;Illeso;0;;Non accertato;Inesploso
5975398;6;24/05/2022 20:55:00;Strada Urbana;VIA L'AQUILA;all'intersezione con;PIAZZALE PRENESTINO;PIAZZALE PRENESTINO;;;Scontro laterale fra veicoli in marcia;Incrocio;Più di due carreggiate;Asciutto;Asfaltata;Verticale ed orizzontale;Sereno;Scarso;Sufficiente;;2;0;0;1;12.526;41.8908;-1;2;Motociclo con passeggero;In marcia / fermata / arresto;Conducente;M;Rimandato;0;NON DECEDUTO;Non accertato;
5975398;6;24/05/2022 20:55:00;Strada Urbana;VIA L'AQUILA;all'intersezione con;PIAZZALE PRENESTINO;PIAZZALE PRENESTINO;;;Scontro laterale fra veicoli in marcia;Incrocio;Più di due carreggiate;Asciutto;Asfaltata;Verticale ed orizzontale;Sereno;Scarso;Sufficiente;;2;0;0;1;12.526;41.8908;-1;2;Motociclo con passeggero;In marcia / fermata / arresto;Passeggero;F;Rimandato;0;NON DECEDUTO;Non accertato;
5975429;12;24/05/2022 18:47:00;Provinciale;VIA LAURENTINA;in corrispondenza;;del civico n.;1651;;Scontro laterale fra veicoli in marcia;Rettilineo;Una carreggiata a doppio senso;Asciutto;Asfaltata;Verticale ed orizzontale;Sereno;Scarso;Buona;;1;0;0;3;12.5053;41.7414;-1;1;Autovettura privata;In marcia / fermata / arresto;Conducente;M;Illeso;0;;;
5975429;12;24/05/2022 18:47:00;Provinciale;VIA LAURENTINA;in corrispondenza;;del civico n.;1651;;Scontro laterale fra veicoli in marcia;Rettilineo;Una carreggiata a doppio senso;Asciutto;Asfaltata;Verticale ed orizzontale;Sereno;Scarso;Buona;;1;0;0;3;12.5053;41.7414;-1;1;Autovettura privata;In marcia / fermata / arresto;Passeggero;F;Illeso;0;;;
5975429;12;24/05/2022 18:47:00;Provinciale;VIA LAURENTINA;in corrispondenza;;del civico n.;1651;;Scontro laterale fra veicoli in marcia;Rettilineo;Una carreggiata a doppio senso;Asciutto;Asfaltata;Verticale ed orizzontale;Sereno;Scarso;Buona;;1;0;0;3;12.5053;41.7414;-1;1;Autovettura privata;In marcia / fermata / arresto;Passeggero;M;Illeso;0;;;
5975429;12;24/05/2022 18:47:00;Provinciale;VIA LAURENTINA;in corrispondenza;;del civico n.;1651;;Scontro laterale fra veicoli in marcia;Rettilineo;Una carreggiata a doppio senso;Asciutto;Asfaltata;Verticale ed orizzontale;Sereno;Scarso;Buona;;1;0;0;3;12.5053;41.7414;-1;2;Motociclo a solo;In marcia / fermata / arresto;Conducente;M;Rimandato;0;NON DECEDUTO;;
5975430;12;24/05/2022 17:10:00;Strada Urbana;VIA DELLE TRE FONTANE;all'intersezione con;PIAZZA SANTO DOMINGO;PIAZZA SANTO DOMINGO;;;Scontro laterale fra veicoli in marcia;Incrocio;Una carreggiata a doppio senso;Asciutto;Asfaltata;Verticale ed orizzontale;Sereno;Normale;Buona;;0;0;0;2;12.4731;41.8395;-1;1;Motociclo a solo;In marcia / fermata / arresto;Conducente;M;Illeso;0;;Non accertato;
5975430;12;24/05/2022 17:10:00;Strada Urbana;VIA DELLE TRE FONTANE;all'intersezione con;PIAZZA SANTO DOMINGO;PIAZZA SANTO DOMINGO;;;Scontro laterale fra veicoli in marcia;Incrocio;Una carreggiata a doppio senso;Asciutto;Asfaltata;Verticale ed orizzontale;Sereno;Normale;Buona;;0;0;0;2;12.4731;41.8395;-1;2;Autovettura privata;In marcia / fermata / arresto;Conducente;F;Illeso;0;;Non accertato;Inesploso
5975433;20;24/05/2022 09:30:00;Strada Urbana;PIAZZA DEI GIUOCHI DELFICI;da specificare;;;;FRONTE VIA NEMEA;Scontro laterale fra veicoli in marcia;Rotatoria;Una carreggiata a senso unico di marcia;Asciutto;Asfaltata;Verticale ed orizzontale;Sereno;Normale;Buona;;0;0;0;3;12.4628;41.9483;-1;1;Autovettura privata;In marcia / fermata / arresto;Conducente;M;Illeso;0;;Non accertato;Inesploso
5975433;20;24/05/2022 09:30:00;Strada Urbana;PIAZZA DEI GIUOCHI DELFICI;da specificare;;;;FRONTE VIA NEMEA;Scontro laterale fra veicoli in marcia;Rotatoria;Una carreggiata a senso unico di marcia;Asciutto;Asfaltata;Verticale ed orizzontale;Sereno;Normale;Buona;;0;0;0;3;12.4628;41.9483;-1;2;Motociclo a solo;In marcia / fermata / arresto;Conducente;M;Illeso;0;;Non accertato;
5975433;20;24/05/2022 09:30:00;Strada Urbana;PIAZZA DEI GIUOCHI DELFICI;da specificare;;;;FRONTE VIA NEMEA;Scontro laterale fra veicoli in marcia;Rotatoria;Una carreggiata a senso unico di marcia;Asciutto;Asfaltata;Verticale ed orizzontale;Sereno;Normale;Buona;;0;0;0;3;12.4628;41.9483;-1;2;Motociclo a solo;In marcia / fermata / arresto;Passeggero;M;Illeso;0;;Non accertato;
5975440;11;24/05/2022 14:45:00;Strada Urbana;VIA ARDEATINA;in prossimità;;del civico n.;547;;Scontro laterale fra veicoli in marcia;Rettilineo;Una carreggiata a senso unico di marcia;Asciutto;Asfaltata;Verticale ed orizzontale;Sereno;Scarso;Buona;;0;0;0;3;12.5183;41.8265;-1;1;Autovettura privata;In marcia / fermata / arresto;Conducente;M;Illeso;0;;Non accertato;
5975440;11;24/05/2022 14:45:00;Strada Urbana;VIA ARDEATINA;in prossimità;;del civico n.;547;;Scontro laterale fra veicoli in marcia;Rettilineo;Una carreggiata a senso unico di marcia;Asciutto;Asfaltata;Verticale ed orizzontale;Sereno;Scarso;Buona;;0;0;0;3;12.5183;41.8265;-1;2;Autovettura privata;In marcia / fermata / arresto;Conducente;M;Illeso;0;;Non accertato;
5975440;11;24/05/2022 14:45:00;Strada Urbana;VIA ARDEATINA;in prossimità;;del civico n.;547;;Scontro laterale fra veicoli in marcia;Rettilineo;Una carreggiata a senso unico di marcia;Asciutto;Asfaltata;Verticale ed orizzontale;Sereno;Scarso;Buona;;0;0;0;3;12.5183;41.8265;-1;2;Autovettura privata;In marcia / fermata / arresto;Passeggero;F;Illeso;0;;Non accertato;
5975442;12;24/05/2022 13:40:00;Provinciale entro l'abitato;VIA ARDEATINA;da specificare;;;;direzione Aprilia;Veicolo in marcia contro veicolo fermo;Rettilineo;Una carreggiata a doppio senso;Asciutto;Asfaltata;Verticale ed orizzontale;Sereno;Scarso;Buona;;0;0;1;1;12.5667;41.7298;-1;1;Autobus di linea;In marcia / fermata / arresto;Conducente;M;Illeso;0;;Esente;Inesploso
5975442;12;24/05/2022 13:40:00;Provinciale entro l'abitato;VIA ARDEATINA;da specificare;;;;direzione Aprilia;Veicolo in marcia contro veicolo fermo;Rettilineo;Una carreggiata a doppio senso;Asciutto;Asfaltata;Verticale ed orizzontale;Sereno;Scarso;Buona;;0;0;1;1;12.5667;41.7298;-1;2;Velocipede;In marcia / fermata / arresto;Conducente;M;Ricoverato;0;DECEDUTO ENTRO 6 MESI;Esente;
5975447;17;24/05/2022 13:00:00;Strada Urbana;VIALE DELLE MILIZIE;all'intersezione semaforizzata con;VIA DAMIATA;VIA DAMIATA;;;Scontro frontale/laterale DX fra veicoli in marcia;Intersezione semaforizzata;Più di due carreggiate;Asciutto;Asfaltata;Verticale ed orizzontale;Sereno;Normale;Buona;;1;0;0;1;12.4619;41.9122;-1;1;Autovettura privata;In marcia / fermata / arresto;Conducente;M;Illeso;0;;;
5975447;17;24/05/2022 13:00:00;Strada Urbana;VIALE DELLE MILIZIE;all'intersezione semaforizzata con;VIA DAMIATA;VIA DAMIATA;;;Scontro frontale/laterale DX fra veicoli in marcia;Intersezione semaforizzata;Più di due carreggiate;Asciutto;Asfaltata;Verticale ed orizzontale;Sereno;Normale;Buona;;1;0;0;1;12.4619;41.9122;-1;2;Motociclo a solo;In marcia / fermata / arresto;Conducente;M;Rimandato;0;NON DECEDUTO;;
5975447;17;24/05/2022 13:00:00;Strada Urbana;VIALE DELLE MILIZIE;all'intersezione semaforizzata con;VIA DAMIATA;VIA DAMIATA;;;Scontro frontale/laterale DX fra veicoli in marcia;Intersezione semaforizzata;Più di due carreggiate;Asciutto;Asfaltata;Verticale ed orizzontale;Sereno;Normale;Buona;;1;0;0;1;12.4619;41.9122;-1;3;Autovettura privata;Sosta;;;;;;;
5975451;18;24/05/2022 15:40:00;Strada Urbana;VIA DELLA MAGLIANELLA;in prossimità;;del civico n.;185;;Scontro frontale/laterale SX fra veicoli in marcia;Rettilineo;Una carreggiata a doppio senso;Asciutto;Asfaltata;Assente;Sereno;Normale;Buona;;2;0;0;0;12.3789;41.9018;-1;1;Autovettura privata;In marcia / fermata / arresto;Conducente;M;Rimandato;0;NON DECEDUTO;Non accertato;Esploso
5975451;18;24/05/2022 15:40:00;Strada Urbana;VIA DELLA MAGLIANELLA;in prossimità;;del civico n.;185;;Scontro frontale/laterale SX fra veicoli in marcia;Rettilineo;Una carreggiata a doppio senso;Asciutto;Asfaltata;Assente;Sereno;Normale;Buona;;2;0;0;0;12.3789;41.9018;-1;2;Motociclo a solo;In marcia / fermata / arresto;Conducente;M;Rimandato;0;NON DECEDUTO;;
5975453;3;24/05/2022 09:05:00;Strada Urbana;VIALE DELL'UNIVERSITA';all'intersezione con;VIALE REGINA ELENA;VIALE REGINA ELENA;;;Scontro laterale fra veicoli in marcia;Intersezione semaforizzata;Più di due carreggiate;Asciutto;Asfaltata;Verticale ed orizzontale;Sereno;Normale;Buona;;0;0;0;2;12.5118;41.9043;-1;1;Autoveicolo trasp.promisc.;In marcia / fermata / arresto;Conducente;M;Illeso;0;;;
5975453;3;24/05/2022 09:05:00;Strada Urbana;VIALE DELL'UNIVERSITA';all'intersezione con;VIALE REGINA ELENA;VIALE REGINA ELENA;;;Scontro laterale fra veicoli in marcia;Intersezione semaforizzata;Più di due carreggiate;Asciutto;Asfaltata;Verticale ed orizzontale;Sereno;Normale;Buona;;0;0;0;2;12.5118;41.9043;-1;2;Autovettura privata;In marcia / fermata / arresto;Conducente;F;Illeso;0;;;
5975481;19;24/05/2022 15:00:00;Strada Urbana;LARGO INES BEDESCHI;all'intersezione con;VIA DI SELVA NERA;VIA DI SELVA NERA;;;Veicolo in marcia contro veicolo in sosta;Incrocio;Una carreggiata a doppio senso;Asciutto;Asfaltata;Verticale;Sereno;Normale;Buona;;0;0;0;1;12.3703;41.9432;-1;1;Autocarro inferiore 35 q.;Sosta;;;;;;;
5975481;19;24/05/2022 15:00:00;Strada Urbana;LARGO INES BEDESCHI;all'intersezione con;VIA DI SELVA NERA;VIA DI SELVA NERA;;;Veicolo in marcia contro veicolo in sosta;Incrocio;Una carreggiata a doppio senso;Asciutto;Asfaltata;Verticale;Sereno;Normale;Buona;;0;0;0;1;12.3703;41.9432;-1;2;Autobus di linea;In marcia / fermata / arresto;Conducente;M;Illeso;0;;Non accertato;Inesploso
5975488;11;24/05/2022 06:32:00;Strada Urbana;VIA CRISTOFORO COLOMBO;all'intersezione semaforizzata con;PIAZZA DEI NAVIGATORI;PIAZZA DEI NAVIGATORI;;;Infortunio per sola frenata improvvisa;Intersezione semaforizzata;Più di due carreggiate;Asciutto;Asfaltata;Verticale ed orizzontale;Sereno;Scarso;Buona;;1;0;0;0;12.4984;41.8601;-1;1;Motociclo a solo;In marcia / fermata / arresto;Conducente;M;Rimandato;0;NON DECEDUTO;;