Protocollo;Gruppo;DataOraIncidente;Localizzazione1;STRADA1;Localizzazione2;STRADA2;Strada02;Chilometrica;DaSpecificare;NaturaIncidente;particolaritastrade;TipoStrada;FondoStradale;Pavimentazione;Segnaletica;CondizioneAtmosferica;Traffico;Visibilita;Illuminazione;NUM_FERITI;NUM_RISERVATA;NUM_MORTI;NUM_ILLESI;Longitude;Latitude;Confermato;Progressivo;TipoVeicolo;StatoVeicolo;TipoPersona;Sesso;Tipolesione;Deceduto;DecedutoDopo;CinturaCascoUtilizzato;Airbag;
5976552;1;24/05/2022 11:30:00;Strada Urbana;VIA DEI SS. APOSTOLI;in corrispondenza;;del civico n.;18/a;;Investimento di pedone;Rettilineo;Una carreggiata a senso unico di marcia;Asciutto;In cubetti di porfido;Verticale;Sereno;Scarso;Buona;;1;0;0;3;12.4824;41.8985;-1;;;;Pedone;M;Rifiuta cure immediate;0;NON DECEDUTO;;
5976552;1;24/05/2022 11:30:00;Strada Urbana;VIA DEI SS. APOSTOLI;in corrispondenza;;del civico n.;18/a;;Investimento di pedone;Rettilineo;Una carreggiata a senso unico di marcia;Asciutto;In cubetti di porfido;Verticale;Sereno;Scarso;Buona;;1;0;0;3;12.4824;41.8985;-1;1;Autovettura privata;In marcia / fermata / arresto;Conducente;M;Illeso;0;;;
5976552;1;24/05/2022 11:30:00;Strada Urbana;VIA DEI SS. APOSTOLI;in corrispondenza;;del civico n.;18/a;;Investimento di pedone;Rettilineo;Una carreggiata a senso unico di marcia;Asciutto;In cubetti di porfido;Verticale;Sereno;Scarso;Buona;;1;0;0;3;12.4824;41.8985;-1;1;Autovettura privata;In marcia / fermata / arresto;Passeggero;F;Illeso;0;;;
5976552;1;24/05/2022 11:30:00;Strada Urbana;VIA DEI SS. APOSTOLI;in corrispondenza;;del civico n.;18/a;;Investimento di pedone;Rettilineo;Una carreggiata a senso unico di marcia;Asciutto;In cubetti di porfido;Verticale;Sereno;Scarso;Buona;;1;0;0;3;12.4824;41.8985;-1;1;Autovettura privata;In marcia / fermata / arresto;Passeggero;F;Illeso;0;;;
5976567;19;25/05/2022 09:00:00;Strada Urbana;VIA TRIONFALE;in corrispondenza;;del civico n.;10874;;Scontro frontale/laterale SX fra veicoli in marcia;Rettilineo;Una carreggiata a doppio senso;Asciutto;Asfaltata;Assente;Sereno;Normale;Buona;;1;0;0;1;12.4125;41.9568;-1;1;Motociclo a solo;In marcia / fermata / arresto;Conducente;M;Rimandato;0;NON DECEDUTO;Non accertato;
5976567;19;25/05/2022 09:00:00;Strada Urbana;VIA TRIONFALE;in corrispondenza;;del civico n.;10874;;Scontro frontale/laterale SX fra veicoli in marcia;Rettilineo;Una carreggiata a doppio senso;Asciutto;Asfaltata;Assente;Sereno;Normale;Buona;;1;0;0;1;12.4125;41.9568;-1;2;Autocarro inferiore 35 q.;In marcia / fermata / arresto;Conducente;M;Illeso;0;;Non accertato;Inesploso
5976579;15;25/05/2022 08:15:00;Strada Urbana;VIA PORTUENSE;in corrispondenza;;del civico n.;1274;;Tamponamento;Rettilineo;Una carreggiata a doppio senso;Asciutto;Asfaltata;Verticale ed orizzontale;Sereno;Normale;Buona;;1;0;0;1;12.3551;41.8259;-1;1;Autovettura privata;In marcia / fermata / arresto;Conducente;M;Illeso;0;;Non accertato;Inesploso
5976579;15;25/05/2022 08:15:00;Strada Urbana;VIA PORTUENSE;in corrispondenza;;del civico n.;1274;;Tamponamento;Rettilineo;Una carreggiata a doppio senso;Asciutto;Asfaltata;Verticale ed orizzontale;Sereno;Normale;Buona;;1;0;0;1;12.3551;41.8259;-1;2;Autovettura privata;In marcia / fermata / arresto;Conducente;F;Rimandato;0;NON DECEDUTO;Non accertato;
5976583;15;25/05/2022 10:00:00;Strada Urbana;VIA DELLA MAGLIANA;all'intersezione con;VICOLO DI S. PASSERA;VICOLO DI S. PASSERA;;;Scontro laterale fra veicoli in marcia;Incrocio;Una carreggiata a doppio senso;Asciutto;Asfaltata;Orizzontale;Sereno;Normale;Buona;;0;0;0;2;12.4196;41.8317;-1;1;Autocarro superiore 35 q.;In marcia / fermata / arresto;Conducente;M;Illeso;0;;Non accertato;Inesploso
5976583;15;25/05/2022 10:00:00;Strada Urbana;VIA DELLA MAGLIANA;all'intersezione con;VICOLO DI S. PASSERA;VICOLO DI S. PASSERA;;;Scontro laterale fra veicoli in marcia;Incrocio;Una carreggiata a doppio senso;Asciutto;Asfaltata;Orizzontale;Sereno;Normale;Buona;;0;0;0;2;12.4196;41.8317;-1;2;Autocarro inferiore 35 q.;In marcia / fermata / arresto;Conducente;M;Illeso;0;;Non accertato;Inesploso
5976715;10;25/05/2022 18:00:00;Strada Urbana;VIA LUIGI FERRETTI;in prossimità;;del civico n.;25;;Investimento di pedone;Rettilineo;Due carreggiate;Asciutto;Asfaltata;Assente;Sereno;Normale;Buona;;2;0;0;1;12.5726;41.8678;-1;;;;Pedone;F;Ricoverato;0;NON DECEDUTO;;
5976715;10;25/05/2022 18:00:00;Strada Urbana;VIA LUIGI FERRETTI;in prossimità;;del civico n.;25;;Investimento di pedone;Rettilineo;Due carreggiate;Asciutto;Asfaltata;Assente;Sereno;Normale;Buona;;2;0;0;1;12.5726;41.8678;-1;;;;Pedone;M;Ricoverato;0;NON DECEDUTO;;
5976715;10;25/05/2022 18:00:00;Strada Urbana;VIA LUIGI FERRETTI;in prossimità;;del civico n.;25;;Investimento di pedone;Rettilineo;Due carreggiate;Asciutto;Asfaltata;Assente;Sereno;Normale;Buona;;2;0;0;1;12.5726;41.8678;-1;1;Autovettura privata;In marcia / fermata / arresto;Conducente;M;Illeso;0;;Non accertato;Inesploso
5977244;5;25/05/2022 11:40:00;Strada Urbana;VIA ALBERTO BERGAMINI;da specificare;;;;altezza ponte direzione Balsamo Crivelli;Veicolo in marcia contro ostacolo fisso;Rettilineo;Due carreggiate;Asciutto;Asfaltata;Assente;Sereno;Normale;Buona;;0;0;0;1;12.557;41.9062;-1;1;Autotreno;In marcia / fermata / arresto;Conducente;M;Illeso;0;;Non accertato;Inesploso
5977245;8;25/05/2022 08:10:00;Strada Urbana;VIA VILLABATE;da specificare;;;;in prossimità VIA SICULIANA;Veicolo in marcia contro ostacolo accidentale;Curva senza visuale libera;Una carreggiata a doppio senso;Asciutto;Asfaltata;Assente;Sereno;Normale;Buona;;0;0;0;1;12.6507;41.8688;-1;1;Autovettura privata;In marcia / fermata / arresto;Conducente;F;Illeso;0;;;
5977246;8;25/05/2022 14:15:00;Strada Urbana;VIA DI TOR VERGATA;da specificare;;;;altezza via MARCELLO ALESSIO;Scontro frontale fra veicoli in marcia;Rettilineo;Una carreggiata a senso unico di marcia;Asciutto;Asfaltata;Verticale ed orizzontale;Nuvoloso;Normale;Buona;;0;0;0;2;12.6251;41.85;-1;1;Autovettura privata;In marcia / fermata / arresto;Conducente;M;Illeso;0;;Non accertato;Inesploso
5977246;8;25/05/2022 14:15:00;Strada Urbana;VIA DI TOR VERGATA;da specificare;;;;altezza via MARCELLO ALESSIO;Scontro frontale fra veicoli in marcia;Rettilineo;Una carreggiata a senso unico di marcia;Asciutto;Asfaltata;Verticale ed orizzontale;Nuvoloso;Normale;Buona;;0;0;0;2;12.6251;41.85;-1;2;Autovettura privata;In marcia / fermata / arresto;Conducente;M;Illeso;0;;Non accertato;Inesploso
5977248;8;25/05/2022 17:45:00;Strada Urbana;VIA COLLATINA;all'intersezione con;VIA CELESTINO ROSATELLI;VIA CELESTINO ROSATELLI;;;Scontro frontale/laterale DX fra veicoli in marcia;Intersezione stradale segnalata;Una carreggiata a doppio senso;Asciutto;Asfaltata;Verticale ed orizzontale;Sereno;Intenso;Buona;;1;0;0;1;12.661;41.9207;-1;1;Motociclo a solo;In marcia / fermata / arresto;Conducente;M;Ricoverato;0;NON DECEDUTO;Non accertato;
5977248;8;25/05/2022 17:45:00;Strada Urbana;VIA COLLATINA;all'intersezione con;VIA CELESTINO ROSATELLI;VIA CELESTINO ROSATELLI;;;Scontro frontale/laterale DX fra veicoli in marcia;Intersezione stradale segnalata;Una carreggiata a doppio senso;Asciutto;Asfaltata;Verticale ed orizzontale;Sereno;Intenso;Buona;;1;0;0;1;12.661;41.9207;-1;2;Autovettura privata;In marcia / fermata / arresto;Conducente;M;Illeso;0;;Non accertato;Inesploso
5977249;8;25/05/2022 13:40:00;Provinciale entro l'abitato;VIA ACERNO;all'intersezione con;VIA PRENESTINA;VIA PRENESTINA;;;Scontro frontale/laterale DX fra veicoli in marcia;Incrocio;Una carreggiata a doppio senso;Asciutto;Asfaltata;Verticale ed orizzontale;Sereno;Normale;Buona;;1;0;0;1;12.6333;41.8934;-1;1;Autovettura privata;In marcia / fermata / arresto;Conducente;M;Illeso;0;;;
5977249;8;25/05/2022 13:40:00;Provinciale entro l'abitato;VIA ACERNO;all'intersezione con;VIA PRENESTINA;VIA PRENESTINA;;;Scontro frontale/laterale DX fra veicoli in marcia;Incrocio;Una carreggiata a doppio senso;Asciutto;Asfaltata;Verticale ed orizzontale;Sereno;Normale;Buona;;1;0;0;1;12.6333;41.8934;-1;2;Motociclo a solo;In marcia / fermata / arresto;Conducente;M;Rifiuta cure immediate;0;NON DECEDUTO;;
5977253;8;25/05/2022 20:40:00;Strada Urbana;VIA DEI TUCANI;da specificare;;;;in prossimità via CATALDO CASSANO;Scontro laterale fra veicoli in marcia;Rettilineo;Una carreggiata a doppio senso;Asciutto;Asfaltata;Verticale ed orizzontale;Sereno;Scarso;Sufficiente;;0;0;0;1;12.5895;41.87;-1;1;Autovettura privata;In marcia / fermata / arresto;Conducente;F;Illeso;0;;Non accertato;Inesploso
5977253;8;25/05/2022 20:40:00;Strada Urbana;VIA DEI TUCANI;da specificare;;;;in prossimità via CATALDO CASSANO;Scontro laterale fra veicoli in marcia;Rettilineo;Una carreggiata a doppio senso;Asciutto;Asfaltata;Verticale ed orizzontale;Sereno;Scarso;Sufficiente;;0;0;0;1;12.5895;41.87;-1;2;Velocipede;Allontanatosi;;;;;;;
5977254;5;25/05/2022 11:15:00;Strada Urbana;VIA TINO BUAZZELLI;all'intersezione con;VIA DIEGO FABBRI;VIA DIEGO FABBRI;;;Scontro laterale fra veicoli in marcia;Rotatoria;Una carreggiata a doppio senso;Asciutto;Asfaltata;Verticale ed orizzontale;Sereno;Normale;Buona;;0;0;0;2;12.5681;41.9427;-1;1;Autovettura privata;In marcia / fermata / arresto;Conducente;F;Illeso;0;;Non accertato;
5977254;5;25/05/2022 11:15:00;Strada Urbana;VIA TINO BUAZZELLI;all'intersezione con;VIA DIEGO FABBRI;VIA DIEGO FABBRI;;;Scontro laterale fra veicoli in marcia;Rotatoria;Una carreggiata a doppio senso;Asciutto;Asfaltata;Verticale ed orizzontale;Sereno;Normale;Buona;;0;0;0;2;12.5681;41.9427;-1;2;Motociclo a solo;In marcia / fermata / arresto;Conducente;M;Illeso;0;;Non accertato;
5977260;11;25/05/2022 08:45:00;Strada Urbana;VIALE FERDINANDO BALDELLI;da specificare;;;;PROSSIMITA' L.GO B. P. RICCARDI;Infortunio per caduta del veicolo;Rettilineo;Due carreggiate;Asciutto;Asfaltata;Verticale ed orizzontale;Sereno;Normale;Buona;;1;0;0;0;12.4765;41.8568;-1;1;Motociclo a solo;In marcia / fermata / arresto;Conducente;M;Rimandato;0;NON DECEDUTO;Non accertato;
5977280;8;25/05/2022 12:50:00;Strada Urbana;VIA DEI COLOMBI;in prossimità;;del civico n.;27;;Scontro laterale fra veicoli in marcia;Rettilineo;Una carreggiata a senso unico di marcia;Asciutto;Asfaltata;Verticale ed orizzontale;Sereno;Normale;Buona;;0;0;0;2;12.593;41.8681;-1;1;Autovettura privata;In marcia / fermata / arresto;Conducente;F;Illeso;0;;Non accertato;Inesploso
5977280;8;25/05/2022 12:50:00;Strada Urbana;VIA DEI COLOMBI;in prossimità;;del civico n.;27;;Scontro laterale fra veicoli in marcia;Rettilineo;Una carreggiata a senso unico di marcia;Asciutto;Asfaltata;Verticale ed orizzontale;Sereno;Normale;Buona;;0;0;0;2;12.593;41.8681;-1;2;Autovettura privata;In marcia / fermata / arresto;Conducente;F;Illeso;0;;Non accertato;Inesploso
5977289;8;25/05/2022 13:45:00;Strada Urbana;VIA WALTER TOBAGI;all'intersezione con;VIA DEL PETTIROSSO;VIA DEL PETTIROSSO;;;Scontro frontale/laterale SX fra veicoli in marcia;Incrocio;Una carreggiata a senso unico di marcia;Asciutto;Asfaltata;Verticale ed orizzontale;Sereno;Normale;Buona;;0;0;0;4;12.5929;41.868;-1;1;Autovettura privata;In marcia / fermata / arresto;Conducente;M;Illeso;0;;Non accertato;Inesploso
5977289;8;25/05/2022 13:45:00;Strada Urbana;VIA WALTER TOBAGI;all'intersezione con;VIA DEL PETTIROSSO;VIA DEL PETTIROSSO;;;Scontro frontale/laterale SX fra veicoli in marcia;Incrocio;Una carreggiata a senso unico di marcia;Asciutto;Asfaltata;Verticale ed orizzontale;Sereno;Normale;Buona;;0;0;0;4;12.5929;41.868;-1;1;Autovettura privata;In marcia / fermata / arresto;Passeggero;M;Illeso;0;;Non accertato;Inesploso
5977289;8;25/05/2022 13:45:00;Strada Urbana;VIA WALTER TOBAGI;all'intersezione con;VIA DEL PETTIROSSO;VIA DEL PETTIROSSO;;;Scontro frontale/laterale SX fra veicoli in marcia;Incrocio;Una carreggiata a senso unico di marcia;Asciutto;Asfaltata;Verticale ed orizzontale;Sereno;Normale;Buona;;0;0;0;4;12.5929;41.868;-1;1;Autovettura privata;In marcia / fermata / arresto;Passeggero;M;Illeso;0;;Non accertato;Inesploso
5977289;8;25/05/2022 13:45:00;Strada Urbana;VIA WALTER TOBAGI;all'intersezione con;VIA DEL PETTIROSSO;VIA DEL PETTIROSSO;;;Scontro frontale/laterale SX fra veicoli in marcia;Incrocio;Una carreggiata a senso unico di marcia;Asciutto;Asfaltata;Verticale ed orizzontale;Sereno;Normale;Buona;;0;0;0;4;12.5929;41.868;-1;2;Autovettura privata;In marcia / fermata / arresto;Conducente;M;Illeso;0;;Non accertato;Inesploso
5977294;11;25/05/2022 07:40:00;Strada Urbana;PIAZZA DEI NAVIGATORI;in prossimità;;del palo luce n.;28;;Scontro laterale fra veicoli in marcia;Rettilineo;Due carreggiate;Asciutto;Asfaltata;Verticale ed orizzontale;Sereno;Normale;Buona;;0;0;0;2;12.4989;41.8601;-1;1;Autoarticolato;In marcia / fermata / arresto;Conducente;M;Illeso;0;;;
5977294;11;25/05/2022 07:40:00;Strada Urbana;PIAZZA DEI NAVIGATORI;in prossimità;;del palo luce n.;28;;Scontro laterale fra veicoli in marcia;Rettilineo;Due carreggiate;Asciutto;Asfaltata;Verticale ed orizzontale;Sereno;Normale;Buona;;0;0;0;2;12.4989;41.8601;-1;2;Autovettura privata;In marcia / fermata / arresto;Conducente;M;Illeso;0;;;
5977298;9;25/05/2022 12:45:00;Strada Urbana;VIA LUGNANO IN TEVERINA;da specificare;;;;prossimità 10;Scontro laterale fra veicoli in marcia;Rettilineo;Una carreggiata a doppio senso;Bagnato (umidità in atto);Asfaltata;Verticale ed orizzontale;Nuvoloso;Normale;Sufficiente;;1;0;0;0;12.5314;41.879;-1;1;Autocarro inferiore 35 q.;In marcia / fermata / arresto;;;;;;;
5977298;9;25/05/2022 12:45:00;Strada Urbana;VIA LUGNANO IN TEVERINA;da specificare;;;;prossimità 10;Scontro laterale fra veicoli in marcia;Rettilineo;Una carreggiata a doppio senso;Bagnato (umidità in atto);Asfaltata;Verticale ed orizzontale;Nuvoloso;Normale;Sufficiente;;1;0;0;0;12.5314;41.879;-1;2;Motociclo a solo;In marcia / fermata / arresto;Conducente;M;Rimandato;0;NON DECEDUTO;Non accertato;
5977301;10;26/05/2022 01:15:00;Strada Urbana;VIA QUINTO PUBLICIO;in prossimità;;del civico n.;19;;Veicolo in marcia contro veicoli in sosta;Rettilineo;Due carreggiate;Asciutto;Asfaltata;Verticale ed orizzontale;Sereno;Normale;Buona;;0;0;0;1;12.5699;41.856;-1;1;Autovettura privata;In marcia / fermata / arresto;Conducente;M;Illeso;0;;Non accertato;Inesploso
5977301;10;26/05/2022 01:15:00;Strada Urbana;VIA QUINTO PUBLICIO;in prossimità;;del civico n.;19;;Veicolo in marcia contro veicoli in sosta;Rettilineo;Due carreggiate;Asciutto;Asfaltata;Verticale ed orizzontale;Sereno;Normale;Buona;;0;0;0;1;12.5699;41.856;-1;2;Autovettura privata;Sosta;;;;;;;
5977301;10;26/05/2022 01:15:00;Strada Urbana;VIA QUINTO PUBLICIO;in prossimità;;del civico n.;19;;Veicolo in marcia contro veicoli in sosta;Rettilineo;Due carreggiate;Asciutto;Asfaltata;Verticale ed orizzontale;Sereno;Normale;Buona;;0;0;0;1;12.5699;41.856;-1;3;Autovettura privata;Sosta;;;;;;;
5977301;10;26/05/2022 01:15:00;Strada Urbana;VIA QUINTO PUBLICIO;in prossimità;;del civico n.;19;;Veicolo in marcia contro veicoli in sosta;Rettilineo;Due carreggiate;Asciutto;Asfaltata;Verticale ed orizzontale;Sereno;Normale;Buona;;0;0;0;1;12.5699;41.856;-1;4;Autovettura privata;Sosta;;;;;;;
5977304;8;25/05/2022 17:00:00;Strada Urbana;VIA TIFEO;in corrispondenza;;del civico n.;36;;Veicolo in marcia contro ostacolo accidentale;Rettilineo;Una carreggiata a senso unico di marcia;Asciutto;Asfaltata;Assente;Sereno;Scarso;Buona;;0;0;0;3;12.6176;41.8764;-1;1;Autovettura privata;In marcia / fermata / arresto;Conducente;M;Illeso;0;;Non accertato;Inesploso
5977304;8;25/05/2022 17:00:00;Strada Urbana;VIA TIFEO;in corrispondenza;;del civico n.;36;;Veicolo in marcia contro ostacolo accidentale;Rettilineo;Una carreggiata a senso unico di marcia;Asciutto;Asfaltata;Assente;Sereno;Scarso;Buona;;0;0;0;3;12.6176;41.8764;-1;2;Autovettura privata;Sosta;Passeggero;F;Illeso;0;;Non accertato;Inesploso
5977304;8;25/05/2022 17:00:00;Strada Urbana;VIA TIFEO;in corrispondenza;;del civico n.;36;;Veicolo in marcia contro ostacolo accidentale;Rettilineo;Una carreggiata a senso unico di marcia;Asciutto;Asfaltata;Assente;Sereno;Scarso;Buona;;0;0;0;3;12.6176;41.8764;-1;2;Autovettura privata;Sosta;Passeggero;F;Illeso;0;;Non accertato;Inesploso
5977317;15;25/05/2022 18:00:00;Strada Urbana;VIA DELLA MAGLIANA NUOVA;in prossimità;;del civico n.;200;;Tamponamento;Rettilineo;Due carreggiate;Asciutto;Asfaltata;Orizzontale;Sereno;Normale;Buona;;0;0;0;3;12.457;41.8524;-1;1;Autovettura privata;In marcia / fermata / arresto;Conducente;F;Illeso;0;;Non accertato;Inesploso
5977317;15;25/05/2022 18:00:00;Strada Urbana;VIA DELLA MAGLIANA NUOVA;in prossimità;;del civico n.;200;;Tamponamento;Rettilineo;Due carreggiate;Asciutto;Asfaltata;Orizzontale;Sereno;Normale;Buona;;0;0;0;3;12.457;41.8524;-1;1;Autovettura privata;In marcia / fermata / arresto;Passeggero;M;Illeso;0;;Non accertato;Inesploso
5977317;15;25/05/2022 18:00:00;Strada Urbana;VIA DELLA MAGLIANA NUOVA;in prossimità;;del civico n.;200;;Tamponamento;Rettilineo;Due carreggiate;Asciutto;Asfaltata;Orizzontale;Sereno;Normale;Buona;;0;0;0;3;12.457;41.8524;-1;2;Autovettura privata;In marcia / fermata / arresto;Conducente;M;Illeso;0;;Non accertato;Inesploso
5977320;9;25/05/2022 13:20:00;Strada Urbana;VIA ACAIA;all'intersezione semaforizzata con;VIA SATRICO;VIA SATRICO;;;Scontro frontale/laterale SX fra veicoli in marcia;Incrocio;Una carreggiata a doppio senso;Asciutto;Asfaltata;Verticale ed orizzontale;Nuvoloso;Normale;Buona;;2;0;0;1;12.5075;41.8771;-1;1;Autovettura privata;In marcia / fermata / arresto;Conducente;M;Illeso;0;;Non accertato;Inesploso
5977320;9;25/05/2022 13:20:00;Strada Urbana;VIA ACAIA;all'intersezione semaforizzata con;VIA SATRICO;VIA SATRICO;;;Scontro frontale/laterale SX fra veicoli in marcia;Incrocio;Una carreggiata a doppio senso;Asciutto;Asfaltata;Verticale ed orizzontale;Nuvoloso;Normale;Buona;;2;0;0;1;12.5075;41.8771;-1;2;Autovettura di polizia;In marcia / fermata / arresto;Conducente;M;Rimandato;0;NON DECEDUTO;Non accertato;Inesploso
5977320;9;25/05/2022 13:20:00;Strada Urbana;VIA ACAIA;all'intersezione semaforizzata con;VIA SATRICO;VIA SATRICO;;;Scontro frontale/laterale SX fra veicoli in marcia;Incrocio;Una carreggiata a doppio senso;Asciutto;Asfaltata;Verticale ed orizzontale;Nuvoloso;Normale;Buona;;2;0;0;1;12.5075;41.8771;-1;2;Autovettura di polizia;In marcia / fermata / arresto;Passeggero;M;Rimandato;0;NON DECEDUTO;Non accertato;Inesploso
5977324;19;26/05/2022 01:10:00;Strada Urbana;VIA DEL FORO ITALICO;da specificare;;;;altezza palo acea;Scontro laterale fra veicoli in marcia;Rettilineo;Due carreggiate;Asciutto;Asfaltata;Orizzontale;Sereno;Normale;Buona;;2;0;0;3;12.4813;41.9402;-1;1;Autovettura privata;In marcia / fermata / arresto;Conducente;M;Rimandato;0;NON DECEDUTO;;
5977324;19;26/05/2022 01:10:00;Strada Urbana;VIA DEL FORO ITALICO;da specificare;;;;altezza palo acea;Scontro laterale fra veicoli in marcia;Rettilineo;Due carreggiate;Asciutto;Asfaltata;Orizzontale;Sereno;Normale;Buona;;2;0;0;3;12.4813;41.9402;-1;1;Autovettura privata;In marcia / fermata / arresto;Passeggero;M;Illeso;0;;;
5977324;19;26/05/2022 01:10:00;Strada Urbana;VIA DEL FORO ITALICO;da specificare;;;;altezza palo acea;Scontro laterale fra veicoli in marcia;Rettilineo;Due carreggiate;Asciutto;Asfaltata;Orizzontale;Sereno;Normale;Buona;;2;0;0;3;12.4813;41.9402;-1;1;Autovettura privata;In marcia / fermata / arresto;Passeggero;M;Rimandato;0;NON DECEDUTO;;
5977324;19;26/05/2022 01:10:00;Strada Urbana;VIA DEL FORO ITALICO;da specificare;;;;altezza palo acea;Scontro laterale fra veicoli in marcia;Rettilineo;Due carreggiate;Asciutto;Asfaltata;Orizzontale;Sereno;Normale;Buona;;2;0;0;3;12.4813;41.9402;-1;1;Autovettura privata;In marcia / fermata / arresto;Passeggero Istruttore;M;Illeso;0;;;
5977324;19;26/05/2022 01:10:00;Strada Urbana;VIA DEL FORO ITALICO;da specificare;;;;altezza palo acea;Scontro laterale fra veicoli in marcia;Rettilineo;Due carreggiate;Asciutto;Asfaltata;Orizzontale;Sereno;Normale;Buona;;2;0;0;3;12.4813;41.9402;-1;2;Autovettura privata;In marcia / fermata / arresto;Conducente;M;Illeso;0;;;
5977329;15;26/05/2022 01:35:00;Strada Urbana;VIA PORTUENSE;da specificare;;;;fronte civico 240;Scontro laterale fra veicoli in marcia;Rettilineo;Due carreggiate;Asciutto;Asfaltata;Verticale ed orizzontale;Sereno;Normale;Buona;;2;0;0;2;12.414;41.8469;-1;1;Autovettura privata;In marcia / fermata / arresto;Conducente;M;Illeso;0;;Non accertato;Inesploso
5977329;15;26/05/2022 01:35:00;Strada Urbana;VIA PORTUENSE;da specificare;;;;fronte civico 240;Scontro laterale fra veicoli in marcia;Rettilineo;Due carreggiate;Asciutto;Asfaltata;Verticale ed orizzontale;Sereno;Normale;Buona;;2;0;0;2;12.414;41.8469;-1;1;Autovettura privata;In marcia / fermata / arresto;Passeggero;F;Illeso;0;;Non accertato;Inesploso
5977329;15;26/05/2022 01:35:00;Strada Urbana;VIA PORTUENSE;da specificare;;;;fronte civico 240;Scontro laterale fra veicoli in marcia;Rettilineo;Due carreggiate;Asciutto;Asfaltata;Verticale ed orizzontale;Sereno;Normale;Buona;;2;0;0;2;12.414;41.8469;-1;2;Motociclo con passeggero;In marcia / fermata / arresto;Conducente;F;Rimandato;0;NON DECEDUTO;Non accertato;
5977329;15;26/05/2022 01:35:00;Strada Urbana;VIA PORTUENSE;da specificare;;;;fronte civico 240;Scontro laterale fra veicoli in marcia;Rettilineo;Due carreggiate;Asciutto;Asfaltata;Verticale ed orizzontale;Sereno;Normale;Buona;;2;0;0;2;12.414;41.8469;-1;2;Motociclo con passeggero;In marcia / fermata / arresto;Passeggero;F;Rimandato;0;NON DECEDUTO;Non accertato;
5977330;19;25/05/2022 19:00:00;Strada Urbana;VIA DI CASAL DEL MARMO;da specificare;;;;prossimità Via R. Pagliara;Investimento di pedone;Rettilineo;Una carreggiata a doppio senso;Asciutto;Asfaltata;Orizzontale;Sereno;Normale;Buona;;1;0;0;1;12.389;41.9421;-1;;;;Pedone;M;Rimandato;0;NON DECEDUTO;;
5977330;19;25/05/2022 19:00:00;Strada Urbana;VIA DI CASAL DEL MARMO;da specificare;;;;prossimità Via R. Pagliara;Investimento di pedone;Rettilineo;Una carreggiata a doppio senso;Asciutto;Asfaltata;Orizzontale;Sereno;Normale;Buona;;1;0;0;1;12.389;41.9421;-1;1;Autovettura privata;In marcia / fermata / arresto;Conducente;F;Illeso;0;;;
5977345;20;25/05/2022 10:50:00;Strada Urbana;VIA CASSIA;in prossimità;;del civico n.;531;;Investimento di pedone;Rettilineo;Una carreggiata a doppio senso;Asciutto;Asfaltata;Verticale ed orizzontale;Sereno;Intenso;Buona;;1;0;0;1;12.4521;41.9601;-1;;;;Pedone;F;Rimandato;0;NON DECEDUTO;;
5977345;20;25/05/2022 10:50:00;Strada Urbana;VIA CASSIA;in prossimità;;del civico n.;531;;Investimento di pedone;Rettilineo;Una carreggiata a doppio senso;Asciutto;Asfaltata;Verticale ed orizzontale;Sereno;Intenso;Buona;;1;0;0;1;12.4521;41.9601;-1;1;Motociclo a solo;In marcia / fermata / arresto;Conducente;M;Illeso;0;;;
5977350;19;25/05/2022 22:50:00;Strada Urbana;VIA DEI MONTI DI PRIMAVALLE;in corrispondenza;;del civico n.;27;;Veicolo in marcia contro veicoli in sosta;Rettilineo;Una carreggiata a doppio senso;Asciutto;Asfaltata;Assente;Sereno;Scarso;Sufficiente;;1;0;0;0;12.4139;41.9128;-1;1;Monopattino elettrico;In marcia / fermata / arresto;Conducente;F;Rimandato;0;NON DECEDUTO;Non accertato;Inesistente
5977350;19;25/05/2022 22:50:00;Strada Urbana;VIA DEI MONTI DI PRIMAVALLE;in corrispondenza;;del civico n.;27;;Veicolo in marcia contro veicoli in sosta;Rettilineo;Una carreggiata a doppio senso;Asciutto;Asfaltata;Assente;Sereno;Scarso;Sufficiente;;1;0;0;0;12.4139;41.9128;-1;2;Autovettura privata;Sosta;;;;;;;
5977350;19;25/05/2022 22:50:00;Strada Urbana;VIA DEI MONTI DI PRIMAVALLE;in corrispondenza;;del civico n.;27;;Veicolo in marcia contro veicoli in sosta;Rettilineo;Una carreggiata a doppio senso;Asciutto;Asfaltata;Assente;Sereno;Scarso;Sufficiente;;1;0;0;0;12.4139;41.9128;-1;3;Autovettura privata;Allontanatosi;;;;;;;
5977360;6;25/05/2022 18:30:00;Strada Urbana;VIA PRENESTINA;in prossimità;;del civico n.;173;;Scontro laterale fra veicoli in marcia;Rettilineo;Più di due carreggiate;Asciutto;Asfaltata;Verticale ed orizzontale;Sereno;Intenso;Buona;;0;0;0;2;12.5357;41.8925;-1;1;Autovettura privata;In marcia / fermata / arresto;Conducente;M;Illeso;0;;;
5977360;6;25/05/2022 18:30:00;Strada Urbana;VIA PRENESTINA;in prossimità;;del civico n.;173;;Scontro laterale fra veicoli in marcia;Rettilineo;Più di due carreggiate;Asciutto;Asfaltata;Verticale ed orizzontale;Sereno;Intenso;Buona;;0;0;0;2;12.5357;41.8925;-1;2;Autovettura privata;In marcia / fermata / arresto;Conducente;M;Illeso;0;;;