Protocollo;Gruppo;DataOraIncidente;Localizzazione1;STRADA1;Localizzazione2;STRADA2;Strada02;Chilometrica;DaSpecificare;NaturaIncidente;particolaritastrade;TipoStrada;FondoStradale;Pavimentazione;Segnaletica;CondizioneAtmosferica;Traffico;Visibilita;Illuminazione;NUM_FERITI;NUM_RISERVATA;NUM_MORTI;NUM_ILLESI;Longitude;Latitude;Confermato;Progressivo;TipoVeicolo;StatoVeicolo;TipoPersona;Sesso;Tipolesione;Deceduto;DecedutoDopo;CinturaCascoUtilizzato;Airbag;
5979182;9;26/05/2022 16:05:00;;PIAZZA DELL'ALBERONE;all'intersezione semaforizzata con;VIA APPIA NUOVA;VIA APPIA NUOVA;;;Tamponamento;;;;;;;;;;0;0;0;3;12.5212;41.8763;0;1;Autovettura privata;In marcia / fermata / arresto;Conducente;M;Illeso;0;;;
5979182;9;26/05/2022 16:05:00;;PIAZZA DELL'ALBERONE;all'intersezione semaforizzata con;VIA APPIA NUOVA;VIA APPIA NUOVA;;;Tamponamento;;;;;;;;;;0;0;0;3;12.5212;41.8763;0;1;Autovettura privata;In marcia / fermata / arresto;Passeggero;F;Illeso;0;;;
5979182;9;26/05/2022 16:05:00;;PIAZZA DELL'ALBERONE;all'intersezione semaforizzata con;VIA APPIA NUOVA;VIA APPIA NUOVA;;;Tamponamento;;;;;;;;;;0;0;0;3;12.5212;41.8763;0;2;Autovettura privata;In marcia / fermata / arresto;Conducente;M;Illeso;0;;;
5979193;17;27/05/2022 03:30:00;Statale entro l'abitato;VIA AURELIA;in prossimità;;del civico n.;676;;Veicolo in marcia contro veicoli in sosta;Rettilineo;Due carreggiate;Asciutto;Asfaltata;Verticale ed orizzontale;Sereno;Scarso;Sufficiente;;0;0;0;1;12.4151;41.8937;-1;1;Autovettura privata;In marcia / fermata / arresto;Conducente;F;Illeso;0;;Non accertato;Inesploso
5979193;17;27/05/2022 03:30:00;Statale entro l'abitato;VIA AURELIA;in prossimità;;del civico n.;676;;Veicolo in marcia contro veicoli in sosta;Rettilineo;Due carreggiate;Asciutto;Asfaltata;Verticale ed orizzontale;Sereno;Scarso;Sufficiente;;0;0;0;1;12.4151;41.8937;-1;2;Autovettura privata;Sosta;;;;;;;
5979193;17;27/05/2022 03:30:00;Statale entro l'abitato;VIA AURELIA;in prossimità;;del civico n.;676;;Veicolo in marcia contro veicoli in sosta;Rettilineo;Due carreggiate;Asciutto;Asfaltata;Verticale ed orizzontale;Sereno;Scarso;Sufficiente;;0;0;0;1;12.4151;41.8937;-1;3;Autovettura privata;Sosta;;;;;;;
5979195;7;26/05/2022 18:05:00;Strada Urbana;PIAZZA DEI MIRTI;in prossimità;;del civico n.;45;;Scontro laterale fra veicoli in marcia;Rotatoria;Una carreggiata a senso unico di marcia;Asciutto;Asfaltata;Verticale ed orizzontale;Nuvoloso;Normale;Buona;;0;0;0;2;12.5663;41.8809;-1;1;Autovettura privata;In marcia / fermata / arresto;Conducente;F;Illeso;0;;;
5979195;7;26/05/2022 18:05:00;Strada Urbana;PIAZZA DEI MIRTI;in prossimità;;del civico n.;45;;Scontro laterale fra veicoli in marcia;Rotatoria;Una carreggiata a senso unico di marcia;Asciutto;Asfaltata;Verticale ed orizzontale;Nuvoloso;Normale;Buona;;0;0;0;2;12.5663;41.8809;-1;2;Autobus urbano;In marcia / fermata / arresto;Conducente;M;Illeso;0;;;
5979198;11;26/05/2022 14:15:00;Strada Urbana;VIA CRISTOFORO COLOMBO;da specificare;;;;centrale direzione centro p.a. 31;Tamponamento Multiplo;Rettilineo;Più di due carreggiate;Asciutto;Asfaltata;Verticale ed orizzontale;Sereno;Normale;Buona;;3;0;0;3;12.4115;41.7858;-1;1;Autovettura privata;In marcia / fermata / arresto;Conducente;F;Rimandato;0;NON DECEDUTO;Non accertato;Inesploso
5979198;11;26/05/2022 14:15:00;Strada Urbana;VIA CRISTOFORO COLOMBO;da specificare;;;;centrale direzione centro p.a. 31;Tamponamento Multiplo;Rettilineo;Più di due carreggiate;Asciutto;Asfaltata;Verticale ed orizzontale;Sereno;Normale;Buona;;3;0;0;3;12.4115;41.7858;-1;2;Autovettura privata;In marcia / fermata / arresto;Conducente;M;Rimandato;0;NON DECEDUTO;;
5979198;11;26/05/2022 14:15:00;Strada Urbana;VIA CRISTOFORO COLOMBO;da specificare;;;;centrale direzione centro p.a. 31;Tamponamento Multiplo;Rettilineo;Più di due carreggiate;Asciutto;Asfaltata;Verticale ed orizzontale;Sereno;Normale;Buona;;3;0;0;3;12.4115;41.7858;-1;2;Autovettura privata;In marcia / fermata / arresto;Passeggero;M;Rimandato;0;NON DECEDUTO;Non accertato;Inesploso
5979198;11;26/05/2022 14:15:00;Strada Urbana;VIA CRISTOFORO COLOMBO;da specificare;;;;centrale direzione centro p.a. 31;Tamponamento Multiplo;Rettilineo;Più di due carreggiate;Asciutto;Asfaltata;Verticale ed orizzontale;Sereno;Normale;Buona;;3;0;0;3;12.4115;41.7858;-1;3;Altro;In marcia / fermata / arresto;Conducente;M;Illeso;0;;Non accertato;Inesploso
5979198;11;26/05/2022 14:15:00;Strada Urbana;VIA CRISTOFORO COLOMBO;da specificare;;;;centrale direzione centro p.a. 31;Tamponamento Multiplo;Rettilineo;Più di due carreggiate;Asciutto;Asfaltata;Verticale ed orizzontale;Sereno;Normale;Buona;;3;0;0;3;12.4115;41.7858;-1;3;Altro;In marcia / fermata / arresto;Passeggero;M;Illeso;0;;Non accertato;Inesploso
5979198;11;26/05/2022 14:15:00;Strada Urbana;VIA CRISTOFORO COLOMBO;da specificare;;;;centrale direzione centro p.a. 31;Tamponamento Multiplo;Rettilineo;Più di due carreggiate;Asciutto;Asfaltata;Verticale ed orizzontale;Sereno;Normale;Buona;;3;0;0;3;12.4115;41.7858;-1;4;Autovettura privata;In marcia / fermata / arresto;Conducente;F;Illeso;0;;;
5979209;20;26/05/2022 17:00:00;Strada Urbana;VIALE CORTINA D'AMPEZZO;in corrispondenza;;del civico n.;211;;Scontro laterale fra veicoli in marcia;Rettilineo;Una carreggiata a doppio senso;Asciutto;Asfaltata;Verticale ed orizzontale;Sereno;Normale;Buona;;1;0;0;2;12.4423;41.9469;-1;1;Autovettura privata;In marcia / fermata / arresto;Conducente;M;Illeso;0;;;
5979209;20;26/05/2022 17:00:00;Strada Urbana;VIALE CORTINA D'AMPEZZO;in corrispondenza;;del civico n.;211;;Scontro laterale fra veicoli in marcia;Rettilineo;Una carreggiata a doppio senso;Asciutto;Asfaltata;Verticale ed orizzontale;Sereno;Normale;Buona;;1;0;0;2;12.4423;41.9469;-1;1;Autovettura privata;In marcia / fermata / arresto;Passeggero;M;Illeso;0;;;
5979209;20;26/05/2022 17:00:00;Strada Urbana;VIALE CORTINA D'AMPEZZO;in corrispondenza;;del civico n.;211;;Scontro laterale fra veicoli in marcia;Rettilineo;Una carreggiata a doppio senso;Asciutto;Asfaltata;Verticale ed orizzontale;Sereno;Normale;Buona;;1;0;0;2;12.4423;41.9469;-1;2;Motociclo a solo;In marcia / fermata / arresto;Conducente;M;Rimandato;0;NON DECEDUTO;;
5979229;20;26/05/2022 21:33:00;Strada Urbana;VIA UGO DELLA SETA;in corrispondenza;;del civico n.;5;;Tamponamento;Rettilineo;Due carreggiate;Asciutto;Asfaltata;Verticale ed orizzontale;Sereno;Normale;Sufficiente;;0;0;0;2;12.5246;41.9596;-1;1;Autovettura privata;In marcia / fermata / arresto;Conducente;M;Illeso;0;;;
5979229;20;26/05/2022 21:33:00;Strada Urbana;VIA UGO DELLA SETA;in corrispondenza;;del civico n.;5;;Tamponamento;Rettilineo;Due carreggiate;Asciutto;Asfaltata;Verticale ed orizzontale;Sereno;Normale;Sufficiente;;0;0;0;2;12.5246;41.9596;-1;2;Autovettura privata;In marcia / fermata / arresto;Conducente;M;Illeso;0;;;
5979231;9;26/05/2022 16:05:00;Strada Urbana;PIAZZA DEI RE DI ROMA;in corrispondenza;;del civico n.;39;;Veicolo in marcia contro veicolo arresto;Rettilineo;Una carreggiata a senso unico di marcia;Asciutto;Asfaltata;Verticale;Sereno;Normale;Buona;;0;0;0;1;12.5137;41.8825;-1;1;Autovettura privata;In marcia / fermata / arresto;Conducente;M;Illeso;0;;Non accertato;Inesploso
5979231;9;26/05/2022 16:05:00;Strada Urbana;PIAZZA DEI RE DI ROMA;in corrispondenza;;del civico n.;39;;Veicolo in marcia contro veicolo arresto;Rettilineo;Una carreggiata a senso unico di marcia;Asciutto;Asfaltata;Verticale;Sereno;Normale;Buona;;0;0;0;1;12.5137;41.8825;-1;2;Autovettura privata;In marcia / fermata / arresto;;;;;;;
5979232;7;26/05/2022 20:25:00;Strada Urbana;VIA MONTE ROCCHETTA;all'intersezione con;VIA MONTE RUGGERO;VIA MONTE RUGGERO;;;Scontro frontale/laterale DX fra veicoli in marcia;Incrocio;Una carreggiata a doppio senso;Asciutto;Asfaltata;Verticale ed orizzontale;Sereno;Normale;Sufficiente;;1;0;0;1;12.5317;41.9473;-1;1;Autovettura privata;In marcia / fermata / arresto;Conducente;M;Illeso;0;;;
5979232;7;26/05/2022 20:25:00;Strada Urbana;VIA MONTE ROCCHETTA;all'intersezione con;VIA MONTE RUGGERO;VIA MONTE RUGGERO;;;Scontro frontale/laterale DX fra veicoli in marcia;Incrocio;Una carreggiata a doppio senso;Asciutto;Asfaltata;Verticale ed orizzontale;Sereno;Normale;Sufficiente;;1;0;0;1;12.5317;41.9473;-1;2;Autovettura privata;In marcia / fermata / arresto;Conducente;M;Rimandato;0;NON DECEDUTO;;
5979232;7;26/05/2022 20:25:00;Strada Urbana;VIA MONTE ROCCHETTA;all'intersezione con;VIA MONTE RUGGERO;VIA MONTE RUGGERO;;;Scontro frontale/laterale DX fra veicoli in marcia;Incrocio;Una carreggiata a doppio senso;Asciutto;Asfaltata;Verticale ed orizzontale;Sereno;Normale;Sufficiente;;1;0;0;1;12.5317;41.9473;-1;3;Autovettura privata;Sosta;;;;;;;
5979234;7;26/05/2022 13:45:00;Strada Urbana;VIA CASILINA;in corrispondenza;;del civico n.;1014;;Scontro frontale/laterale DX fra veicoli in marcia;Rettilineo;Una carreggiata a doppio senso;Asciutto;Asfaltata;Verticale ed orizzontale;Sereno;Normale;Buona;;0;0;0;5;12.5824;41.8674;-1;1;Autovettura privata;In marcia / fermata / arresto;Conducente;M;Illeso;0;;Non accertato;Inesploso
5979234;7;26/05/2022 13:45:00;Strada Urbana;VIA CASILINA;in corrispondenza;;del civico n.;1014;;Scontro frontale/laterale DX fra veicoli in marcia;Rettilineo;Una carreggiata a doppio senso;Asciutto;Asfaltata;Verticale ed orizzontale;Sereno;Normale;Buona;;0;0;0;5;12.5824;41.8674;-1;1;Autovettura privata;In marcia / fermata / arresto;Passeggero;M;Illeso;0;;Non accertato;Inesploso
5979234;7;26/05/2022 13:45:00;Strada Urbana;VIA CASILINA;in corrispondenza;;del civico n.;1014;;Scontro frontale/laterale DX fra veicoli in marcia;Rettilineo;Una carreggiata a doppio senso;Asciutto;Asfaltata;Verticale ed orizzontale;Sereno;Normale;Buona;;0;0;0;5;12.5824;41.8674;-1;1;Autovettura privata;In marcia / fermata / arresto;Passeggero;M;Illeso;0;;Non accertato;Inesploso
5979234;7;26/05/2022 13:45:00;Strada Urbana;VIA CASILINA;in corrispondenza;;del civico n.;1014;;Scontro frontale/laterale DX fra veicoli in marcia;Rettilineo;Una carreggiata a doppio senso;Asciutto;Asfaltata;Verticale ed orizzontale;Sereno;Normale;Buona;;0;0;0;5;12.5824;41.8674;-1;1;Autovettura privata;In marcia / fermata / arresto;Passeggero;M;Illeso;0;;Non accertato;Inesploso
5979234;7;26/05/2022 13:45:00;Strada Urbana;VIA CASILINA;in corrispondenza;;del civico n.;1014;;Scontro frontale/laterale DX fra veicoli in marcia;Rettilineo;Una carreggiata a doppio senso;Asciutto;Asfaltata;Verticale ed orizzontale;Sereno;Normale;Buona;;0;0;0;5;12.5824;41.8674;-1;2;Motociclo a solo;In marcia / fermata / arresto;Conducente;M;Illeso;0;;Non accertato;
5979259;9;26/05/2022 17:35:00;Strada Urbana;PIAZZALE APPIO;all'intersezione semaforizzata con;VIA MAGNAGRECIA;VIA MAGNAGRECIA;;;Scontro laterale fra veicoli in marcia;Incrocio;Una carreggiata a doppio senso;Asciutto;Asfaltata;Verticale ed orizzontale;Sereno;Intenso;Buona;;0;0;0;4;12.5097;41.8856;-1;1;Autovettura privata;In marcia / fermata / arresto;Conducente;M;Illeso;0;;Non accertato;Inesploso
5979259;9;26/05/2022 17:35:00;Strada Urbana;PIAZZALE APPIO;all'intersezione semaforizzata con;VIA MAGNAGRECIA;VIA MAGNAGRECIA;;;Scontro laterale fra veicoli in marcia;Incrocio;Una carreggiata a doppio senso;Asciutto;Asfaltata;Verticale ed orizzontale;Sereno;Intenso;Buona;;0;0;0;4;12.5097;41.8856;-1;1;Autovettura privata;In marcia / fermata / arresto;Passeggero;F;Illeso;0;;Non accertato;Inesploso
5979259;9;26/05/2022 17:35:00;Strada Urbana;PIAZZALE APPIO;all'intersezione semaforizzata con;VIA MAGNAGRECIA;VIA MAGNAGRECIA;;;Scontro laterale fra veicoli in marcia;Incrocio;Una carreggiata a doppio senso;Asciutto;Asfaltata;Verticale ed orizzontale;Sereno;Intenso;Buona;;0;0;0;4;12.5097;41.8856;-1;1;Autovettura privata;In marcia / fermata / arresto;Passeggero;F;Illeso;0;;Non accertato;Inesploso
5979259;9;26/05/2022 17:35:00;Strada Urbana;PIAZZALE APPIO;all'intersezione semaforizzata con;VIA MAGNAGRECIA;VIA MAGNAGRECIA;;;Scontro laterale fra veicoli in marcia;Incrocio;Una carreggiata a doppio senso;Asciutto;Asfaltata;Verticale ed orizzontale;Sereno;Intenso;Buona;;0;0;0;4;12.5097;41.8856;-1;2;Autovettura privata;In marcia / fermata / arresto;Conducente;M;Illeso;0;;Non accertato;Inesploso
5979260;17;26/05/2022 09:50:00;Strada Urbana;PIAZZA DEI MARTIRI DI BELFIORE;all'intersezione semaforizzata con;VIA GIUSEPPE AVEZZANA;VIA GIUSEPPE AVEZZANA;;;Investimento di pedone;Intersezione semaforizzata;Due carreggiate;Asciutto;Asfaltata;Verticale ed orizzontale;Sereno;Normale;Buona;;1;0;0;1;12.4669;41.915;-1;;;;Pedone;M;Rimandato;0;NON DECEDUTO;;
5979260;17;26/05/2022 09:50:00;Strada Urbana;PIAZZA DEI MARTIRI DI BELFIORE;all'intersezione semaforizzata con;VIA GIUSEPPE AVEZZANA;VIA GIUSEPPE AVEZZANA;;;Investimento di pedone;Intersezione semaforizzata;Due carreggiate;Asciutto;Asfaltata;Verticale ed orizzontale;Sereno;Normale;Buona;;1;0;0;1;12.4669;41.915;-1;1;Autovettura privata;In marcia / fermata / arresto;Conducente;F;Illeso;0;;;
5979276;9;26/05/2022 23:50:00;;LARGO DON ORIONE;all'intersezione con;VIA ACQUI;VIA ACQUI;;;Infortunio per sola frenata improvvisa;;;;;;;;;;1;0;0;0;12.5161;41.8786;0;1;Motociclo a solo;In marcia / fermata / arresto;Conducente;M;Rimandato;0;NON DECEDUTO;;
5979287;7;26/05/2022 15:20:00;Strada Urbana;VIA GIACOMO BRESADOLA;all'intersezione con;VIA FILIPPO SMALDONE;VIA FILIPPO SMALDONE;;;Scontro frontale/laterale SX fra veicoli in marcia;Incrocio;Una carreggiata a doppio senso;Asciutto;Asfaltata;Verticale ed orizzontale;Sereno;Scarso;Buona;;0;0;0;3;12.5613;41.8931;-1;1;Autovettura privata;In marcia / fermata / arresto;Conducente;M;Illeso;0;;Non accertato;Inesploso
5979287;7;26/05/2022 15:20:00;Strada Urbana;VIA GIACOMO BRESADOLA;all'intersezione con;VIA FILIPPO SMALDONE;VIA FILIPPO SMALDONE;;;Scontro frontale/laterale SX fra veicoli in marcia;Incrocio;Una carreggiata a doppio senso;Asciutto;Asfaltata;Verticale ed orizzontale;Sereno;Scarso;Buona;;0;0;0;3;12.5613;41.8931;-1;2;Autocarro inferiore 35 q.;In marcia / fermata / arresto;Conducente;M;Illeso;0;;Non accertato;Inesploso
5979287;7;26/05/2022 15:20:00;Strada Urbana;VIA GIACOMO BRESADOLA;all'intersezione con;VIA FILIPPO SMALDONE;VIA FILIPPO SMALDONE;;;Scontro frontale/laterale SX fra veicoli in marcia;Incrocio;Una carreggiata a doppio senso;Asciutto;Asfaltata;Verticale ed orizzontale;Sereno;Scarso;Buona;;0;0;0;3;12.5613;41.8931;-1;2;Autocarro inferiore 35 q.;In marcia / fermata / arresto;Passeggero;M;Illeso;0;;Non accertato;Inesploso
5979337;7;26/05/2022 16:35:00;Strada Urbana;VIALE ALESSANDRINO;all'intersezione con;VIA DEL PERGOLATO;VIA DEL PERGOLATO;;;Scontro frontale/laterale DX fra veicoli in marcia;Incrocio;Una carreggiata a doppio senso;Asciutto;Asfaltata;Verticale ed orizzontale;Nuvoloso;Normale;Buona;;0;0;0;3;12.577;41.8848;-1;1;Autovettura privata;In marcia / fermata / arresto;Conducente;M;Illeso;0;;Non accertato;Inesploso
5979337;7;26/05/2022 16:35:00;Strada Urbana;VIALE ALESSANDRINO;all'intersezione con;VIA DEL PERGOLATO;VIA DEL PERGOLATO;;;Scontro frontale/laterale DX fra veicoli in marcia;Incrocio;Una carreggiata a doppio senso;Asciutto;Asfaltata;Verticale ed orizzontale;Nuvoloso;Normale;Buona;;0;0;0;3;12.577;41.8848;-1;2;Autovettura privata;In marcia / fermata / arresto;Conducente;F;Illeso;0;;Non accertato;Inesploso
5979337;7;26/05/2022 16:35:00;Strada Urbana;VIALE ALESSANDRINO;all'intersezione con;VIA DEL PERGOLATO;VIA DEL PERGOLATO;;;Scontro frontale/laterale DX fra veicoli in marcia;Incrocio;Una carreggiata a doppio senso;Asciutto;Asfaltata;Verticale ed orizzontale;Nuvoloso;Normale;Buona;;0;0;0;3;12.577;41.8848;-1;2;Autovettura privata;In marcia / fermata / arresto;Passeggero;M;Illeso;0;;Non accertato;Inesploso
5979351;20;27/05/2022 02:00:00;Strada Urbana;VIALE CARMELO BENE;da specificare;;;;ROTATORIA CON VIA MONTE CRIMANO;Veicolo in marcia contro ostacolo fisso;Rotatoria;Due carreggiate;Asciutto;Asfaltata;Orizzontale;Sereno;Scarso;Insufficiente;;1;0;0;0;12.5371;41.972;-1;1;Motociclo a solo;In marcia / fermata / arresto;Conducente;M;Rimandato;0;NON DECEDUTO;;
5979359;11;26/05/2022 16:00:00;Strada Urbana;VIALE DI TOR MARANCIA;all'intersezione con;VIA DELL'ACCADEMIA DEL CIMENTO;VIA DELL'ACCADEMIA DEL CIMENTO;;;Scontro laterale fra veicoli in marcia;Incrocio;Due carreggiate;Asciutto;Asfaltata;Verticale ed orizzontale;Sereno;Normale;Buona;;1;0;0;2;12.4972;41.8552;-1;1;Motociclo a solo;In marcia / fermata / arresto;Conducente;M;Rimandato;0;NON DECEDUTO;Non accertato;
5979359;11;26/05/2022 16:00:00;Strada Urbana;VIALE DI TOR MARANCIA;all'intersezione con;VIA DELL'ACCADEMIA DEL CIMENTO;VIA DELL'ACCADEMIA DEL CIMENTO;;;Scontro laterale fra veicoli in marcia;Incrocio;Due carreggiate;Asciutto;Asfaltata;Verticale ed orizzontale;Sereno;Normale;Buona;;1;0;0;2;12.4972;41.8552;-1;2;Autocarro inferiore 35 q.;In marcia / fermata / arresto;Conducente;M;Illeso;0;;Non accertato;
5979359;11;26/05/2022 16:00:00;Strada Urbana;VIALE DI TOR MARANCIA;all'intersezione con;VIA DELL'ACCADEMIA DEL CIMENTO;VIA DELL'ACCADEMIA DEL CIMENTO;;;Scontro laterale fra veicoli in marcia;Incrocio;Due carreggiate;Asciutto;Asfaltata;Verticale ed orizzontale;Sereno;Normale;Buona;;1;0;0;2;12.4972;41.8552;-1;2;Autocarro inferiore 35 q.;In marcia / fermata / arresto;Passeggero;F;Illeso;0;;Non accertato;
5979363;7;27/05/2022 09:00:00;Strada Urbana;VIALE PALMIRO TOGLIATTI;in corrispondenza;;del civico n.;543;;Scontro laterale fra veicoli in marcia;Rettilineo;Due carreggiate;Asciutto;Asfaltata;Orizzontale;Sereno;Normale;Buona;;0;0;0;3;12.5707;41.8756;-1;1;Autocarro superiore 35 q.;In marcia / fermata / arresto;Conducente;M;Illeso;0;;Non accertato;Inesploso
5979363;7;27/05/2022 09:00:00;Strada Urbana;VIALE PALMIRO TOGLIATTI;in corrispondenza;;del civico n.;543;;Scontro laterale fra veicoli in marcia;Rettilineo;Due carreggiate;Asciutto;Asfaltata;Orizzontale;Sereno;Normale;Buona;;0;0;0;3;12.5707;41.8756;-1;2;Autovettura privata;In marcia / fermata / arresto;Conducente;M;Illeso;0;;Non accertato;Inesploso
5979363;7;27/05/2022 09:00:00;Strada Urbana;VIALE PALMIRO TOGLIATTI;in corrispondenza;;del civico n.;543;;Scontro laterale fra veicoli in marcia;Rettilineo;Due carreggiate;Asciutto;Asfaltata;Orizzontale;Sereno;Normale;Buona;;0;0;0;3;12.5707;41.8756;-1;2;Autovettura privata;In marcia / fermata / arresto;Passeggero;F;Illeso;0;;Non accertato;Inesploso
5979365;17;26/05/2022 23:30:00;Strada Urbana;VIALE GIULIO CESARE;all'intersezione con;VIA CARLO ALBERTO DALLA CHIESA;VIA CARLO ALBERTO DALLA CHIESA;;;Scontro frontale/laterale SX fra veicoli in marcia;Intersezione semaforizzata;Più di due carreggiate;Asciutto;Asfaltata;Verticale ed orizzontale;Sereno;Normale;Sufficiente;;1;0;0;3;12.4616;41.9104;-1;1;Motociclo con passeggero;In marcia / fermata / arresto;Conducente;M;Illeso;0;;Utilizzato;
5979365;17;26/05/2022 23:30:00;Strada Urbana;VIALE GIULIO CESARE;all'intersezione con;VIA CARLO ALBERTO DALLA CHIESA;VIA CARLO ALBERTO DALLA CHIESA;;;Scontro frontale/laterale SX fra veicoli in marcia;Intersezione semaforizzata;Più di due carreggiate;Asciutto;Asfaltata;Verticale ed orizzontale;Sereno;Normale;Sufficiente;;1;0;0;3;12.4616;41.9104;-1;1;Motociclo con passeggero;In marcia / fermata / arresto;Passeggero;F;Illeso;0;;Utilizzato;
5979365;17;26/05/2022 23:30:00;Strada Urbana;VIALE GIULIO CESARE;all'intersezione con;VIA CARLO ALBERTO DALLA CHIESA;VIA CARLO ALBERTO DALLA CHIESA;;;Scontro frontale/laterale SX fra veicoli in marcia;Intersezione semaforizzata;Più di due carreggiate;Asciutto;Asfaltata;Verticale ed orizzontale;Sereno;Normale;Sufficiente;;1;0;0;3;12.4616;41.9104;-1;2;Monopattino elettrico;In marcia / fermata / arresto;Conducente;M;Rimandato;0;NON DECEDUTO;Esente;
5979365;17;26/05/2022 23:30:00;Strada Urbana;VIALE GIULIO CESARE;all'intersezione con;VIA CARLO ALBERTO DALLA CHIESA;VIA CARLO ALBERTO DALLA CHIESA;;;Scontro frontale/laterale SX fra veicoli in marcia;Intersezione semaforizzata;Più di due carreggiate;Asciutto;Asfaltata;Verticale ed orizzontale;Sereno;Normale;Sufficiente;;1;0;0;3;12.4616;41.9104;-1;2;Monopattino elettrico;In marcia / fermata / arresto;Passeggero;M;Illeso;0;;Esente;
5979381;6;27/05/2022 09:05:00;Strada Urbana;CIRCONVALLAZIONE CASILINA;in corrispondenza;;del civico n.;11;;Scontro laterale fra veicoli in marcia;Rettilineo;Una carreggiata a senso unico di marcia;Asciutto;Asfaltata;Orizzontale;Nuvoloso;Normale;Buona;;1;0;0;1;12.528;41.891;-1;1;Autovettura privata;In marcia / fermata / arresto;Conducente;F;Illeso;0;;Non accertato;Inesploso
5979381;6;27/05/2022 09:05:00;Strada Urbana;CIRCONVALLAZIONE CASILINA;in corrispondenza;;del civico n.;11;;Scontro laterale fra veicoli in marcia;Rettilineo;Una carreggiata a senso unico di marcia;Asciutto;Asfaltata;Orizzontale;Nuvoloso;Normale;Buona;;1;0;0;1;12.528;41.891;-1;2;Motociclo a solo;In marcia / fermata / arresto;Conducente;M;Rimandato;0;NON DECEDUTO;Non accertato;
5979399;11;26/05/2022 16:20:00;Strada Urbana;VIA CRISTOFORO COLOMBO;all'intersezione semaforizzata con;CIRCONVALLAZIONE OSTIENSE;CIRCONVALLAZIONE OSTIENSE;;;Scontro laterale fra veicoli in marcia;Intersezione semaforizzata;Più di due carreggiate;Asciutto;Asfaltata;Verticale ed orizzontale;Nuvoloso;Intenso;Buona;;0;0;0;2;12.4964;41.8672;-1;1;Autovettura privata;In marcia / fermata / arresto;Conducente;M;Illeso;0;;;
5979399;11;26/05/2022 16:20:00;Strada Urbana;VIA CRISTOFORO COLOMBO;all'intersezione semaforizzata con;CIRCONVALLAZIONE OSTIENSE;CIRCONVALLAZIONE OSTIENSE;;;Scontro laterale fra veicoli in marcia;Intersezione semaforizzata;Più di due carreggiate;Asciutto;Asfaltata;Verticale ed orizzontale;Nuvoloso;Intenso;Buona;;0;0;0;2;12.4964;41.8672;-1;2;Autovettura privata;In marcia / fermata / arresto;Conducente;M;Illeso;0;;;
5979452;12;26/05/2022 22:00:00;Strada Urbana;VIA LAURENTINA;da specificare;;;;dir. GRA altezza fronte Via dei Sommozzatori;Veicolo in marcia contro ostacolo fisso;Rettilineo;Due carreggiate;Asciutto;Asfaltata;Verticale ed orizzontale;Sereno;Scarso;Sufficiente;;1;0;0;0;12.4856;41.8103;-1;1;Autovettura privata;In marcia / fermata / arresto;Conducente;M;Rimandato;0;NON DECEDUTO;Non accertato;Esploso
5979516;1;26/05/2022 13:20:00;Strada Urbana;LUNGOTEVERE MARZIO;in prossimità;;del civico n.;9;;Infortunio per sola frenata improvvisa;Rettilineo;Una carreggiata a senso unico di marcia;Asciutto;Asfaltata;Verticale ed orizzontale;Sole radente;Intenso;Buona;;1;0;0;2;12.4746;41.904;-1;1;Ciclomotore;In marcia / fermata / arresto;Conducente;M;Rimandato;0;NON DECEDUTO;;
5979516;1;26/05/2022 13:20:00;Strada Urbana;LUNGOTEVERE MARZIO;in prossimità;;del civico n.;9;;Infortunio per sola frenata improvvisa;Rettilineo;Una carreggiata a senso unico di marcia;Asciutto;Asfaltata;Verticale ed orizzontale;Sole radente;Intenso;Buona;;1;0;0;2;12.4746;41.904;-1;2;Autovettura privata;In marcia / fermata / arresto;Conducente;M;Illeso;0;;;
5979516;1;26/05/2022 13:20:00;Strada Urbana;LUNGOTEVERE MARZIO;in prossimità;;del civico n.;9;;Infortunio per sola frenata improvvisa;Rettilineo;Una carreggiata a senso unico di marcia;Asciutto;Asfaltata;Verticale ed orizzontale;Sole radente;Intenso;Buona;;1;0;0;2;12.4746;41.904;-1;2;Autovettura privata;In marcia / fermata / arresto;Passeggero;F;Illeso;0;;;
5979540;23;26/05/2022 09:30:00;Strada Urbana;CIRCONVALLAZIONE TIBURTINA;da specificare;;;;altezza VIALE DELLO SCALO SAN LORENZO N. 60;Tamponamento;Rettilineo;Una carreggiata a senso unico di marcia;Asciutto;Asfaltata;Verticale ed orizzontale;Sereno;Normale;Buona;;0;0;0;4;12.5268;41.8986;-1;1;Autovettura di polizia;In marcia / fermata / arresto;Conducente;F;Illeso;0;;;
5979540;23;26/05/2022 09:30:00;Strada Urbana;CIRCONVALLAZIONE TIBURTINA;da specificare;;;;altezza VIALE DELLO SCALO SAN LORENZO N. 60;Tamponamento;Rettilineo;Una carreggiata a senso unico di marcia;Asciutto;Asfaltata;Verticale ed orizzontale;Sereno;Normale;Buona;;0;0;0;4;12.5268;41.8986;-1;1;Autovettura di polizia;In marcia / fermata / arresto;Passeggero;M;Illeso;0;;;
5979540;23;26/05/2022 09:30:00;Strada Urbana;CIRCONVALLAZIONE TIBURTINA;da specificare;;;;altezza VIALE DELLO SCALO SAN LORENZO N. 60;Tamponamento;Rettilineo;Una carreggiata a senso unico di marcia;Asciutto;Asfaltata;Verticale ed orizzontale;Sereno;Normale;Buona;;0;0;0;4;12.5268;41.8986;-1;1;Autovettura di polizia;In marcia / fermata / arresto;Passeggero;F;Illeso;0;;;