Protocollo;Gruppo;DataOraIncidente;Localizzazione1;STRADA1;Localizzazione2;STRADA2;Strada02;Chilometrica;DaSpecificare;NaturaIncidente;particolaritastrade;TipoStrada;FondoStradale;Pavimentazione;Segnaletica;CondizioneAtmosferica;Traffico;Visibilita;Illuminazione;NUM_FERITI;NUM_RISERVATA;NUM_MORTI;NUM_ILLESI;Longitude;Latitude;Confermato;Progressivo;TipoVeicolo;StatoVeicolo;TipoPersona;Sesso;Tipolesione;Deceduto;DecedutoDopo;CinturaCascoUtilizzato;Airbag;
5979540;23;26/05/2022 09:30:00;Strada Urbana;CIRCONVALLAZIONE TIBURTINA;da specificare;;;;altezza VIALE DELLO SCALO SAN LORENZO N. 60;Tamponamento;Rettilineo;Una carreggiata a senso unico di marcia;Asciutto;Asfaltata;Verticale ed orizzontale;Sereno;Normale;Buona;;0;0;0;4;12.5268;41.8986;-1;2;Autovettura privata;In marcia / fermata / arresto;Conducente;F;Illeso;0;;;
5979621;16;25/05/2022 18:00:00;Strada Urbana;VIA AURELIA ANTICA;in prossimità;;del civico n.;164;;Infortunio per sola frenata improvvisa;Rettilineo;Una carreggiata a doppio senso;Asciutto;Asfaltata;Orizzontale;Sereno;Normale;Buona;;1;0;0;1;12.4472;41.8896;-1;1;Motociclo a solo;In marcia / fermata / arresto;Conducente;M;Ricoverato;0;NON DECEDUTO;Non accertato;
5979621;16;25/05/2022 18:00:00;Strada Urbana;VIA AURELIA ANTICA;in prossimità;;del civico n.;164;;Infortunio per sola frenata improvvisa;Rettilineo;Una carreggiata a doppio senso;Asciutto;Asfaltata;Orizzontale;Sereno;Normale;Buona;;1;0;0;1;12.4472;41.8896;-1;2;Autovettura privata;In marcia / fermata / arresto;Conducente;F;Illeso;0;;Non accertato;Inesploso
5979661;16;25/05/2022 21:25:00;;PIAZZA FRANCESCO CUCCHI;all'intersezione con;VIALE DEI QUATTRO VENTI;VIALE DEI QUATTRO VENTI;;;Scontro laterale fra veicoli in marcia;;;;;;;;;;1;0;0;2;;;0;1;Autovettura privata;In marcia / fermata / arresto;Conducente;M;Illeso;0;;;
5979661;16;25/05/2022 21:25:00;;PIAZZA FRANCESCO CUCCHI;all'intersezione con;VIALE DEI QUATTRO VENTI;VIALE DEI QUATTRO VENTI;;;Scontro laterale fra veicoli in marcia;;;;;;;;;;1;0;0;2;;;0;2;Autovettura privata;In marcia / fermata / arresto;Conducente;M;Illeso;0;;;
5979661;16;25/05/2022 21:25:00;;PIAZZA FRANCESCO CUCCHI;all'intersezione con;VIALE DEI QUATTRO VENTI;VIALE DEI QUATTRO VENTI;;;Scontro laterale fra veicoli in marcia;;;;;;;;;;1;0;0;2;;;0;2;Autovettura privata;In marcia / fermata / arresto;Passeggero;M;Rimandato;0;NON DECEDUTO;;
5979664;12;27/05/2022 09:15:00;Strada Urbana;VIA MATTEO BARTOLI;in prossimità;;del civico n.;121;;Veicolo in marcia contro veicoli in sosta;Rettilineo;Una carreggiata a doppio senso;Asciutto;Asfaltata;Verticale ed orizzontale;Sereno;Normale;Buona;;1;0;0;0;12.4881;41.8184;-1;1;Autovettura privata;In marcia / fermata / arresto;Conducente;F;Rimandato;0;NON DECEDUTO;Non accertato;Inesploso
5979664;12;27/05/2022 09:15:00;Strada Urbana;VIA MATTEO BARTOLI;in prossimità;;del civico n.;121;;Veicolo in marcia contro veicoli in sosta;Rettilineo;Una carreggiata a doppio senso;Asciutto;Asfaltata;Verticale ed orizzontale;Sereno;Normale;Buona;;1;0;0;0;12.4881;41.8184;-1;2;Autovettura privata;Sosta;;;;;;;
5979664;12;27/05/2022 09:15:00;Strada Urbana;VIA MATTEO BARTOLI;in prossimità;;del civico n.;121;;Veicolo in marcia contro veicoli in sosta;Rettilineo;Una carreggiata a doppio senso;Asciutto;Asfaltata;Verticale ed orizzontale;Sereno;Normale;Buona;;1;0;0;0;12.4881;41.8184;-1;3;Autovettura privata;Sosta;;;;;;;
5979671;1;26/05/2022 18:00:00;Strada Urbana;VIA DEL TRAFORO;in corrispondenza;;del civico n.;131;;Investimento di pedone;Rettilineo;Una carreggiata a doppio senso;Asciutto;Asfaltata;Verticale ed orizzontale;Nuvoloso;Intenso;Buona;;1;0;0;1;12.4862;41.9024;0;;;;Pedone;F;Ricoverato;0;NON DECEDUTO;;
5979671;1;26/05/2022 18:00:00;Strada Urbana;VIA DEL TRAFORO;in corrispondenza;;del civico n.;131;;Investimento di pedone;Rettilineo;Una carreggiata a doppio senso;Asciutto;Asfaltata;Verticale ed orizzontale;Nuvoloso;Intenso;Buona;;1;0;0;1;12.4862;41.9024;0;1;Autovettura privata;In marcia / fermata / arresto;Conducente;M;Illeso;0;;;
5979685;9;27/05/2022 10:20:00;Strada Urbana;VIA GALLIA;in prossimità;;del civico n.;13;;Scontro frontale fra veicoli in marcia;Rettilineo;Una carreggiata a doppio senso;Asciutto;Asfaltata;Verticale ed orizzontale;Sereno;Scarso;Buona;;1;0;0;1;12.5014;41.8817;-1;1;Autovettura privata;In marcia / fermata / arresto;Conducente;M;Illeso;0;;Non accertato;Inesploso
5979685;9;27/05/2022 10:20:00;Strada Urbana;VIA GALLIA;in prossimità;;del civico n.;13;;Scontro frontale fra veicoli in marcia;Rettilineo;Una carreggiata a doppio senso;Asciutto;Asfaltata;Verticale ed orizzontale;Sereno;Scarso;Buona;;1;0;0;1;12.5014;41.8817;-1;2;Velocipede;In marcia / fermata / arresto;Conducente;M;Rimandato;0;NON DECEDUTO;Esente;
5979695;16;26/05/2022 15:45:00;Strada Urbana;PIAZZA CARLO FORLANINI;in corrispondenza;;del civico n.;25;;Scontro laterale fra veicoli in marcia;Rettilineo;Due carreggiate;Asciutto;Asfaltata;Verticale ed orizzontale;Sereno;Normale;Buona;;1;0;0;1;12.4499;41.8666;-1;1;Autovettura privata;In marcia / fermata / arresto;Conducente;M;Illeso;0;;Non accertato;Inesploso
5979695;16;26/05/2022 15:45:00;Strada Urbana;PIAZZA CARLO FORLANINI;in corrispondenza;;del civico n.;25;;Scontro laterale fra veicoli in marcia;Rettilineo;Due carreggiate;Asciutto;Asfaltata;Verticale ed orizzontale;Sereno;Normale;Buona;;1;0;0;1;12.4499;41.8666;-1;2;Motociclo a solo;In marcia / fermata / arresto;Conducente;M;Rimandato;0;NON DECEDUTO;Non accertato;
5979713;16;26/05/2022 18:00:00;Strada Urbana;VIA DI BRAVETTA;da specificare;;;;fronte civico 40;Scontro frontale/laterale SX fra veicoli in marcia;Rettilineo;Una carreggiata a doppio senso;Asciutto;Asfaltata;Orizzontale;Sereno;Normale;Buona;;1;0;0;1;12.4257;41.8762;-1;1;Autovettura privata;In marcia / fermata / arresto;Conducente;M;Rimandato;0;NON DECEDUTO;Non accertato;Esploso
5979713;16;26/05/2022 18:00:00;Strada Urbana;VIA DI BRAVETTA;da specificare;;;;fronte civico 40;Scontro frontale/laterale SX fra veicoli in marcia;Rettilineo;Una carreggiata a doppio senso;Asciutto;Asfaltata;Orizzontale;Sereno;Normale;Buona;;1;0;0;1;12.4257;41.8762;-1;2;Autobus urbano;In marcia / fermata / arresto;Conducente;M;Illeso;0;;Non accertato;Inesploso
5979725;17;25/05/2022 18:30:00;Strada Urbana;VIA TRIONFALE;in corrispondenza;;del civico n.;164;;Veicolo in marcia contro veicolo in sosta;Rettilineo;Una carreggiata a senso unico di marcia;Asciutto;Asfaltata;Verticale ed orizzontale;Sereno;Normale;Buona;;0;0;0;1;12.4499;41.9166;-1;1;Autovettura privata;In marcia / fermata / arresto;Conducente;M;Illeso;0;;;
5979725;17;25/05/2022 18:30:00;Strada Urbana;VIA TRIONFALE;in corrispondenza;;del civico n.;164;;Veicolo in marcia contro veicolo in sosta;Rettilineo;Una carreggiata a senso unico di marcia;Asciutto;Asfaltata;Verticale ed orizzontale;Sereno;Normale;Buona;;0;0;0;1;12.4499;41.9166;-1;2;Autovettura privata;Sosta;;;;;;;
5979734;1;27/05/2022 09:10:00;Strada Urbana;LUNGOTEVERE DEI TEBALDI;all'intersezione semaforizzata con;PONTE GIUSEPPE MAZZINI;PONTE GIUSEPPE MAZZINI;;;Scontro laterale fra veicoli in marcia;Intersezione semaforizzata;Una carreggiata a senso unico di marcia;Asciutto;Asfaltata;Verticale ed orizzontale;Sereno;Normale;Buona;;1;0;0;1;12.4691;41.8944;-1;1;Autovettura privata;In marcia / fermata / arresto;Conducente;F;Illeso;0;;;
5979734;1;27/05/2022 09:10:00;Strada Urbana;LUNGOTEVERE DEI TEBALDI;all'intersezione semaforizzata con;PONTE GIUSEPPE MAZZINI;PONTE GIUSEPPE MAZZINI;;;Scontro laterale fra veicoli in marcia;Intersezione semaforizzata;Una carreggiata a senso unico di marcia;Asciutto;Asfaltata;Verticale ed orizzontale;Sereno;Normale;Buona;;1;0;0;1;12.4691;41.8944;-1;2;Motociclo a solo;In marcia / fermata / arresto;Conducente;M;Rimandato;0;NON DECEDUTO;;
5979739;17;24/05/2022 18:50:00;Strada Urbana;VIA TRIONFALE;in corrispondenza;;del civico n.;5675;;Scontro frontale/laterale DX fra veicoli in marcia;Rettilineo;Una carreggiata a doppio senso;Asciutto;Asfaltata;Verticale ed orizzontale;Sereno;Normale;Buona;;0;0;0;2;12.4478;41.9248;-1;1;Motociclo a solo;In marcia / fermata / arresto;Conducente;M;Illeso;0;;;
5979739;17;24/05/2022 18:50:00;Strada Urbana;VIA TRIONFALE;in corrispondenza;;del civico n.;5675;;Scontro frontale/laterale DX fra veicoli in marcia;Rettilineo;Una carreggiata a doppio senso;Asciutto;Asfaltata;Verticale ed orizzontale;Sereno;Normale;Buona;;0;0;0;2;12.4478;41.9248;-1;2;Ciclomotore;In marcia / fermata / arresto;Conducente;M;Illeso;0;;;
5979747;1;25/05/2022 14:35:00;Strada Urbana;PIAZZA DI PORTA MAGGIORE;da specificare;;;;fronte VIA GIOVANNI GIOLITTI;Veicolo in marcia contro veicolo arresto;Rettilineo;Una carreggiata a senso unico di marcia;Asciutto;Asfaltata;Assente;Sereno;Normale;Buona;;0;0;0;3;12.5145;41.8912;-1;1;Autovettura privata;In marcia / fermata / arresto;Conducente;M;Illeso;0;;;
5979747;1;25/05/2022 14:35:00;Strada Urbana;PIAZZA DI PORTA MAGGIORE;da specificare;;;;fronte VIA GIOVANNI GIOLITTI;Veicolo in marcia contro veicolo arresto;Rettilineo;Una carreggiata a senso unico di marcia;Asciutto;Asfaltata;Assente;Sereno;Normale;Buona;;0;0;0;3;12.5145;41.8912;-1;1;Autovettura privata;In marcia / fermata / arresto;Passeggero;F;Illeso;0;;;
5979747;1;25/05/2022 14:35:00;Strada Urbana;PIAZZA DI PORTA MAGGIORE;da specificare;;;;fronte VIA GIOVANNI GIOLITTI;Veicolo in marcia contro veicolo arresto;Rettilineo;Una carreggiata a senso unico di marcia;Asciutto;Asfaltata;Assente;Sereno;Normale;Buona;;0;0;0;3;12.5145;41.8912;-1;2;Altro;In marcia / fermata / arresto;Conducente;M;Illeso;0;;;
5979749;1;26/05/2022 11:50:00;Strada Urbana;VIALE LUIGI EINAUDI;in prossimità;;del palo luce n.;6;;Infortunio per sola frenata improvvisa;Rettilineo;Una carreggiata a senso unico di marcia;Asciutto;Acciotolata;Verticale ed orizzontale;Sereno;Normale;Buona;;2;0;0;0;;;0;1;Motociclo con passeggero;In marcia / fermata / arresto;Conducente;M;Ricoverato;0;NON DECEDUTO;;
5979749;1;26/05/2022 11:50:00;Strada Urbana;VIALE LUIGI EINAUDI;in prossimità;;del palo luce n.;6;;Infortunio per sola frenata improvvisa;Rettilineo;Una carreggiata a senso unico di marcia;Asciutto;Acciotolata;Verticale ed orizzontale;Sereno;Normale;Buona;;2;0;0;0;;;0;1;Motociclo con passeggero;In marcia / fermata / arresto;Passeggero;F;Ricoverato;0;NON DECEDUTO;;
5979760;18;27/05/2022 11:00:00;Strada Urbana;VIA DI ACQUAFREDDA;in corrispondenza;;del civico n.;157;;Scontro frontale/laterale DX fra veicoli in marcia;Rettilineo;Una carreggiata a doppio senso;Asciutto;Asfaltata;Verticale ed orizzontale;Nuvoloso;Normale;Buona;;0;0;0;2;12.3954;41.8969;-1;1;Autocarro inferiore 35 q.;In marcia / fermata / arresto;Conducente;M;Illeso;0;;;
5979760;18;27/05/2022 11:00:00;Strada Urbana;VIA DI ACQUAFREDDA;in corrispondenza;;del civico n.;157;;Scontro frontale/laterale DX fra veicoli in marcia;Rettilineo;Una carreggiata a doppio senso;Asciutto;Asfaltata;Verticale ed orizzontale;Nuvoloso;Normale;Buona;;0;0;0;2;12.3954;41.8969;-1;2;Autovettura privata;In marcia / fermata / arresto;Conducente;M;Illeso;0;;;
5979788;1;27/05/2022 07:55:00;Strada Urbana;PIAZZA ALBANIA;all'intersezione semaforizzata con;VIA DI S. SABA;VIA DI S. SABA;;;Tamponamento;Intersezione semaforizzata;Più di due carreggiate;Asciutto;Asfaltata;Verticale ed orizzontale;Sereno;Normale;Buona;;0;0;0;2;12.4833;41.8802;-1;1;Autovettura privata;In marcia / fermata / arresto;Conducente;M;Illeso;0;;;
5979788;1;27/05/2022 07:55:00;Strada Urbana;PIAZZA ALBANIA;all'intersezione semaforizzata con;VIA DI S. SABA;VIA DI S. SABA;;;Tamponamento;Intersezione semaforizzata;Più di due carreggiate;Asciutto;Asfaltata;Verticale ed orizzontale;Sereno;Normale;Buona;;0;0;0;2;12.4833;41.8802;-1;2;Autovettura privata;In marcia / fermata / arresto;Conducente;M;Illeso;0;;;
5979825;17;25/05/2022 14:00:00;Strada Urbana;VIA LEONE IV;in prossimità;;del civico n.;2;;Scontro laterale fra veicoli in marcia;Rettilineo;Una carreggiata a doppio senso;Asciutto;Asfaltata;Verticale ed orizzontale;Sereno;Normale;Buona;;0;0;0;3;12.4553;41.9077;-1;1;Autovettura privata;In marcia / fermata / arresto;Conducente;M;Illeso;0;;;
5979825;17;25/05/2022 14:00:00;Strada Urbana;VIA LEONE IV;in prossimità;;del civico n.;2;;Scontro laterale fra veicoli in marcia;Rettilineo;Una carreggiata a doppio senso;Asciutto;Asfaltata;Verticale ed orizzontale;Sereno;Normale;Buona;;0;0;0;3;12.4553;41.9077;-1;1;Autovettura privata;In marcia / fermata / arresto;Passeggero;F;Illeso;0;;;
5979825;17;25/05/2022 14:00:00;Strada Urbana;VIA LEONE IV;in prossimità;;del civico n.;2;;Scontro laterale fra veicoli in marcia;Rettilineo;Una carreggiata a doppio senso;Asciutto;Asfaltata;Verticale ed orizzontale;Sereno;Normale;Buona;;0;0;0;3;12.4553;41.9077;-1;2;Autocarro inferiore 35 q.;In marcia / fermata / arresto;Conducente;M;Illeso;0;;;
5979853;1;26/05/2022 12:35:00;Strada Urbana;VIA STATILIA;in prossimità;;del civico n.;21;;Scontro laterale fra veicoli in marcia;Rettilineo;Una carreggiata a senso unico di marcia;Asciutto;In cubetti di porfido;Verticale ed orizzontale;Sereno;Normale;Buona;;0;0;0;2;12.5123;41.8907;-1;1;Autovettura privata;In marcia / fermata / arresto;Conducente;M;Illeso;0;;;
5979853;1;26/05/2022 12:35:00;Strada Urbana;VIA STATILIA;in prossimità;;del civico n.;21;;Scontro laterale fra veicoli in marcia;Rettilineo;Una carreggiata a senso unico di marcia;Asciutto;In cubetti di porfido;Verticale ed orizzontale;Sereno;Normale;Buona;;0;0;0;2;12.5123;41.8907;-1;2;Autovettura privata;In marcia / fermata / arresto;Conducente;M;Illeso;0;;;
5979874;10;27/05/2022 13:25:00;Statale entro l'abitato;CIRCONVALLAZIONE ORIENTALE;in prossimità;;del civico n.;4625;;Tamponamento;Rettilineo;Una carreggiata a senso unico di marcia;Asciutto;Asfaltata;Verticale ed orizzontale;Sereno;Normale;Buona;;0;0;0;2;12.5854;41.8298;-1;1;Autovettura privata;In marcia / fermata / arresto;Conducente;F;Illeso;0;;Non accertato;Inesploso
5979874;10;27/05/2022 13:25:00;Statale entro l'abitato;CIRCONVALLAZIONE ORIENTALE;in prossimità;;del civico n.;4625;;Tamponamento;Rettilineo;Una carreggiata a senso unico di marcia;Asciutto;Asfaltata;Verticale ed orizzontale;Sereno;Normale;Buona;;0;0;0;2;12.5854;41.8298;-1;2;Autovettura privata;In marcia / fermata / arresto;Conducente;M;Illeso;0;;Non accertato;Inesploso
5979912;17;25/05/2022 08:30:00;Strada Urbana;VIA PADRE PANCRAZIO PFEIFFER;all'intersezione con;VIA DELLA CONCILIAZIONE;VIA DELLA CONCILIAZIONE;;;Veicolo in marcia contro ostacolo accidentale;Incrocio;Una carreggiata a senso unico di marcia;Asciutto;Asfaltata;Verticale ed orizzontale;Sereno;Normale;Buona;;0;0;0;2;12.4596;41.9018;0;;;;Pedone;M;Illeso;0;;;
5979912;17;25/05/2022 08:30:00;Strada Urbana;VIA PADRE PANCRAZIO PFEIFFER;all'intersezione con;VIA DELLA CONCILIAZIONE;VIA DELLA CONCILIAZIONE;;;Veicolo in marcia contro ostacolo accidentale;Incrocio;Una carreggiata a senso unico di marcia;Asciutto;Asfaltata;Verticale ed orizzontale;Sereno;Normale;Buona;;0;0;0;2;12.4596;41.9018;0;1;Autocarro inferiore 35 q.;In marcia / fermata / arresto;Conducente;M;Illeso;0;;;
5979928;1;26/05/2022 17:35:00;Strada Urbana;VIA FLAVIA;all'intersezione con;VIA SERVIO TULLIO;VIA SERVIO TULLIO;;;Scontro frontale/laterale DX fra veicoli in marcia;Incrocio;Una carreggiata a senso unico di marcia;Asciutto;In cubetti di porfido;Verticale ed orizzontale;Sereno;Normale;Buona;;0;0;0;3;12.4972;41.9071;-1;1;Autovettura pubblica;In marcia / fermata / arresto;Conducente;M;Illeso;0;;;
5979928;1;26/05/2022 17:35:00;Strada Urbana;VIA FLAVIA;all'intersezione con;VIA SERVIO TULLIO;VIA SERVIO TULLIO;;;Scontro frontale/laterale DX fra veicoli in marcia;Incrocio;Una carreggiata a senso unico di marcia;Asciutto;In cubetti di porfido;Verticale ed orizzontale;Sereno;Normale;Buona;;0;0;0;3;12.4972;41.9071;-1;2;Autovettura privata;In marcia / fermata / arresto;Conducente;M;Illeso;0;;;
5979928;1;26/05/2022 17:35:00;Strada Urbana;VIA FLAVIA;all'intersezione con;VIA SERVIO TULLIO;VIA SERVIO TULLIO;;;Scontro frontale/laterale DX fra veicoli in marcia;Incrocio;Una carreggiata a senso unico di marcia;Asciutto;In cubetti di porfido;Verticale ed orizzontale;Sereno;Normale;Buona;;0;0;0;3;12.4972;41.9071;-1;2;Autovettura privata;In marcia / fermata / arresto;Passeggero;F;Illeso;0;;;
5979938;12;27/05/2022 12:15:00;Strada Urbana;VIA CINA;all'intersezione con;PIAZZA AZOLINO HAZON;PIAZZA AZOLINO HAZON;;;Tamponamento;Incrocio;Due carreggiate;Asciutto;Asfaltata;Verticale ed orizzontale;Nuvoloso;Normale;Buona;;0;0;0;4;12.4378;41.8164;-1;1;Autovettura privata;In marcia / fermata / arresto;Conducente;M;Illeso;0;;Non accertato;Inesploso
5979938;12;27/05/2022 12:15:00;Strada Urbana;VIA CINA;all'intersezione con;PIAZZA AZOLINO HAZON;PIAZZA AZOLINO HAZON;;;Tamponamento;Incrocio;Due carreggiate;Asciutto;Asfaltata;Verticale ed orizzontale;Nuvoloso;Normale;Buona;;0;0;0;4;12.4378;41.8164;-1;2;Autovettura privata;In marcia / fermata / arresto;Conducente;M;Illeso;0;;Non accertato;Inesploso
5979938;12;27/05/2022 12:15:00;Strada Urbana;VIA CINA;all'intersezione con;PIAZZA AZOLINO HAZON;PIAZZA AZOLINO HAZON;;;Tamponamento;Incrocio;Due carreggiate;Asciutto;Asfaltata;Verticale ed orizzontale;Nuvoloso;Normale;Buona;;0;0;0;4;12.4378;41.8164;-1;2;Autovettura privata;In marcia / fermata / arresto;Passeggero;M;Illeso;0;;;
5979938;12;27/05/2022 12:15:00;Strada Urbana;VIA CINA;all'intersezione con;PIAZZA AZOLINO HAZON;PIAZZA AZOLINO HAZON;;;Tamponamento;Incrocio;Due carreggiate;Asciutto;Asfaltata;Verticale ed orizzontale;Nuvoloso;Normale;Buona;;0;0;0;4;12.4378;41.8164;-1;2;Autovettura privata;In marcia / fermata / arresto;Passeggero;F;Illeso;0;;;
5979998;17;25/05/2022 00:05:00;Strada Urbana;VIA TACITO;in corrispondenza;;del civico n.;37a;;Veicolo in marcia contro veicolo in sosta;Rettilineo;Una carreggiata a senso unico di marcia;Asciutto;Asfaltata;Verticale ed orizzontale;Sereno;Scarso;Sufficiente;;0;0;0;1;12.4671;41.9074;-1;1;Autovettura privata;In marcia / fermata / arresto;Conducente;M;Illeso;0;;;
5979998;17;25/05/2022 00:05:00;Strada Urbana;VIA TACITO;in corrispondenza;;del civico n.;37a;;Veicolo in marcia contro veicolo in sosta;Rettilineo;Una carreggiata a senso unico di marcia;Asciutto;Asfaltata;Verticale ed orizzontale;Sereno;Scarso;Sufficiente;;0;0;0;1;12.4671;41.9074;-1;2;Autovettura privata;Sosta;;;;;;;
5980012;1;27/05/2022 11:35:00;Strada Urbana;VIA GARIBALDI;in prossimità;;del palo luce n.;35;;Veicolo in marcia contro ostacolo accidentale;Rettilineo;Una carreggiata a doppio senso;Viscido da liquidi oleosi;Asfaltata;Verticale ed orizzontale;Sereno;Normale;Buona;;1;0;0;0;;;0;1;Motociclo a solo;In marcia / fermata / arresto;Conducente;M;Rifiuta cure immediate;0;NON DECEDUTO;;
5980064;1;26/05/2022 18:30:00;Strada Urbana;VIA LOMBARDIA;all'intersezione con;VIA AURORA;VIA AURORA;;;Scontro frontale/laterale DX fra veicoli in marcia;Incrocio;Una carreggiata a senso unico di marcia;Asciutto;Asfaltata;Verticale ed orizzontale;Sereno;Normale;Buona;;0;0;0;2;12.4875;41.9077;-1;1;Autovettura privata;In marcia / fermata / arresto;Conducente;F;Illeso;0;;Non accertato;Inesploso
5980064;1;26/05/2022 18:30:00;Strada Urbana;VIA LOMBARDIA;all'intersezione con;VIA AURORA;VIA AURORA;;;Scontro frontale/laterale DX fra veicoli in marcia;Incrocio;Una carreggiata a senso unico di marcia;Asciutto;Asfaltata;Verticale ed orizzontale;Sereno;Normale;Buona;;0;0;0;2;12.4875;41.9077;-1;2;Autovettura privata;In marcia / fermata / arresto;Conducente;F;Illeso;0;;Non accertato;Esploso
5980079;17;26/05/2022 19:00:00;Strada Urbana;PIAZZALE CLODIO;all'intersezione semaforizzata con;VIA DARDANELLI;VIA DARDANELLI;;;Scontro frontale/laterale DX fra veicoli in marcia;Incrocio;Una carreggiata a senso unico di marcia;Asciutto;Asfaltata;Verticale ed orizzontale;Sereno;Normale;Buona;;0;0;0;2;12.4549;41.9167;-1;1;Autovettura privata;In marcia / fermata / arresto;Conducente;F;Illeso;0;;;
5980079;17;26/05/2022 19:00:00;Strada Urbana;PIAZZALE CLODIO;all'intersezione semaforizzata con;VIA DARDANELLI;VIA DARDANELLI;;;Scontro frontale/laterale DX fra veicoli in marcia;Incrocio;Una carreggiata a senso unico di marcia;Asciutto;Asfaltata;Verticale ed orizzontale;Sereno;Normale;Buona;;0;0;0;2;12.4549;41.9167;-1;2;Motociclo a solo;In marcia / fermata / arresto;Conducente;M;Illeso;0;;;
5980088;1;27/05/2022 01:55:00;Strada Urbana;PIAZZA DI S. CROCE IN GERUSALEMME;da specificare;;;;altezza albero 27;Scontro laterale fra veicoli in marcia;Rettilineo;Più di due carreggiate;Asciutto;Asfaltata;Verticale ed orizzontale;Sereno;Scarso;Buona;;0;0;0;3;;;0;1;Autovettura privata;In marcia / fermata / arresto;Conducente;M;Illeso;0;;;
5980088;1;27/05/2022 01:55:00;Strada Urbana;PIAZZA DI S. CROCE IN GERUSALEMME;da specificare;;;;altezza albero 27;Scontro laterale fra veicoli in marcia;Rettilineo;Più di due carreggiate;Asciutto;Asfaltata;Verticale ed orizzontale;Sereno;Scarso;Buona;;0;0;0;3;;;0;2;Autovettura privata;In marcia / fermata / arresto;Conducente;M;Illeso;0;;;
5980088;1;27/05/2022 01:55:00;Strada Urbana;PIAZZA DI S. CROCE IN GERUSALEMME;da specificare;;;;altezza albero 27;Scontro laterale fra veicoli in marcia;Rettilineo;Più di due carreggiate;Asciutto;Asfaltata;Verticale ed orizzontale;Sereno;Scarso;Buona;;0;0;0;3;;;0;2;Autovettura privata;In marcia / fermata / arresto;Passeggero;M;Illeso;0;;;
5980136;17;26/05/2022 15:25:00;Strada Urbana;VIALE GIOVANNI FALCONE E PAOLO BORSELLINO;da specificare;;;;in prossimità del palo luce n. 7;Veicolo in marcia contro veicolo in sosta;Curva a visuale libera;Due carreggiate;Asciutto;Asfaltata;Verticale ed orizzontale;Sereno;Normale;Buona;;0;0;0;1;12.4527;41.9183;-1;1;Autovettura privata;In marcia / fermata / arresto;Conducente;M;Illeso;0;;;
5980136;17;26/05/2022 15:25:00;Strada Urbana;VIALE GIOVANNI FALCONE E PAOLO BORSELLINO;da specificare;;;;in prossimità del palo luce n. 7;Veicolo in marcia contro veicolo in sosta;Curva a visuale libera;Due carreggiate;Asciutto;Asfaltata;Verticale ed orizzontale;Sereno;Normale;Buona;;0;0;0;1;12.4527;41.9183;-1;2;Autovettura privata;Sosta;;;;;;;
5980143;10;27/05/2022 15:25:00;Strada Urbana;CIRCONVALLAZIONE TUSCOLANA;all'intersezione con;VIA QUINTILIO VARO;VIA QUINTILIO VARO;;;Scontro laterale fra veicoli in marcia;Incrocio;Due carreggiate;Asciutto;Asfaltata;Verticale ed orizzontale;Sereno;Normale;Buona;;0;0;0;3;12.5684;41.8515;-1;1;Autovettura privata;In marcia / fermata / arresto;Conducente;M;Illeso;0;;Non accertato;Inesploso
5980143;10;27/05/2022 15:25:00;Strada Urbana;CIRCONVALLAZIONE TUSCOLANA;all'intersezione con;VIA QUINTILIO VARO;VIA QUINTILIO VARO;;;Scontro laterale fra veicoli in marcia;Incrocio;Due carreggiate;Asciutto;Asfaltata;Verticale ed orizzontale;Sereno;Normale;Buona;;0;0;0;3;12.5684;41.8515;-1;1;Autovettura privata;In marcia / fermata / arresto;Passeggero;M;Illeso;0;;Non accertato;Inesploso
5980143;10;27/05/2022 15:25:00;Strada Urbana;CIRCONVALLAZIONE TUSCOLANA;all'intersezione con;VIA QUINTILIO VARO;VIA QUINTILIO VARO;;;Scontro laterale fra veicoli in marcia;Incrocio;Due carreggiate;Asciutto;Asfaltata;Verticale ed orizzontale;Sereno;Normale;Buona;;0;0;0;3;12.5684;41.8515;-1;2;Autovettura privata;In marcia / fermata / arresto;Conducente;F;Illeso;0;;Non accertato;Inesploso
5980158;15;27/05/2022 10:50:00;Strada Urbana;VIA DEL TRULLO;in corrispondenza;;del civico n.;384;;Scontro frontale/laterale DX fra veicoli in marcia;Rettilineo;Una carreggiata a doppio senso;Asciutto;Asfaltata;Assente;Sereno;Normale;Buona;;0;0;0;3;12.4368;41.8415;-1;1;Autovettura privata;In marcia / fermata / arresto;Conducente;M;Illeso;0;;Non accertato;Inesploso
5980158;15;27/05/2022 10:50:00;Strada Urbana;VIA DEL TRULLO;in corrispondenza;;del civico n.;384;;Scontro frontale/laterale DX fra veicoli in marcia;Rettilineo;Una carreggiata a doppio senso;Asciutto;Asfaltata;Assente;Sereno;Normale;Buona;;0;0;0;3;12.4368;41.8415;-1;2;Autovettura privata;In marcia / fermata / arresto;Conducente;M;Illeso;0;;Non accertato;Inesploso
5980158;15;27/05/2022 10:50:00;Strada Urbana;VIA DEL TRULLO;in corrispondenza;;del civico n.;384;;Scontro frontale/laterale DX fra veicoli in marcia;Rettilineo;Una carreggiata a doppio senso;Asciutto;Asfaltata;Assente;Sereno;Normale;Buona;;0;0;0;3;12.4368;41.8415;-1;2;Autovettura privata;In marcia / fermata / arresto;Passeggero;F;Illeso;0;;Non accertato;Inesploso