Protocollo;Gruppo;DataOraIncidente;Localizzazione1;STRADA1;Localizzazione2;STRADA2;Strada02;Chilometrica;DaSpecificare;NaturaIncidente;particolaritastrade;TipoStrada;FondoStradale;Pavimentazione;Segnaletica;CondizioneAtmosferica;Traffico;Visibilita;Illuminazione;NUM_FERITI;NUM_RISERVATA;NUM_MORTI;NUM_ILLESI;Longitude;Latitude;Confermato;Progressivo;TipoVeicolo;StatoVeicolo;TipoPersona;Sesso;Tipolesione;Deceduto;DecedutoDopo;CinturaCascoUtilizzato;Airbag;
5981002;1;28/05/2022 00:40:00;Strada Urbana;CORSO VITTORIO EMANUELE II;in corrispondenza;;del civico n.;116;;Investimento di pedone;Rettilineo;Una carreggiata a doppio senso;Asciutto;Asfaltata;Verticale ed orizzontale;Sereno;Scarso;Buona;;1;0;0;0;12.4753;41.8964;0;;;;Pedone;M;Rimandato;0;NON DECEDUTO;;
5981002;1;28/05/2022 00:40:00;Strada Urbana;CORSO VITTORIO EMANUELE II;in corrispondenza;;del civico n.;116;;Investimento di pedone;Rettilineo;Una carreggiata a doppio senso;Asciutto;Asfaltata;Verticale ed orizzontale;Sereno;Scarso;Buona;;1;0;0;0;12.4753;41.8964;0;1;Monopattino elettrico;In marcia / fermata / arresto;;;;;;;
5981005;20;28/05/2022 01:25:00;Strada Urbana;VIA DELLA CAMILLUCCIA;in prossimità;;del civico n.;643;;Veicolo in marcia contro veicolo in sosta;Rettilineo;Una carreggiata a doppio senso;Asciutto;Asfaltata;Verticale ed orizzontale;Sereno;Scarso;Buona;;1;0;0;0;12.4522;41.9466;-1;1;Autovettura privata;In marcia / fermata / arresto;Conducente;M;Rimandato;0;NON DECEDUTO;Non accertato;Inesploso
5981005;20;28/05/2022 01:25:00;Strada Urbana;VIA DELLA CAMILLUCCIA;in prossimità;;del civico n.;643;;Veicolo in marcia contro veicolo in sosta;Rettilineo;Una carreggiata a doppio senso;Asciutto;Asfaltata;Verticale ed orizzontale;Sereno;Scarso;Buona;;1;0;0;0;12.4522;41.9466;-1;2;Autovettura privata;Sosta;;;;;;;
5981017;7;27/05/2022 17:30:00;Strada Urbana;VIA DEI CICLAMINI;in corrispondenza;;del civico n.;87;;Veicolo in marcia contro veicolo in sosta;Rettilineo;Una carreggiata a doppio senso;Asciutto;Asfaltata;Verticale ed orizzontale;Nuvoloso;Normale;Buona;;0;0;0;1;12.5663;41.8915;-1;1;Autovettura privata;In marcia / fermata / arresto;Conducente;M;Illeso;0;;Non utilizzato;Inesploso
5981017;7;27/05/2022 17:30:00;Strada Urbana;VIA DEI CICLAMINI;in corrispondenza;;del civico n.;87;;Veicolo in marcia contro veicolo in sosta;Rettilineo;Una carreggiata a doppio senso;Asciutto;Asfaltata;Verticale ed orizzontale;Nuvoloso;Normale;Buona;;0;0;0;1;12.5663;41.8915;-1;2;Autovettura privata;Sosta;;;;;;;
5981030;23;27/05/2022 12:00:00;Provinciale entro l'abitato;VIA SALARIA;in prossimità;;del civico n.;825;;Tamponamento;Rettilineo;Due carreggiate;Asciutto;Asfaltata;Verticale ed orizzontale;Sereno;Normale;Buona;;0;0;0;2;12.5056;41.9545;-1;1;Autocarro inferiore 35 q.;In marcia / fermata / arresto;Conducente;M;Illeso;0;;Non accertato;Inesploso
5981030;23;27/05/2022 12:00:00;Provinciale entro l'abitato;VIA SALARIA;in prossimità;;del civico n.;825;;Tamponamento;Rettilineo;Due carreggiate;Asciutto;Asfaltata;Verticale ed orizzontale;Sereno;Normale;Buona;;0;0;0;2;12.5056;41.9545;-1;2;Autovettura privata;In marcia / fermata / arresto;Conducente;M;Illeso;0;;Non accertato;Inesploso
5981033;12;27/05/2022 14:00:00;Provinciale;VIA DELLA SOLFARATA;in corrispondenza;;della chilometrica;10.75;;Tamponamento Multiplo;Rettilineo;Una carreggiata a doppio senso;Asciutto;Asfaltata;Verticale ed orizzontale;Nuvoloso;Normale;Buona;;1;0;0;6;12.5458;41.7064;-1;1;Autovettura privata;In marcia / fermata / arresto;Conducente;F;Illeso;0;;Utilizzato;Inesploso
5981033;12;27/05/2022 14:00:00;Provinciale;VIA DELLA SOLFARATA;in corrispondenza;;della chilometrica;10.75;;Tamponamento Multiplo;Rettilineo;Una carreggiata a doppio senso;Asciutto;Asfaltata;Verticale ed orizzontale;Nuvoloso;Normale;Buona;;1;0;0;6;12.5458;41.7064;-1;2;Autovettura privata;In marcia / fermata / arresto;Conducente;M;Illeso;0;;Utilizzato;Inesploso
5981033;12;27/05/2022 14:00:00;Provinciale;VIA DELLA SOLFARATA;in corrispondenza;;della chilometrica;10.75;;Tamponamento Multiplo;Rettilineo;Una carreggiata a doppio senso;Asciutto;Asfaltata;Verticale ed orizzontale;Nuvoloso;Normale;Buona;;1;0;0;6;12.5458;41.7064;-1;2;Autovettura privata;In marcia / fermata / arresto;Passeggero;F;Illeso;0;;Utilizzato;Inesploso
5981033;12;27/05/2022 14:00:00;Provinciale;VIA DELLA SOLFARATA;in corrispondenza;;della chilometrica;10.75;;Tamponamento Multiplo;Rettilineo;Una carreggiata a doppio senso;Asciutto;Asfaltata;Verticale ed orizzontale;Nuvoloso;Normale;Buona;;1;0;0;6;12.5458;41.7064;-1;3;Autovettura privata;In marcia / fermata / arresto;Conducente;F;Rimandato;0;NON DECEDUTO;Utilizzato;Inesploso
5981033;12;27/05/2022 14:00:00;Provinciale;VIA DELLA SOLFARATA;in corrispondenza;;della chilometrica;10.75;;Tamponamento Multiplo;Rettilineo;Una carreggiata a doppio senso;Asciutto;Asfaltata;Verticale ed orizzontale;Nuvoloso;Normale;Buona;;1;0;0;6;12.5458;41.7064;-1;4;Autovettura privata;In marcia / fermata / arresto;Conducente;M;Illeso;0;;Utilizzato;Inesploso
5981033;12;27/05/2022 14:00:00;Provinciale;VIA DELLA SOLFARATA;in corrispondenza;;della chilometrica;10.75;;Tamponamento Multiplo;Rettilineo;Una carreggiata a doppio senso;Asciutto;Asfaltata;Verticale ed orizzontale;Nuvoloso;Normale;Buona;;1;0;0;6;12.5458;41.7064;-1;5;Autovettura privata;In marcia / fermata / arresto;Conducente;M;Illeso;0;;Utilizzato;Inesploso
5981033;12;27/05/2022 14:00:00;Provinciale;VIA DELLA SOLFARATA;in corrispondenza;;della chilometrica;10.75;;Tamponamento Multiplo;Rettilineo;Una carreggiata a doppio senso;Asciutto;Asfaltata;Verticale ed orizzontale;Nuvoloso;Normale;Buona;;1;0;0;6;12.5458;41.7064;-1;5;Autovettura privata;In marcia / fermata / arresto;Passeggero;F;Illeso;0;;Utilizzato;Inesploso
5981034;19;27/05/2022 18:20:00;Strada Urbana;VIA DI TORREVECCHIA;all'intersezione con;VIA AUGUSTO TAMBURINI;VIA AUGUSTO TAMBURINI;;;Scontro laterale fra veicoli in marcia;Incrocio;Una carreggiata a doppio senso;Asciutto;Asfaltata;Verticale ed orizzontale;Sereno;Normale;Buona;;0;0;0;2;12.4123;41.9234;-1;1;Autovettura privata;In marcia / fermata / arresto;Conducente;M;Illeso;0;;;
5981034;19;27/05/2022 18:20:00;Strada Urbana;VIA DI TORREVECCHIA;all'intersezione con;VIA AUGUSTO TAMBURINI;VIA AUGUSTO TAMBURINI;;;Scontro laterale fra veicoli in marcia;Incrocio;Una carreggiata a doppio senso;Asciutto;Asfaltata;Verticale ed orizzontale;Sereno;Normale;Buona;;0;0;0;2;12.4123;41.9234;-1;2;Motociclo a solo;In marcia / fermata / arresto;Conducente;M;Illeso;0;;;
5981050;1;28/05/2022 05:30:00;Strada Urbana;VIA GAETA;all'intersezione con;VIA GOITO;VIA GOITO;;;Scontro frontale/laterale SX fra veicoli in marcia;Intersezione stradale segnalata;Una carreggiata a doppio senso;Asciutto;Asfaltata;Verticale ed orizzontale;Sereno;Scarso;Sufficiente;;1;0;0;3;12.5015;41.9053;-1;1;Autovettura pubblica;In marcia / fermata / arresto;Conducente;M;Illeso;0;;Non accertato;Esploso
5981050;1;28/05/2022 05:30:00;Strada Urbana;VIA GAETA;all'intersezione con;VIA GOITO;VIA GOITO;;;Scontro frontale/laterale SX fra veicoli in marcia;Intersezione stradale segnalata;Una carreggiata a doppio senso;Asciutto;Asfaltata;Verticale ed orizzontale;Sereno;Scarso;Sufficiente;;1;0;0;3;12.5015;41.9053;-1;2;Autovettura privata;In marcia / fermata / arresto;Conducente;M;Illeso;0;;Non accertato;Inesploso
5981050;1;28/05/2022 05:30:00;Strada Urbana;VIA GAETA;all'intersezione con;VIA GOITO;VIA GOITO;;;Scontro frontale/laterale SX fra veicoli in marcia;Intersezione stradale segnalata;Una carreggiata a doppio senso;Asciutto;Asfaltata;Verticale ed orizzontale;Sereno;Scarso;Sufficiente;;1;0;0;3;12.5015;41.9053;-1;2;Autovettura privata;In marcia / fermata / arresto;Passeggero;F;Rimandato;0;NON DECEDUTO;Non accertato;Inesploso
5981050;1;28/05/2022 05:30:00;Strada Urbana;VIA GAETA;all'intersezione con;VIA GOITO;VIA GOITO;;;Scontro frontale/laterale SX fra veicoli in marcia;Intersezione stradale segnalata;Una carreggiata a doppio senso;Asciutto;Asfaltata;Verticale ed orizzontale;Sereno;Scarso;Sufficiente;;1;0;0;3;12.5015;41.9053;-1;2;Autovettura privata;In marcia / fermata / arresto;Passeggero;M;Illeso;0;;;
5981050;1;28/05/2022 05:30:00;Strada Urbana;VIA GAETA;all'intersezione con;VIA GOITO;VIA GOITO;;;Scontro frontale/laterale SX fra veicoli in marcia;Intersezione stradale segnalata;Una carreggiata a doppio senso;Asciutto;Asfaltata;Verticale ed orizzontale;Sereno;Scarso;Sufficiente;;1;0;0;3;12.5015;41.9053;-1;3;Autovettura privata;Sosta;;;;;;;
5981050;1;28/05/2022 05:30:00;Strada Urbana;VIA GAETA;all'intersezione con;VIA GOITO;VIA GOITO;;;Scontro frontale/laterale SX fra veicoli in marcia;Intersezione stradale segnalata;Una carreggiata a doppio senso;Asciutto;Asfaltata;Verticale ed orizzontale;Sereno;Scarso;Sufficiente;;1;0;0;3;12.5015;41.9053;-1;4;Autovettura privata;Sosta;;;;;;;
5981053;9;27/05/2022 18:30:00;;VIA NOCERA UMBRA;da specificare;;;;PROX FR.CIV.31/A;Scontro laterale fra veicoli in marcia;;;;;;;;;;0;0;0;2;;;0;1;Autovettura privata;In marcia / fermata / arresto;Conducente;M;Illeso;0;;;
5981053;9;27/05/2022 18:30:00;;VIA NOCERA UMBRA;da specificare;;;;PROX FR.CIV.31/A;Scontro laterale fra veicoli in marcia;;;;;;;;;;0;0;0;2;;;0;2;Autovettura privata;In marcia / fermata / arresto;Conducente;M;Illeso;0;;;
5981090;9;27/05/2022 14:40:00;Strada Urbana;VIA APPIA NUOVA;in prossimità;;del civico n.;605;;Veicolo in marcia contro veicolo in sosta;Rettilineo;Una carreggiata a senso unico di marcia;Asciutto;Asfaltata;Verticale ed orizzontale;Sereno;Normale;Buona;;0;0;0;0;12.5303;41.8683;-1;1;Autovettura privata;Sosta;;;;;;;
5981090;9;27/05/2022 14:40:00;Strada Urbana;VIA APPIA NUOVA;in prossimità;;del civico n.;605;;Veicolo in marcia contro veicolo in sosta;Rettilineo;Una carreggiata a senso unico di marcia;Asciutto;Asfaltata;Verticale ed orizzontale;Sereno;Normale;Buona;;0;0;0;0;12.5303;41.8683;-1;2;Autovettura privata;Sosta;;;;;;;
5981090;9;27/05/2022 14:40:00;Strada Urbana;VIA APPIA NUOVA;in prossimità;;del civico n.;605;;Veicolo in marcia contro veicolo in sosta;Rettilineo;Una carreggiata a senso unico di marcia;Asciutto;Asfaltata;Verticale ed orizzontale;Sereno;Normale;Buona;;0;0;0;0;12.5303;41.8683;-1;3;Autovettura privata;Allontanatosi;;;;;;;
5981103;12;27/05/2022 14:00:00;Strada Urbana;VIA DEI CORAZZIERI;in corrispondenza;;del civico n.;201;;Ribaltamento senza urto contro ostacolo fisso;Rettilineo;Una carreggiata a senso unico di marcia;Asciutto;Asfaltata;Verticale ed orizzontale;Nuvoloso;Normale;Sufficiente;;2;0;0;0;12.486;41.8257;-1;1;Quadriciclo leggero;In marcia / fermata / arresto;Conducente;F;Rimandato;0;NON DECEDUTO;;
5981103;12;27/05/2022 14:00:00;Strada Urbana;VIA DEI CORAZZIERI;in corrispondenza;;del civico n.;201;;Ribaltamento senza urto contro ostacolo fisso;Rettilineo;Una carreggiata a senso unico di marcia;Asciutto;Asfaltata;Verticale ed orizzontale;Nuvoloso;Normale;Sufficiente;;2;0;0;0;12.486;41.8257;-1;1;Quadriciclo leggero;In marcia / fermata / arresto;Passeggero;M;Rimandato;0;NON DECEDUTO;Non accertato;
5981143;1;28/05/2022 05:20:00;Strada Urbana;LUNGOTEVERE GIANICOLENSE;in prossimità;;del civico n.;9;;Veicolo in marcia contro veicolo in sosta;Rettilineo;Una carreggiata a senso unico di marcia;Asciutto;Asfaltata;Verticale ed orizzontale;Sereno;Scarso;Sufficiente;;1;0;0;0;12.4653;41.8959;-1;1;Autovettura privata;In marcia / fermata / arresto;Conducente;M;Rimandato;0;NON DECEDUTO;Non accertato;Esploso
5981143;1;28/05/2022 05:20:00;Strada Urbana;LUNGOTEVERE GIANICOLENSE;in prossimità;;del civico n.;9;;Veicolo in marcia contro veicolo in sosta;Rettilineo;Una carreggiata a senso unico di marcia;Asciutto;Asfaltata;Verticale ed orizzontale;Sereno;Scarso;Sufficiente;;1;0;0;0;12.4653;41.8959;-1;2;Autovettura privata;Sosta;;;;;;;
5981160;12;27/05/2022 15:20:00;Strada Urbana;VIA CRISTOFORO COLOMBO;da specificare;;;;ALT. CENTRO COMM. EUROMA2 DIR. GRA;Tamponamento Multiplo;Rettilineo;Più di due carreggiate;Asciutto;Asfaltata;Verticale ed orizzontale;Sereno;Intenso;Buona;;0;0;0;6;12.4115;41.7858;-1;1;Autovettura privata;In marcia / fermata / arresto;Conducente;M;Illeso;0;;;
5981160;12;27/05/2022 15:20:00;Strada Urbana;VIA CRISTOFORO COLOMBO;da specificare;;;;ALT. CENTRO COMM. EUROMA2 DIR. GRA;Tamponamento Multiplo;Rettilineo;Più di due carreggiate;Asciutto;Asfaltata;Verticale ed orizzontale;Sereno;Intenso;Buona;;0;0;0;6;12.4115;41.7858;-1;1;Autovettura privata;In marcia / fermata / arresto;Passeggero;F;Illeso;0;;Non accertato;Inesploso
5981160;12;27/05/2022 15:20:00;Strada Urbana;VIA CRISTOFORO COLOMBO;da specificare;;;;ALT. CENTRO COMM. EUROMA2 DIR. GRA;Tamponamento Multiplo;Rettilineo;Più di due carreggiate;Asciutto;Asfaltata;Verticale ed orizzontale;Sereno;Intenso;Buona;;0;0;0;6;12.4115;41.7858;-1;2;Autovettura privata;In marcia / fermata / arresto;Conducente;F;Illeso;0;;;
5981160;12;27/05/2022 15:20:00;Strada Urbana;VIA CRISTOFORO COLOMBO;da specificare;;;;ALT. CENTRO COMM. EUROMA2 DIR. GRA;Tamponamento Multiplo;Rettilineo;Più di due carreggiate;Asciutto;Asfaltata;Verticale ed orizzontale;Sereno;Intenso;Buona;;0;0;0;6;12.4115;41.7858;-1;2;Autovettura privata;In marcia / fermata / arresto;Passeggero;F;Illeso;0;;Non accertato;Inesploso
5981160;12;27/05/2022 15:20:00;Strada Urbana;VIA CRISTOFORO COLOMBO;da specificare;;;;ALT. CENTRO COMM. EUROMA2 DIR. GRA;Tamponamento Multiplo;Rettilineo;Più di due carreggiate;Asciutto;Asfaltata;Verticale ed orizzontale;Sereno;Intenso;Buona;;0;0;0;6;12.4115;41.7858;-1;2;Autovettura privata;In marcia / fermata / arresto;Passeggero;M;Illeso;0;;;
5981160;12;27/05/2022 15:20:00;Strada Urbana;VIA CRISTOFORO COLOMBO;da specificare;;;;ALT. CENTRO COMM. EUROMA2 DIR. GRA;Tamponamento Multiplo;Rettilineo;Più di due carreggiate;Asciutto;Asfaltata;Verticale ed orizzontale;Sereno;Intenso;Buona;;0;0;0;6;12.4115;41.7858;-1;3;Autocarro inferiore 35 q.;In marcia / fermata / arresto;Conducente;M;Illeso;0;;;
5981174;12;27/05/2022 16:00:00;Strada Urbana;VIALE DI VAL FIORITA;da specificare;;;;palo Acea n. 25 direzione Via Laurentina;Tamponamento;Rettilineo;Una carreggiata a doppio senso;Asciutto;Asfaltata;Verticale ed orizzontale;Nuvoloso;Normale;Buona;;2;0;0;2;12.4644;41.8394;-1;1;Autocarro inferiore 35 q.;In marcia / fermata / arresto;Conducente;F;Illeso;0;;;Inesploso
5981174;12;27/05/2022 16:00:00;Strada Urbana;VIALE DI VAL FIORITA;da specificare;;;;palo Acea n. 25 direzione Via Laurentina;Tamponamento;Rettilineo;Una carreggiata a doppio senso;Asciutto;Asfaltata;Verticale ed orizzontale;Nuvoloso;Normale;Buona;;2;0;0;2;12.4644;41.8394;-1;2;Autovettura privata;In marcia / fermata / arresto;Conducente;F;Rimandato;0;NON DECEDUTO;Utilizzato;Inesploso
5981174;12;27/05/2022 16:00:00;Strada Urbana;VIALE DI VAL FIORITA;da specificare;;;;palo Acea n. 25 direzione Via Laurentina;Tamponamento;Rettilineo;Una carreggiata a doppio senso;Asciutto;Asfaltata;Verticale ed orizzontale;Nuvoloso;Normale;Buona;;2;0;0;2;12.4644;41.8394;-1;2;Autovettura privata;In marcia / fermata / arresto;Passeggero;F;Rimandato;0;NON DECEDUTO;Utilizzato;Inesploso
5981174;12;27/05/2022 16:00:00;Strada Urbana;VIALE DI VAL FIORITA;da specificare;;;;palo Acea n. 25 direzione Via Laurentina;Tamponamento;Rettilineo;Una carreggiata a doppio senso;Asciutto;Asfaltata;Verticale ed orizzontale;Nuvoloso;Normale;Buona;;2;0;0;2;12.4644;41.8394;-1;2;Autovettura privata;In marcia / fermata / arresto;Passeggero;F;Illeso;0;;Utilizzato;Inesploso
5981189;7;27/05/2022 22:30:00;Strada Urbana;LARGO GIACOMO BRESADOLA;in corrispondenza;;del civico n.;3;;Veicolo in marcia contro veicolo in sosta;Rettilineo;Una carreggiata a doppio senso;Asciutto;Asfaltata;Assente;Sereno;Scarso;Buona;;0;0;0;1;12.5614;41.8919;-1;1;Autovettura privata;In marcia / fermata / arresto;Conducente;M;Illeso;0;;;
5981189;7;27/05/2022 22:30:00;Strada Urbana;LARGO GIACOMO BRESADOLA;in corrispondenza;;del civico n.;3;;Veicolo in marcia contro veicolo in sosta;Rettilineo;Una carreggiata a doppio senso;Asciutto;Asfaltata;Assente;Sereno;Scarso;Buona;;0;0;0;1;12.5614;41.8919;-1;2;Autovettura privata;Sosta;;;;;;;
5981196;12;27/05/2022 18:10:00;Strada Urbana;VIA PONTINA  (CARREGGIATA COMPLANARE);in corrispondenza;;del civico n.;391;;Tamponamento;Rettilineo;Una carreggiata a doppio senso;Asciutto;Asfaltata;Verticale ed orizzontale;Nuvoloso;Normale;Buona;;1;0;0;2;12.4512;41.7924;-1;1;Motociclo a solo;In marcia / fermata / arresto;Conducente;M;Rimandato;0;NON DECEDUTO;Non accertato;
5981196;12;27/05/2022 18:10:00;Strada Urbana;VIA PONTINA  (CARREGGIATA COMPLANARE);in corrispondenza;;del civico n.;391;;Tamponamento;Rettilineo;Una carreggiata a doppio senso;Asciutto;Asfaltata;Verticale ed orizzontale;Nuvoloso;Normale;Buona;;1;0;0;2;12.4512;41.7924;-1;1;Motociclo a solo;In marcia / fermata / arresto;Passeggero;M;Illeso;0;;Non accertato;
5981196;12;27/05/2022 18:10:00;Strada Urbana;VIA PONTINA  (CARREGGIATA COMPLANARE);in corrispondenza;;del civico n.;391;;Tamponamento;Rettilineo;Una carreggiata a doppio senso;Asciutto;Asfaltata;Verticale ed orizzontale;Nuvoloso;Normale;Buona;;1;0;0;2;12.4512;41.7924;-1;2;Autovettura privata;In marcia / fermata / arresto;Conducente;F;Illeso;0;;Non accertato;Inesploso
5981241;12;27/05/2022 22:40:00;Strada Urbana;VIALE ROMOLO MURRI;all'intersezione con;PIAZZA BARCELLONA;PIAZZA BARCELLONA;;;Scontro frontale/laterale DX fra veicoli in marcia;Intersezione non regolata/non segnalata;Una carreggiata a doppio senso;Asciutto;Asfaltata;Verticale ed orizzontale;Sereno;Normale;Buona;;0;0;0;3;12.47;41.8401;-1;1;Autovettura privata;In marcia / fermata / arresto;Conducente;M;Illeso;0;;;
5981241;12;27/05/2022 22:40:00;Strada Urbana;VIALE ROMOLO MURRI;all'intersezione con;PIAZZA BARCELLONA;PIAZZA BARCELLONA;;;Scontro frontale/laterale DX fra veicoli in marcia;Intersezione non regolata/non segnalata;Una carreggiata a doppio senso;Asciutto;Asfaltata;Verticale ed orizzontale;Sereno;Normale;Buona;;0;0;0;3;12.47;41.8401;-1;2;Autovettura privata;In marcia / fermata / arresto;Conducente;F;Illeso;0;;;
5981241;12;27/05/2022 22:40:00;Strada Urbana;VIALE ROMOLO MURRI;all'intersezione con;PIAZZA BARCELLONA;PIAZZA BARCELLONA;;;Scontro frontale/laterale DX fra veicoli in marcia;Intersezione non regolata/non segnalata;Una carreggiata a doppio senso;Asciutto;Asfaltata;Verticale ed orizzontale;Sereno;Normale;Buona;;0;0;0;3;12.47;41.8401;-1;2;Autovettura privata;In marcia / fermata / arresto;Passeggero;M;Illeso;0;;;
5981266;12;28/05/2022 05:50:00;Strada Urbana;VIALE DELL'OCEANO ATLANTICO;all'intersezione semaforizzata con;VIALE CESARE PAVESE;VIALE CESARE PAVESE;;;Scontro frontale/laterale SX fra veicoli in marcia;Intersezione semaforizzata;Due carreggiate;Asciutto;Asfaltata;Verticale ed orizzontale;Sereno;Scarso;Buona;;3;0;0;0;12.4677;41.8193;-1;1;Autovettura privata;In marcia / fermata / arresto;Conducente;F;Rimandato;0;NON DECEDUTO;;
5981266;12;28/05/2022 05:50:00;Strada Urbana;VIALE DELL'OCEANO ATLANTICO;all'intersezione semaforizzata con;VIALE CESARE PAVESE;VIALE CESARE PAVESE;;;Scontro frontale/laterale SX fra veicoli in marcia;Intersezione semaforizzata;Due carreggiate;Asciutto;Asfaltata;Verticale ed orizzontale;Sereno;Scarso;Buona;;3;0;0;0;12.4677;41.8193;-1;1;Autovettura privata;In marcia / fermata / arresto;Passeggero;M;Rimandato;0;NON DECEDUTO;;
5981266;12;28/05/2022 05:50:00;Strada Urbana;VIALE DELL'OCEANO ATLANTICO;all'intersezione semaforizzata con;VIALE CESARE PAVESE;VIALE CESARE PAVESE;;;Scontro frontale/laterale SX fra veicoli in marcia;Intersezione semaforizzata;Due carreggiate;Asciutto;Asfaltata;Verticale ed orizzontale;Sereno;Scarso;Buona;;3;0;0;0;12.4677;41.8193;-1;2;Autovettura privata;In marcia / fermata / arresto;Conducente;M;Rimandato;0;NON DECEDUTO;;
5981278;12;28/05/2022 10:45:00;Strada Urbana;VIALE BEATA VERGINE DEL CARMELO;in prossimità;;del civico n.;21;;Scontro laterale fra veicoli in marcia;Rettilineo;Una carreggiata a senso unico di marcia;Asciutto;Asfaltata;Verticale ed orizzontale;Sereno;Normale;Buona;;0;0;0;3;12.4451;41.8085;-1;1;Autovettura privata;In marcia / fermata / arresto;Conducente;M;Illeso;0;;Non accertato;Inesploso
5981278;12;28/05/2022 10:45:00;Strada Urbana;VIALE BEATA VERGINE DEL CARMELO;in prossimità;;del civico n.;21;;Scontro laterale fra veicoli in marcia;Rettilineo;Una carreggiata a senso unico di marcia;Asciutto;Asfaltata;Verticale ed orizzontale;Sereno;Normale;Buona;;0;0;0;3;12.4451;41.8085;-1;2;Autovettura privata;In marcia / fermata / arresto;Conducente;M;Illeso;0;;Non accertato;Inesploso
5981278;12;28/05/2022 10:45:00;Strada Urbana;VIALE BEATA VERGINE DEL CARMELO;in prossimità;;del civico n.;21;;Scontro laterale fra veicoli in marcia;Rettilineo;Una carreggiata a senso unico di marcia;Asciutto;Asfaltata;Verticale ed orizzontale;Sereno;Normale;Buona;;0;0;0;3;12.4451;41.8085;-1;2;Autovettura privata;In marcia / fermata / arresto;Passeggero;F;Illeso;0;;Non accertato;
5981327;6;27/05/2022 22:40:00;Strada Urbana;VIA ALBERTO DA GIUSSANO;da specificare;;;;altezza via GENTILE DA MOGLIANO;Investimento di pedone;Rettilineo;Una carreggiata a doppio senso;Asciutto;Asfaltata;Verticale ed orizzontale;Sereno;Scarso;Sufficiente;;1;0;0;1;12.5349;41.8888;-1;;;;Pedone;F;Rimandato;0;NON DECEDUTO;;
5981327;6;27/05/2022 22:40:00;Strada Urbana;VIA ALBERTO DA GIUSSANO;da specificare;;;;altezza via GENTILE DA MOGLIANO;Investimento di pedone;Rettilineo;Una carreggiata a doppio senso;Asciutto;Asfaltata;Verticale ed orizzontale;Sereno;Scarso;Sufficiente;;1;0;0;1;12.5349;41.8888;-1;1;Ciclomotore;In marcia / fermata / arresto;Conducente;M;Illeso;0;;;
5981430;10;28/05/2022 12:20:00;Statale entro l'abitato;VIA TUSCOLANA;da specificare;;;;dir. RM centro altezza capolinea autobus anagnina;Scontro laterale fra veicoli in marcia;Rettilineo;Due carreggiate;Asciutto;Asfaltata;Verticale ed orizzontale;Sereno;Normale;Buona;;2;0;0;0;12.5869;41.8412;-1;1;Autovettura privata;In marcia / fermata / arresto;Conducente;F;Rimandato;0;NON DECEDUTO;Non accertato;Inesploso
5981430;10;28/05/2022 12:20:00;Statale entro l'abitato;VIA TUSCOLANA;da specificare;;;;dir. RM centro altezza capolinea autobus anagnina;Scontro laterale fra veicoli in marcia;Rettilineo;Due carreggiate;Asciutto;Asfaltata;Verticale ed orizzontale;Sereno;Normale;Buona;;2;0;0;0;12.5869;41.8412;-1;2;Autovettura privata;In marcia / fermata / arresto;Conducente;M;Rimandato;0;NON DECEDUTO;Non accertato;Inesploso
5981499;10;28/05/2022 00:10:00;Strada Urbana;CIRCONVALLAZIONE ORIENTALE;in corrispondenza;;del civico n.;4721;;Fuoriuscita dalla sede stradale;Rettilineo;Una carreggiata a senso unico di marcia;Asciutto;Asfaltata;Verticale ed orizzontale;Nuvoloso;Scarso;Buona;;0;0;0;1;12.5828;41.8257;-1;1;Autovettura privata;In marcia / fermata / arresto;Conducente;M;Illeso;0;;Non accertato;Inesploso
5981507;15;28/05/2022 03:30:00;Strada Urbana;VIA DELLE TRE FONTANE;in corrispondenza;;del palo luce n.;39;;Veicolo in marcia contro ostacolo fisso;Rettilineo;Una carreggiata a doppio senso;Asciutto;Asfaltata;Orizzontale;Nuvoloso;Scarso;Buona;;1;1;0;0;12.4731;41.8395;-1;1;Autovettura privata;In marcia / fermata / arresto;Conducente;F;Rimandato;0;NON DECEDUTO;Non utilizzato;Esploso
5981507;15;28/05/2022 03:30:00;Strada Urbana;VIA DELLE TRE FONTANE;in corrispondenza;;del palo luce n.;39;;Veicolo in marcia contro ostacolo fisso;Rettilineo;Una carreggiata a doppio senso;Asciutto;Asfaltata;Orizzontale;Nuvoloso;Scarso;Buona;;1;1;0;0;12.4731;41.8395;-1;1;Autovettura privata;In marcia / fermata / arresto;Passeggero;F;Prognosi riservata;0;NON DECEDUTO;Non utilizzato;Esploso
5981512;10;27/05/2022 10:00:00;Strada Urbana;VIALE ANICIO GALLO;in corrispondenza;;del civico n.;145;;Scontro frontale/laterale SX fra veicoli in marcia;Rettilineo;Due carreggiate;Asciutto;Asfaltata;Verticale ed orizzontale;Sereno;Normale;Buona;;0;0;0;2;12.5662;41.8513;-1;1;Autovettura privata;In marcia / fermata / arresto;Conducente;M;Illeso;0;;;
5981512;10;27/05/2022 10:00:00;Strada Urbana;VIALE ANICIO GALLO;in corrispondenza;;del civico n.;145;;Scontro frontale/laterale SX fra veicoli in marcia;Rettilineo;Due carreggiate;Asciutto;Asfaltata;Verticale ed orizzontale;Sereno;Normale;Buona;;0;0;0;2;12.5662;41.8513;-1;2;Autovettura pubblica;In marcia / fermata / arresto;Conducente;M;Illeso;0;;;