Protocollo;Gruppo;DataOraIncidente;Localizzazione1;STRADA1;Localizzazione2;STRADA2;Strada02;Chilometrica;DaSpecificare;NaturaIncidente;particolaritastrade;TipoStrada;FondoStradale;Pavimentazione;Segnaletica;CondizioneAtmosferica;Traffico;Visibilita;Illuminazione;NUM_FERITI;NUM_RISERVATA;NUM_MORTI;NUM_ILLESI;Longitude;Latitude;Confermato;Progressivo;TipoVeicolo;StatoVeicolo;TipoPersona;Sesso;Tipolesione;Deceduto;DecedutoDopo;CinturaCascoUtilizzato;Airbag;
5985758;1;30/05/2022 20:20:00;Strada Urbana;LUNGOTEVERE RAFFAELLO SANZIO;da specificare;;;;altezza piazza trilussa;Scontro laterale fra veicoli in marcia;Rettilineo;Una carreggiata a senso unico di marcia;Asciutto;Asfaltata;Verticale ed orizzontale;Sereno;Intenso;Buona;;1;0;0;1;12.4704;41.8918;0;3;Autovettura privata;Allontanatosi;;;;;;;
5985766;1;31/05/2022 09:30:00;Strada Urbana;VIA DEL TRAFORO;all'intersezione con;VIA RASELLA;VIA RASELLA;;;Scontro frontale/laterale SX fra veicoli in marcia;Incrocio;Una carreggiata a doppio senso;Asciutto;Asfaltata;Verticale ed orizzontale;Sereno;Normale;Buona;;3;0;0;0;12.4863;41.9023;-1;1;Autovettura pubblica;In marcia / fermata / arresto;Conducente;M;Rifiuta cure immediate;0;NON DECEDUTO;;
5985766;1;31/05/2022 09:30:00;Strada Urbana;VIA DEL TRAFORO;all'intersezione con;VIA RASELLA;VIA RASELLA;;;Scontro frontale/laterale SX fra veicoli in marcia;Incrocio;Una carreggiata a doppio senso;Asciutto;Asfaltata;Verticale ed orizzontale;Sereno;Normale;Buona;;3;0;0;0;12.4863;41.9023;-1;2;Autovettura privata;In marcia / fermata / arresto;Conducente;M;Rifiuta cure immediate;0;NON DECEDUTO;;
5985766;1;31/05/2022 09:30:00;Strada Urbana;VIA DEL TRAFORO;all'intersezione con;VIA RASELLA;VIA RASELLA;;;Scontro frontale/laterale SX fra veicoli in marcia;Incrocio;Una carreggiata a doppio senso;Asciutto;Asfaltata;Verticale ed orizzontale;Sereno;Normale;Buona;;3;0;0;0;12.4863;41.9023;-1;2;Autovettura privata;In marcia / fermata / arresto;Passeggero;F;Rifiuta cure immediate;0;NON DECEDUTO;;
5985776;19;31/05/2022 08:30:00;Strada Urbana;VIA MATTIA BATTISTINI;da specificare;;;;prossimità via delle Calasanziane;Veicolo in marcia contro veicolo fermo;Curva a visuale libera;Una carreggiata a doppio senso;Asciutto;Asfaltata;Verticale ed orizzontale;Sereno;Normale;Buona;;1;0;0;1;12.4184;41.9182;-1;1;Autovettura privata;In marcia / fermata / arresto;Conducente;F;Illeso;0;;Non accertato;Inesploso
5985776;19;31/05/2022 08:30:00;Strada Urbana;VIA MATTIA BATTISTINI;da specificare;;;;prossimità via delle Calasanziane;Veicolo in marcia contro veicolo fermo;Curva a visuale libera;Una carreggiata a doppio senso;Asciutto;Asfaltata;Verticale ed orizzontale;Sereno;Normale;Buona;;1;0;0;1;12.4184;41.9182;-1;2;Autovettura privata;In marcia / fermata / arresto;Conducente;F;Rifiuta cure immediate;0;NON DECEDUTO;Non accertato;Inesploso
5985789;1;30/05/2022 12:00:00;Strada Urbana;PIAZZA DELLA REPUBBLICA;in corrispondenza;;del civico n.;47;;Scontro laterale fra veicoli in marcia;Rettilineo;Una carreggiata a senso unico di marcia;Asciutto;In cubetti di porfido;Verticale ed orizzontale;Sereno;Normale;Buona;;0;0;0;3;12.4959;41.9024;-1;1;Autovettura pubblica;In marcia / fermata / arresto;Conducente;M;Illeso;0;;;
5985789;1;30/05/2022 12:00:00;Strada Urbana;PIAZZA DELLA REPUBBLICA;in corrispondenza;;del civico n.;47;;Scontro laterale fra veicoli in marcia;Rettilineo;Una carreggiata a senso unico di marcia;Asciutto;In cubetti di porfido;Verticale ed orizzontale;Sereno;Normale;Buona;;0;0;0;3;12.4959;41.9024;-1;1;Autovettura pubblica;In marcia / fermata / arresto;Passeggero;F;Illeso;0;;Non accertato;Inesploso
5985789;1;30/05/2022 12:00:00;Strada Urbana;PIAZZA DELLA REPUBBLICA;in corrispondenza;;del civico n.;47;;Scontro laterale fra veicoli in marcia;Rettilineo;Una carreggiata a senso unico di marcia;Asciutto;In cubetti di porfido;Verticale ed orizzontale;Sereno;Normale;Buona;;0;0;0;3;12.4959;41.9024;-1;2;Autovettura privata;In marcia / fermata / arresto;Conducente;M;Illeso;0;;Non accertato;Inesploso
5985816;6;31/05/2022 12:55:00;Strada Urbana;VIA DI ACQUA BULLICANTE;all'intersezione semaforizzata con;VIA GERARDO MERCATORE;VIA GERARDO MERCATORE;;;Scontro frontale/laterale DX fra veicoli in marcia;Intersezione semaforizzata;Due carreggiate;Asciutto;Asfaltata;Verticale ed orizzontale;Sereno;Normale;Buona;;0;0;0;2;12.5432;41.8827;-1;1;Autovettura privata;In marcia / fermata / arresto;Conducente;M;Illeso;0;;Non accertato;Inesploso
5985816;6;31/05/2022 12:55:00;Strada Urbana;VIA DI ACQUA BULLICANTE;all'intersezione semaforizzata con;VIA GERARDO MERCATORE;VIA GERARDO MERCATORE;;;Scontro frontale/laterale DX fra veicoli in marcia;Intersezione semaforizzata;Due carreggiate;Asciutto;Asfaltata;Verticale ed orizzontale;Sereno;Normale;Buona;;0;0;0;2;12.5432;41.8827;-1;2;Autovettura privata;In marcia / fermata / arresto;Conducente;M;Illeso;0;;Non accertato;Inesploso
5985836;1;31/05/2022 11:00:00;Strada Urbana;LUNGOTEVERE TOR DI NONA;in corrispondenza;;del palo luce n.;13;;Scontro laterale fra veicoli in marcia;Rettilineo;Una carreggiata a senso unico di marcia;Asciutto;Asfaltata;Verticale ed orizzontale;Sereno;Intenso;Buona;;0;0;0;3;12.4692;41.9015;-1;1;Autovettura privata;In marcia / fermata / arresto;Conducente;F;Illeso;0;;;
5985836;1;31/05/2022 11:00:00;Strada Urbana;LUNGOTEVERE TOR DI NONA;in corrispondenza;;del palo luce n.;13;;Scontro laterale fra veicoli in marcia;Rettilineo;Una carreggiata a senso unico di marcia;Asciutto;Asfaltata;Verticale ed orizzontale;Sereno;Intenso;Buona;;0;0;0;3;12.4692;41.9015;-1;2;Autobus di linea;In marcia / fermata / arresto;Conducente;M;Illeso;0;;;
5985836;1;31/05/2022 11:00:00;Strada Urbana;LUNGOTEVERE TOR DI NONA;in corrispondenza;;del palo luce n.;13;;Scontro laterale fra veicoli in marcia;Rettilineo;Una carreggiata a senso unico di marcia;Asciutto;Asfaltata;Verticale ed orizzontale;Sereno;Intenso;Buona;;0;0;0;3;12.4692;41.9015;-1;2;Autobus di linea;In marcia / fermata / arresto;Passeggero;F;Illeso;0;;;
5985905;1;31/05/2022 04:00:00;Strada Urbana;PIAZZALE SISTO V;all'intersezione con;VIA DEI RAMNI;VIA DEI RAMNI;;;Investimento di pedone;Incrocio;Una carreggiata a doppio senso;Asciutto;Asfaltata;Verticale ed orizzontale;Sereno;Scarso;Sufficiente;;1;0;0;0;12.5089;41.8984;0;;;;Pedone;M;Rimandato;0;NON DECEDUTO;;
5985905;1;31/05/2022 04:00:00;Strada Urbana;PIAZZALE SISTO V;all'intersezione con;VIA DEI RAMNI;VIA DEI RAMNI;;;Investimento di pedone;Incrocio;Una carreggiata a doppio senso;Asciutto;Asfaltata;Verticale ed orizzontale;Sereno;Scarso;Sufficiente;;1;0;0;0;12.5089;41.8984;0;1;Autovettura privata;Allontanatosi;;;;;;;
5985958;18;31/05/2022 11:45:00;Strada Urbana;PIAZZA PIO XI;in prossimità;;del civico n.;51;;Tamponamento;Rettilineo;Una carreggiata a doppio senso;Asciutto;Asfaltata;Verticale ed orizzontale;Sereno;Normale;Buona;;0;0;0;3;12.4369;41.8944;-1;1;Autovettura privata;In marcia / fermata / arresto;Conducente;F;Illeso;0;;Non accertato;Inesploso
5985958;18;31/05/2022 11:45:00;Strada Urbana;PIAZZA PIO XI;in prossimità;;del civico n.;51;;Tamponamento;Rettilineo;Una carreggiata a doppio senso;Asciutto;Asfaltata;Verticale ed orizzontale;Sereno;Normale;Buona;;0;0;0;3;12.4369;41.8944;-1;1;Autovettura privata;In marcia / fermata / arresto;Passeggero;F;Illeso;0;;Non accertato;
5985958;18;31/05/2022 11:45:00;Strada Urbana;PIAZZA PIO XI;in prossimità;;del civico n.;51;;Tamponamento;Rettilineo;Una carreggiata a doppio senso;Asciutto;Asfaltata;Verticale ed orizzontale;Sereno;Normale;Buona;;0;0;0;3;12.4369;41.8944;-1;2;Motociclo a solo;In marcia / fermata / arresto;Conducente;M;Illeso;0;;Non accertato;
5985960;9;31/05/2022 11:15:00;Strada Urbana;VIA PONTREMOLI;all'intersezione con;VIA URBINO;VIA URBINO;;;Scontro frontale/laterale SX fra veicoli in marcia;Intersezione stradale segnalata;Una carreggiata a senso unico di marcia;Asciutto;Asfaltata;Verticale ed orizzontale;Sereno;Normale;Buona;;0;0;0;3;12.5116;41.8847;-1;1;Autovettura privata;In marcia / fermata / arresto;Conducente;M;Illeso;0;;Non accertato;Inesploso
5985960;9;31/05/2022 11:15:00;Strada Urbana;VIA PONTREMOLI;all'intersezione con;VIA URBINO;VIA URBINO;;;Scontro frontale/laterale SX fra veicoli in marcia;Intersezione stradale segnalata;Una carreggiata a senso unico di marcia;Asciutto;Asfaltata;Verticale ed orizzontale;Sereno;Normale;Buona;;0;0;0;3;12.5116;41.8847;-1;2;Autovettura privata;In marcia / fermata / arresto;Conducente;M;Illeso;0;;Non accertato;Inesploso
5985960;9;31/05/2022 11:15:00;Strada Urbana;VIA PONTREMOLI;all'intersezione con;VIA URBINO;VIA URBINO;;;Scontro frontale/laterale SX fra veicoli in marcia;Intersezione stradale segnalata;Una carreggiata a senso unico di marcia;Asciutto;Asfaltata;Verticale ed orizzontale;Sereno;Normale;Buona;;0;0;0;3;12.5116;41.8847;-1;2;Autovettura privata;In marcia / fermata / arresto;Passeggero;M;Illeso;0;;Non accertato;Inesploso
5985973;1;30/05/2022 08:15:00;Strada Urbana;VIA GUSTAVO BIANCHI;in prossimità;;del civico n.;5;;Veicolo in marcia contro ostacolo fisso;Rettilineo;Una carreggiata a senso unico di marcia;Asciutto;Strada pavimentata dissestata;Verticale ed orizzontale;Sereno;Scarso;Buona;;0;0;0;1;12.4745;41.8812;-1;1;Autovettura privata;In marcia / fermata / arresto;Conducente;M;Illeso;0;;;
5985988;18;30/05/2022 21:00:00;Statale;VIA AURELIA;in prossimità;;della chilometrica;11.7;;Veicolo in marcia contro ostacolo fisso;Curva a visuale libera;Più di due carreggiate;Asciutto;Asfaltata;Verticale ed orizzontale;Sereno;Normale;Insufficiente;;1;0;0;0;12.4012;41.8861;-1;1;Autovettura privata;In marcia / fermata / arresto;Conducente;M;Rimandato;0;NON DECEDUTO;;
5986003;1;30/05/2022 09:15:00;Strada Urbana;VIA FRANCESCO CRISPI;in prossimità;;del civico n.;39;;Veicolo in marcia contro ostacolo accidentale;Rettilineo;Una carreggiata a senso unico di marcia;Asciutto;In cubetti di porfido;Verticale ed orizzontale;Sereno;Normale;Buona;;1;0;0;0;12.4856;41.9039;-1;1;Ciclomotore;In marcia / fermata / arresto;Conducente;F;Rimandato;0;NON DECEDUTO;;
5986019;18;31/05/2022 10:30:00;Strada Urbana;VIA DELLA MAGLIANELLA;in prossimità;;del civico n.;330;;Scontro laterale fra veicoli in marcia;Rettilineo;Una carreggiata a senso unico di marcia;Asciutto;Asfaltata;Orizzontale;Sereno;Normale;Buona;;1;0;0;3;12.3847;41.9139;-1;1;Autovettura privata;In marcia / fermata / arresto;Conducente;M;Illeso;0;;Non accertato;Inesploso
5986019;18;31/05/2022 10:30:00;Strada Urbana;VIA DELLA MAGLIANELLA;in prossimità;;del civico n.;330;;Scontro laterale fra veicoli in marcia;Rettilineo;Una carreggiata a senso unico di marcia;Asciutto;Asfaltata;Orizzontale;Sereno;Normale;Buona;;1;0;0;3;12.3847;41.9139;-1;1;Autovettura privata;In marcia / fermata / arresto;Passeggero;M;Illeso;0;;Non accertato;Inesploso
5986019;18;31/05/2022 10:30:00;Strada Urbana;VIA DELLA MAGLIANELLA;in prossimità;;del civico n.;330;;Scontro laterale fra veicoli in marcia;Rettilineo;Una carreggiata a senso unico di marcia;Asciutto;Asfaltata;Orizzontale;Sereno;Normale;Buona;;1;0;0;3;12.3847;41.9139;-1;1;Autovettura privata;In marcia / fermata / arresto;Passeggero;F;Illeso;0;;Non accertato;Inesploso
5986019;18;31/05/2022 10:30:00;Strada Urbana;VIA DELLA MAGLIANELLA;in prossimità;;del civico n.;330;;Scontro laterale fra veicoli in marcia;Rettilineo;Una carreggiata a senso unico di marcia;Asciutto;Asfaltata;Orizzontale;Sereno;Normale;Buona;;1;0;0;3;12.3847;41.9139;-1;2;Motociclo a solo;In marcia / fermata / arresto;Conducente;F;Rimandato;0;NON DECEDUTO;Non accertato;
5986040;10;31/05/2022 14:50:00;Strada Urbana;VIA FALCONARA ALBANESE;in prossimità;;del civico n.;10;;Veicolo in marcia contro veicoli in sosta;Rettilineo;Una carreggiata a doppio senso;Asciutto;Asfaltata;Verticale;Sereno;Scarso;Buona;;0;0;0;1;12.5843;41.8355;-1;1;Autovettura privata;In marcia / fermata / arresto;Conducente;M;Illeso;0;;Non accertato;
5986040;10;31/05/2022 14:50:00;Strada Urbana;VIA FALCONARA ALBANESE;in prossimità;;del civico n.;10;;Veicolo in marcia contro veicoli in sosta;Rettilineo;Una carreggiata a doppio senso;Asciutto;Asfaltata;Verticale;Sereno;Scarso;Buona;;0;0;0;1;12.5843;41.8355;-1;2;Autovettura privata;Sosta;;;;;;;
5986040;10;31/05/2022 14:50:00;Strada Urbana;VIA FALCONARA ALBANESE;in prossimità;;del civico n.;10;;Veicolo in marcia contro veicoli in sosta;Rettilineo;Una carreggiata a doppio senso;Asciutto;Asfaltata;Verticale;Sereno;Scarso;Buona;;0;0;0;1;12.5843;41.8355;-1;3;Autovettura privata;Sosta;;;;;;;
5986040;10;31/05/2022 14:50:00;Strada Urbana;VIA FALCONARA ALBANESE;in prossimità;;del civico n.;10;;Veicolo in marcia contro veicoli in sosta;Rettilineo;Una carreggiata a doppio senso;Asciutto;Asfaltata;Verticale;Sereno;Scarso;Buona;;0;0;0;1;12.5843;41.8355;-1;4;Autocarro inferiore 35 q.;Sosta;;;;;;;
5986070;9;30/05/2022 07:15:00;Strada Urbana;PIAZZA LODI;in prossimità;;del civico n.;9;;Tamponamento;Rotatoria;Una carreggiata a senso unico di marcia;Asciutto;Asfaltata;Verticale ed orizzontale;Sereno;Intenso;Buona;;0;0;0;2;12.5212;41.8874;-1;1;Autovettura privata;In marcia / fermata / arresto;Conducente;F;Illeso;0;;Non accertato;Inesploso
5986070;9;30/05/2022 07:15:00;Strada Urbana;PIAZZA LODI;in prossimità;;del civico n.;9;;Tamponamento;Rotatoria;Una carreggiata a senso unico di marcia;Asciutto;Asfaltata;Verticale ed orizzontale;Sereno;Intenso;Buona;;0;0;0;2;12.5212;41.8874;-1;2;Autovettura privata;In marcia / fermata / arresto;Conducente;M;Illeso;0;;Non accertato;Inesploso
5986117;15;31/05/2022 10:25:00;Strada Urbana;VIA PORTUENSE;da specificare;;;;fronte civico 851;Tamponamento;Rettilineo;Una carreggiata a doppio senso;Asciutto;Asfaltata;Verticale ed orizzontale;Sereno;Normale;Buona;;1;0;0;1;12.414;41.8469;-1;1;Autovettura privata;In marcia / fermata / arresto;Conducente;F;Rifiuta cure immediate;0;NON DECEDUTO;Non accertato;Inesploso
5986117;15;31/05/2022 10:25:00;Strada Urbana;VIA PORTUENSE;da specificare;;;;fronte civico 851;Tamponamento;Rettilineo;Una carreggiata a doppio senso;Asciutto;Asfaltata;Verticale ed orizzontale;Sereno;Normale;Buona;;1;0;0;1;12.414;41.8469;-1;2;Autobus di linea;In marcia / fermata / arresto;Conducente;M;Illeso;0;;Non accertato;
5986167;6;31/05/2022 16:30:00;Provinciale entro l'abitato;LARGO PRENESTE;in prossimità;;del civico n.;53;;Scontro laterale fra veicoli in marcia;Rettilineo;Due carreggiate;Asciutto;Asfaltata;Verticale ed orizzontale;Sereno;Normale;Buona;;2;0;0;2;12.5406;41.8924;-1;;;;Pedone;M;Illeso;0;;;
5986167;6;31/05/2022 16:30:00;Provinciale entro l'abitato;LARGO PRENESTE;in prossimità;;del civico n.;53;;Scontro laterale fra veicoli in marcia;Rettilineo;Due carreggiate;Asciutto;Asfaltata;Verticale ed orizzontale;Sereno;Normale;Buona;;2;0;0;2;12.5406;41.8924;-1;;;;Pedone;F;Rifiuta cure immediate;0;NON DECEDUTO;;
5986167;6;31/05/2022 16:30:00;Provinciale entro l'abitato;LARGO PRENESTE;in prossimità;;del civico n.;53;;Scontro laterale fra veicoli in marcia;Rettilineo;Due carreggiate;Asciutto;Asfaltata;Verticale ed orizzontale;Sereno;Normale;Buona;;2;0;0;2;12.5406;41.8924;-1;1;Autovettura privata;In marcia / fermata / arresto;Conducente;M;Illeso;0;;Non accertato;Inesploso
5986167;6;31/05/2022 16:30:00;Provinciale entro l'abitato;LARGO PRENESTE;in prossimità;;del civico n.;53;;Scontro laterale fra veicoli in marcia;Rettilineo;Due carreggiate;Asciutto;Asfaltata;Verticale ed orizzontale;Sereno;Normale;Buona;;2;0;0;2;12.5406;41.8924;-1;2;Motociclo a solo;In marcia / fermata / arresto;Conducente;M;Rifiuta cure immediate;0;NON DECEDUTO;Non accertato;
5986193;1;31/05/2022 12:00:00;Strada Urbana;LUNGOTEVERE MARZIO;da specificare;;;;fronte civ. 12;Tamponamento;Rettilineo;Una carreggiata a senso unico di marcia;Asciutto;Asfaltata;Verticale ed orizzontale;Sereno;Normale;Buona;;0;0;0;2;12.4739;41.9032;-1;1;Autocarro inferiore 35 q.;In marcia / fermata / arresto;Conducente;M;Illeso;0;;;
5986193;1;31/05/2022 12:00:00;Strada Urbana;LUNGOTEVERE MARZIO;da specificare;;;;fronte civ. 12;Tamponamento;Rettilineo;Una carreggiata a senso unico di marcia;Asciutto;Asfaltata;Verticale ed orizzontale;Sereno;Normale;Buona;;0;0;0;2;12.4739;41.9032;-1;2;Autocarro inferiore 35 q.;In marcia / fermata / arresto;Conducente;M;Illeso;0;;;
5986220;15;31/05/2022 12:40:00;Strada Urbana;VIA PORTUENSE;all'intersezione con;VIA DELLA MAGLIANA;VIA DELLA MAGLIANA;;;Scontro frontale/laterale SX fra veicoli in marcia;Intersezione semaforizzata;Una carreggiata a doppio senso;Asciutto;Asfaltata;Verticale ed orizzontale;Sereno;Normale;Buona;;0;0;0;2;12.359;41.8121;-1;1;Autocarro inferiore 35 q.;In marcia / fermata / arresto;Conducente;M;Illeso;0;;Non accertato;Esploso
5986220;15;31/05/2022 12:40:00;Strada Urbana;VIA PORTUENSE;all'intersezione con;VIA DELLA MAGLIANA;VIA DELLA MAGLIANA;;;Scontro frontale/laterale SX fra veicoli in marcia;Intersezione semaforizzata;Una carreggiata a doppio senso;Asciutto;Asfaltata;Verticale ed orizzontale;Sereno;Normale;Buona;;0;0;0;2;12.359;41.8121;-1;2;Autovettura privata;In marcia / fermata / arresto;Conducente;M;Illeso;0;;Non accertato;Esploso
5986302;16;31/05/2022 08:20:00;Strada Urbana;VIA DI BRAVETTA;in corrispondenza;;del civico n.;543;;Scontro frontale/laterale DX fra veicoli in marcia;Rettilineo;Una carreggiata a doppio senso;Asciutto;Asfaltata;Verticale ed orizzontale;Sereno;Normale;Buona;;2;0;0;0;12.4227;41.8725;-1;1;Autovettura privata;In marcia / fermata / arresto;Conducente;F;Rimandato;0;NON DECEDUTO;Non accertato;Inesploso
5986302;16;31/05/2022 08:20:00;Strada Urbana;VIA DI BRAVETTA;in corrispondenza;;del civico n.;543;;Scontro frontale/laterale DX fra veicoli in marcia;Rettilineo;Una carreggiata a doppio senso;Asciutto;Asfaltata;Verticale ed orizzontale;Sereno;Normale;Buona;;2;0;0;0;12.4227;41.8725;-1;2;Motociclo a solo;In marcia / fermata / arresto;Conducente;F;Rimandato;0;NON DECEDUTO;Non accertato;
5986356;15;31/05/2022 14:55:00;Strada Urbana;VIA QUIRINO MAJORANA;all'intersezione con;VIA ODERISI DA GUBBIO;VIA ODERISI DA GUBBIO;;;Scontro laterale fra veicoli in marcia;Intersezione semaforizzata;Due carreggiate;Asciutto;Asfaltata;Verticale ed orizzontale;Sereno;Intenso;Buona;;1;0;0;1;12.4621;41.8685;-1;1;Motociclo a solo;In marcia / fermata / arresto;Conducente;M;Illeso;0;;;
5986356;15;31/05/2022 14:55:00;Strada Urbana;VIA QUIRINO MAJORANA;all'intersezione con;VIA ODERISI DA GUBBIO;VIA ODERISI DA GUBBIO;;;Scontro laterale fra veicoli in marcia;Intersezione semaforizzata;Due carreggiate;Asciutto;Asfaltata;Verticale ed orizzontale;Sereno;Intenso;Buona;;1;0;0;1;12.4621;41.8685;-1;2;Motociclo a solo;In marcia / fermata / arresto;Conducente;F;Rimandato;0;NON DECEDUTO;;
5986620;1;31/05/2022 19:30:00;Strada Urbana;VIA PANISPERNA;all'intersezione con;VIA URBANA;VIA URBANA;;;Tamponamento;Incrocio;Una carreggiata a senso unico di marcia;Asciutto;In cubetti di porfido;Verticale ed orizzontale;Sereno;Normale;Buona;;1;0;0;1;12.4949;41.8972;-1;1;Autovettura privata;In marcia / fermata / arresto;Conducente;F;Illeso;0;;Non accertato;Inesistente
5986620;1;31/05/2022 19:30:00;Strada Urbana;VIA PANISPERNA;all'intersezione con;VIA URBANA;VIA URBANA;;;Tamponamento;Incrocio;Una carreggiata a senso unico di marcia;Asciutto;In cubetti di porfido;Verticale ed orizzontale;Sereno;Normale;Buona;;1;0;0;1;12.4949;41.8972;-1;2;Ciclomotore;In marcia / fermata / arresto;Conducente;F;Rimandato;0;NON DECEDUTO;;
5986655;9;31/05/2022 16:30:00;;VIA ACAIA;in corrispondenza;;del civico n.;44;;Scontro laterale fra veicoli in marcia;;;;;;;;;;1;0;0;0;;;0;1;Motociclo a solo;In marcia / fermata / arresto;Conducente;M;Rimandato;0;NON DECEDUTO;;
5986655;9;31/05/2022 16:30:00;;VIA ACAIA;in corrispondenza;;del civico n.;44;;Scontro laterale fra veicoli in marcia;;;;;;;;;;1;0;0;0;;;0;2;Autovettura privata;In marcia / fermata / arresto;;;;;;;
5986672;9;31/05/2022 15:35:00;Strada Urbana;VIA FOLIGNO;all'intersezione con;VIA VOGHERA;VIA VOGHERA;;;Scontro frontale/laterale DX fra veicoli in marcia;Intersezione stradale segnalata;Due carreggiate;Asciutto;Asfaltata;Verticale ed orizzontale;Sereno;Intenso;Buona;;1;0;0;1;12.5189;41.8861;-1;1;Autovettura privata;In marcia / fermata / arresto;Conducente;M;Illeso;0;;Non accertato;Esploso
5986672;9;31/05/2022 15:35:00;Strada Urbana;VIA FOLIGNO;all'intersezione con;VIA VOGHERA;VIA VOGHERA;;;Scontro frontale/laterale DX fra veicoli in marcia;Intersezione stradale segnalata;Due carreggiate;Asciutto;Asfaltata;Verticale ed orizzontale;Sereno;Intenso;Buona;;1;0;0;1;12.5189;41.8861;-1;2;Motociclo a solo;In marcia / fermata / arresto;Conducente;M;Rimandato;0;NON DECEDUTO;Non accertato;
5986679;8;31/05/2022 08:10:00;Strada Urbana;VIALE DI TORRE MAURA;in prossimità;;del civico n.;81;;Tamponamento;Rettilineo;Due carreggiate;Asciutto;Asfaltata;Verticale ed orizzontale;Sereno;Intenso;Buona;;2;0;0;0;12.5933;41.8612;-1;1;Autovettura privata;In marcia / fermata / arresto;Conducente;M;Rifiuta cure immediate;0;NON DECEDUTO;Non accertato;Inesploso
5986679;8;31/05/2022 08:10:00;Strada Urbana;VIALE DI TORRE MAURA;in prossimità;;del civico n.;81;;Tamponamento;Rettilineo;Due carreggiate;Asciutto;Asfaltata;Verticale ed orizzontale;Sereno;Intenso;Buona;;2;0;0;0;12.5933;41.8612;-1;2;Autocarro inferiore 35 q.;In marcia / fermata / arresto;Conducente;M;Rifiuta cure immediate;0;NON DECEDUTO;Non accertato;Inesploso
5986682;1;31/05/2022 20:12:00;Strada Urbana;LUNGOTEVERE DE' CENCI;in prossimità;;del civico n.;4;;Scontro laterale fra veicoli in marcia;Rettilineo;Una carreggiata a senso unico di marcia;Asciutto;Asfaltata;Orizzontale;Sereno;Normale;Buona;;0;0;0;2;12.476;41.8919;-1;1;Autovettura privata;In marcia / fermata / arresto;Conducente;F;Illeso;0;;Non accertato;Inesploso
5986682;1;31/05/2022 20:12:00;Strada Urbana;LUNGOTEVERE DE' CENCI;in prossimità;;del civico n.;4;;Scontro laterale fra veicoli in marcia;Rettilineo;Una carreggiata a senso unico di marcia;Asciutto;Asfaltata;Orizzontale;Sereno;Normale;Buona;;0;0;0;2;12.476;41.8919;-1;2;Autovettura pubblica;In marcia / fermata / arresto;Conducente;M;Illeso;0;;;
5986683;11;30/05/2022 23:40:00;Strada Urbana;PIAZZALE FERRUCCIO PARRI;da specificare;;;;altezza VIALE TUPINI ;Scontro laterale fra veicoli in marcia;Rettilineo;Una carreggiata a doppio senso;Asciutto;Asfaltata;Verticale ed orizzontale;Sereno;Scarso;Buona;;2;0;0;1;12.464;41.8371;-1;1;Ciclomotore;In marcia / fermata / arresto;Conducente;F;Rimandato;0;NON DECEDUTO;;
5986683;11;30/05/2022 23:40:00;Strada Urbana;PIAZZALE FERRUCCIO PARRI;da specificare;;;;altezza VIALE TUPINI ;Scontro laterale fra veicoli in marcia;Rettilineo;Una carreggiata a doppio senso;Asciutto;Asfaltata;Verticale ed orizzontale;Sereno;Scarso;Buona;;2;0;0;1;12.464;41.8371;-1;1;Ciclomotore;In marcia / fermata / arresto;Passeggero;M;Rimandato;0;NON DECEDUTO;;
5986683;11;30/05/2022 23:40:00;Strada Urbana;PIAZZALE FERRUCCIO PARRI;da specificare;;;;altezza VIALE TUPINI ;Scontro laterale fra veicoli in marcia;Rettilineo;Una carreggiata a doppio senso;Asciutto;Asfaltata;Verticale ed orizzontale;Sereno;Scarso;Buona;;2;0;0;1;12.464;41.8371;-1;2;Autovettura privata;In marcia / fermata / arresto;Conducente;M;Illeso;0;;;
5986684;8;31/05/2022 08:45:00;Strada Urbana;VIA CASILINA;in prossimità;;del civico n.;1585/B;;Tamponamento;Rettilineo;Due carreggiate;Asciutto;Asfaltata;Verticale ed orizzontale;Sereno;Normale;Buona;;0;0;0;3;12.6339;41.8634;-1;1;Autovettura privata;In marcia / fermata / arresto;Conducente;F;Illeso;0;;Non accertato;Inesploso
5986684;8;31/05/2022 08:45:00;Strada Urbana;VIA CASILINA;in prossimità;;del civico n.;1585/B;;Tamponamento;Rettilineo;Due carreggiate;Asciutto;Asfaltata;Verticale ed orizzontale;Sereno;Normale;Buona;;0;0;0;3;12.6339;41.8634;-1;1;Autovettura privata;In marcia / fermata / arresto;Passeggero;M;Illeso;0;;Non accertato;Inesploso
5986684;8;31/05/2022 08:45:00;Strada Urbana;VIA CASILINA;in prossimità;;del civico n.;1585/B;;Tamponamento;Rettilineo;Due carreggiate;Asciutto;Asfaltata;Verticale ed orizzontale;Sereno;Normale;Buona;;0;0;0;3;12.6339;41.8634;-1;2;Autovettura privata;In marcia / fermata / arresto;Conducente;F;Illeso;0;;Non accertato;Inesploso