Protocollo;Gruppo;DataOraIncidente;Localizzazione1;STRADA1;Localizzazione2;STRADA2;Strada02;Chilometrica;DaSpecificare;NaturaIncidente;particolaritastrade;TipoStrada;FondoStradale;Pavimentazione;Segnaletica;CondizioneAtmosferica;Traffico;Visibilita;Illuminazione;NUM_FERITI;NUM_RISERVATA;NUM_MORTI;NUM_ILLESI;Longitude;Latitude;Confermato;Progressivo;TipoVeicolo;StatoVeicolo;TipoPersona;Sesso;Tipolesione;Deceduto;DecedutoDopo;CinturaCascoUtilizzato;Airbag;
5987382;12;31/05/2022 17:45:00;Strada Urbana;VIALE OCEANO ATLANTICO ;in prossimità;;del civico n.;25;;Investimento di pedone;Rettilineo;Una carreggiata a doppio senso;Asciutto;Asfaltata;Verticale ed orizzontale;Sereno;Normale;Buona;;1;0;0;1;12.4791;41.8209;-1;;;;Pedone;M;Rimandato;0;NON DECEDUTO;;
5987382;12;31/05/2022 17:45:00;Strada Urbana;VIALE OCEANO ATLANTICO ;in prossimità;;del civico n.;25;;Investimento di pedone;Rettilineo;Una carreggiata a doppio senso;Asciutto;Asfaltata;Verticale ed orizzontale;Sereno;Normale;Buona;;1;0;0;1;12.4791;41.8209;-1;1;Autovettura privata;In marcia / fermata / arresto;Conducente;F;Illeso;0;;Non accertato;Inesploso
5987399;16;31/05/2022 09:15:00;Strada Urbana;VIA DELLA PISANA;in prossimità;;del civico n.;88;;Scontro frontale/laterale SX fra veicoli in marcia;Rettilineo;Una carreggiata a doppio senso;Asciutto;Asfaltata;Verticale ed orizzontale;Sereno;Normale;Buona;;1;0;0;3;12.4195;41.884;-1;1;Autovettura privata;In marcia / fermata / arresto;Conducente;F;Illeso;0;;Non accertato;Inesploso
5987399;16;31/05/2022 09:15:00;Strada Urbana;VIA DELLA PISANA;in prossimità;;del civico n.;88;;Scontro frontale/laterale SX fra veicoli in marcia;Rettilineo;Una carreggiata a doppio senso;Asciutto;Asfaltata;Verticale ed orizzontale;Sereno;Normale;Buona;;1;0;0;3;12.4195;41.884;-1;1;Autovettura privata;In marcia / fermata / arresto;Passeggero;M;Rimandato;0;NON DECEDUTO;Non accertato;Inesploso
5987399;16;31/05/2022 09:15:00;Strada Urbana;VIA DELLA PISANA;in prossimità;;del civico n.;88;;Scontro frontale/laterale SX fra veicoli in marcia;Rettilineo;Una carreggiata a doppio senso;Asciutto;Asfaltata;Verticale ed orizzontale;Sereno;Normale;Buona;;1;0;0;3;12.4195;41.884;-1;2;Motociclo a solo;In marcia / fermata / arresto;Conducente;M;Illeso;0;;Non accertato;
5987399;16;31/05/2022 09:15:00;Strada Urbana;VIA DELLA PISANA;in prossimità;;del civico n.;88;;Scontro frontale/laterale SX fra veicoli in marcia;Rettilineo;Una carreggiata a doppio senso;Asciutto;Asfaltata;Verticale ed orizzontale;Sereno;Normale;Buona;;1;0;0;3;12.4195;41.884;-1;3;Autovettura privata;In marcia / fermata / arresto;Conducente;M;Illeso;0;;Non accertato;Inesploso
5987411;19;31/05/2022 21:15:00;Strada Urbana;VIA TRIONFALE;in corrispondenza;;del civico n.;f.c.11371;;Scontro laterale fra veicoli in marcia;Rettilineo;Una carreggiata a doppio senso;Asciutto;Asfaltata;Verticale ed orizzontale;Sereno;Normale;Insufficiente;;1;0;0;2;12.4102;41.9608;-1;1;Autovettura privata;In marcia / fermata / arresto;Conducente;M;Illeso;0;;Non accertato;Inesploso
5987411;19;31/05/2022 21:15:00;Strada Urbana;VIA TRIONFALE;in corrispondenza;;del civico n.;f.c.11371;;Scontro laterale fra veicoli in marcia;Rettilineo;Una carreggiata a doppio senso;Asciutto;Asfaltata;Verticale ed orizzontale;Sereno;Normale;Insufficiente;;1;0;0;2;12.4102;41.9608;-1;2;Motociclo con passeggero;In marcia / fermata / arresto;Conducente;M;Illeso;0;;Non accertato;
5987411;19;31/05/2022 21:15:00;Strada Urbana;VIA TRIONFALE;in corrispondenza;;del civico n.;f.c.11371;;Scontro laterale fra veicoli in marcia;Rettilineo;Una carreggiata a doppio senso;Asciutto;Asfaltata;Verticale ed orizzontale;Sereno;Normale;Insufficiente;;1;0;0;2;12.4102;41.9608;-1;2;Motociclo con passeggero;In marcia / fermata / arresto;Passeggero;M;Rimandato;0;NON DECEDUTO;Non accertato;
5987412;12;31/05/2022 18:20:00;Altra strada;VIA DEI PLUMBAGHI;all'intersezione con;VIA DELLE STRELITZIE;VIA DELLE STRELITZIE;;;Scontro frontale/laterale DX fra veicoli in marcia;Incrocio;Una carreggiata a doppio senso;Asciutto;Asfaltata;Verticale;Sereno;Scarso;Buona;;3;0;0;0;12.581;41.7119;-1;1;Autovettura privata;In marcia / fermata / arresto;Conducente;M;Rimandato;0;NON DECEDUTO;;
5987412;12;31/05/2022 18:20:00;Altra strada;VIA DEI PLUMBAGHI;all'intersezione con;VIA DELLE STRELITZIE;VIA DELLE STRELITZIE;;;Scontro frontale/laterale DX fra veicoli in marcia;Incrocio;Una carreggiata a doppio senso;Asciutto;Asfaltata;Verticale;Sereno;Scarso;Buona;;3;0;0;0;12.581;41.7119;-1;1;Autovettura privata;In marcia / fermata / arresto;Passeggero;M;Rimandato;0;NON DECEDUTO;Non accertato;Esploso
5987412;12;31/05/2022 18:20:00;Altra strada;VIA DEI PLUMBAGHI;all'intersezione con;VIA DELLE STRELITZIE;VIA DELLE STRELITZIE;;;Scontro frontale/laterale DX fra veicoli in marcia;Incrocio;Una carreggiata a doppio senso;Asciutto;Asfaltata;Verticale;Sereno;Scarso;Buona;;3;0;0;0;12.581;41.7119;-1;2;Autovettura privata;In marcia / fermata / arresto;Conducente;F;Ricoverato;0;NON DECEDUTO;;Esploso
5987427;12;31/05/2022 13:30:00;Strada Urbana;VIA CRISTOFORO COLOMBO;all'intersezione con;VIALE ASIA;VIALE ASIA;;;Scontro laterale fra veicoli in marcia;Incrocio;Più di due carreggiate;Asciutto;Asfaltata;Verticale ed orizzontale;Sereno;Normale;Buona;;0;0;0;2;12.4115;41.7858;-1;1;Autovettura privata;In marcia / fermata / arresto;Conducente;F;Illeso;0;;Non accertato;Inesploso
5987427;12;31/05/2022 13:30:00;Strada Urbana;VIA CRISTOFORO COLOMBO;all'intersezione con;VIALE ASIA;VIALE ASIA;;;Scontro laterale fra veicoli in marcia;Incrocio;Più di due carreggiate;Asciutto;Asfaltata;Verticale ed orizzontale;Sereno;Normale;Buona;;0;0;0;2;12.4115;41.7858;-1;2;Motociclo a solo;In marcia / fermata / arresto;Conducente;M;Illeso;0;;Utilizzato;
5987480;17;31/05/2022 16:25:00;Strada Urbana;VIA LUIGI SETTEMBRINI;all'intersezione semaforizzata con;PIAZZA DELLE CINQUE GIORNATE;PIAZZA DELLE CINQUE GIORNATE;;;Tamponamento;Incrocio;Più di due carreggiate;Asciutto;Asfaltata;Verticale ed orizzontale;Sereno;Normale;Buona;;0;0;0;2;12.4669;41.915;-1;1;Autovettura privata;In marcia / fermata / arresto;Conducente;M;Illeso;0;;;
5987480;17;31/05/2022 16:25:00;Strada Urbana;VIA LUIGI SETTEMBRINI;all'intersezione semaforizzata con;PIAZZA DELLE CINQUE GIORNATE;PIAZZA DELLE CINQUE GIORNATE;;;Tamponamento;Incrocio;Più di due carreggiate;Asciutto;Asfaltata;Verticale ed orizzontale;Sereno;Normale;Buona;;0;0;0;2;12.4669;41.915;-1;2;Autovettura privata;In marcia / fermata / arresto;Conducente;M;Illeso;0;;;
5987497;23;31/05/2022 17:20:00;Strada Urbana;VIA NOMENTANA;in corrispondenza;;del civico n.;363;;Tamponamento Multiplo;Rettilineo;Una carreggiata a doppio senso;Asciutto;Asfaltata;Verticale ed orizzontale;Sereno;Intenso;Buona;;0;0;0;4;12.5207;41.9242;-1;1;Autovettura privata;In marcia / fermata / arresto;Conducente;M;Illeso;0;;Non accertato;Inesploso
5987497;23;31/05/2022 17:20:00;Strada Urbana;VIA NOMENTANA;in corrispondenza;;del civico n.;363;;Tamponamento Multiplo;Rettilineo;Una carreggiata a doppio senso;Asciutto;Asfaltata;Verticale ed orizzontale;Sereno;Intenso;Buona;;0;0;0;4;12.5207;41.9242;-1;1;Autovettura privata;In marcia / fermata / arresto;Passeggero;M;Illeso;0;;Non accertato;Inesploso
5987497;23;31/05/2022 17:20:00;Strada Urbana;VIA NOMENTANA;in corrispondenza;;del civico n.;363;;Tamponamento Multiplo;Rettilineo;Una carreggiata a doppio senso;Asciutto;Asfaltata;Verticale ed orizzontale;Sereno;Intenso;Buona;;0;0;0;4;12.5207;41.9242;-1;2;Autovettura privata;In marcia / fermata / arresto;Conducente;M;Illeso;0;;Non accertato;Inesploso
5987497;23;31/05/2022 17:20:00;Strada Urbana;VIA NOMENTANA;in corrispondenza;;del civico n.;363;;Tamponamento Multiplo;Rettilineo;Una carreggiata a doppio senso;Asciutto;Asfaltata;Verticale ed orizzontale;Sereno;Intenso;Buona;;0;0;0;4;12.5207;41.9242;-1;3;Autovettura di polizia;In marcia / fermata / arresto;Conducente;M;Illeso;0;;Non accertato;Inesploso
5987535;23;31/05/2022 09:15:00;Strada Urbana;VIALE PARIOLI;in corrispondenza;;del civico n.;22;;Veicolo in marcia contro veicolo fermo;Rettilineo;Una carreggiata a doppio senso;Asciutto;Asfaltata;Verticale ed orizzontale;Sereno;Intenso;Buona;;0;0;0;3;12.4907;41.9243;-1;1;Autovettura privata;In marcia / fermata / arresto;Conducente;M;Illeso;0;;Non accertato;Inesploso
5987535;23;31/05/2022 09:15:00;Strada Urbana;VIALE PARIOLI;in corrispondenza;;del civico n.;22;;Veicolo in marcia contro veicolo fermo;Rettilineo;Una carreggiata a doppio senso;Asciutto;Asfaltata;Verticale ed orizzontale;Sereno;Intenso;Buona;;0;0;0;3;12.4907;41.9243;-1;2;Autovettura di polizia;In marcia / fermata / arresto;Conducente;F;Illeso;0;;Non accertato;Inesploso
5987535;23;31/05/2022 09:15:00;Strada Urbana;VIALE PARIOLI;in corrispondenza;;del civico n.;22;;Veicolo in marcia contro veicolo fermo;Rettilineo;Una carreggiata a doppio senso;Asciutto;Asfaltata;Verticale ed orizzontale;Sereno;Intenso;Buona;;0;0;0;3;12.4907;41.9243;-1;2;Autovettura di polizia;In marcia / fermata / arresto;Passeggero;F;Illeso;0;;Non accertato;Inesploso
5987600;16;31/05/2022 12:40:00;Strada Urbana;VIA S. VINCENZO DE' PAOLI;all'intersezione con;VIA LAURA MANTEGAZZA;VIA LAURA MANTEGAZZA;;;Scontro frontale/laterale DX fra veicoli in marcia;Incrocio;Due carreggiate;Asciutto;Asfaltata;Verticale ed orizzontale;Sereno;Normale;Buona;;1;0;0;3;12.4568;41.8716;-1;1;Autovettura privata;In marcia / fermata / arresto;Conducente;F;Rimandato;0;NON DECEDUTO;Non accertato;Inesploso
5987600;16;31/05/2022 12:40:00;Strada Urbana;VIA S. VINCENZO DE' PAOLI;all'intersezione con;VIA LAURA MANTEGAZZA;VIA LAURA MANTEGAZZA;;;Scontro frontale/laterale DX fra veicoli in marcia;Incrocio;Due carreggiate;Asciutto;Asfaltata;Verticale ed orizzontale;Sereno;Normale;Buona;;1;0;0;3;12.4568;41.8716;-1;1;Autovettura privata;In marcia / fermata / arresto;Passeggero;M;Illeso;0;;Non accertato;Inesploso
5987600;16;31/05/2022 12:40:00;Strada Urbana;VIA S. VINCENZO DE' PAOLI;all'intersezione con;VIA LAURA MANTEGAZZA;VIA LAURA MANTEGAZZA;;;Scontro frontale/laterale DX fra veicoli in marcia;Incrocio;Due carreggiate;Asciutto;Asfaltata;Verticale ed orizzontale;Sereno;Normale;Buona;;1;0;0;3;12.4568;41.8716;-1;1;Autovettura privata;In marcia / fermata / arresto;Passeggero;F;Illeso;0;;Non accertato;Inesploso
5987600;16;31/05/2022 12:40:00;Strada Urbana;VIA S. VINCENZO DE' PAOLI;all'intersezione con;VIA LAURA MANTEGAZZA;VIA LAURA MANTEGAZZA;;;Scontro frontale/laterale DX fra veicoli in marcia;Incrocio;Due carreggiate;Asciutto;Asfaltata;Verticale ed orizzontale;Sereno;Normale;Buona;;1;0;0;3;12.4568;41.8716;-1;2;Autovettura privata;In marcia / fermata / arresto;Conducente;M;Illeso;0;;Non accertato;Inesploso
5987645;16;31/05/2022 13:30:00;Strada Urbana;VIA AURELIA;da specificare;;;;1257 (complanare);Scontro frontale/laterale DX fra veicoli in marcia;Rettilineo;Più di due carreggiate;Asciutto;Asfaltata;Verticale ed orizzontale;Sereno;Intenso;Buona;;1;0;0;2;12.4012;41.8861;-1;1;Autovettura privata;In marcia / fermata / arresto;Conducente;F;Illeso;0;;Non accertato;Inesploso
5987645;16;31/05/2022 13:30:00;Strada Urbana;VIA AURELIA;da specificare;;;;1257 (complanare);Scontro frontale/laterale DX fra veicoli in marcia;Rettilineo;Più di due carreggiate;Asciutto;Asfaltata;Verticale ed orizzontale;Sereno;Intenso;Buona;;1;0;0;2;12.4012;41.8861;-1;1;Autovettura privata;In marcia / fermata / arresto;Passeggero;F;Illeso;0;;Non accertato;Inesploso
5987645;16;31/05/2022 13:30:00;Strada Urbana;VIA AURELIA;da specificare;;;;1257 (complanare);Scontro frontale/laterale DX fra veicoli in marcia;Rettilineo;Più di due carreggiate;Asciutto;Asfaltata;Verticale ed orizzontale;Sereno;Intenso;Buona;;1;0;0;2;12.4012;41.8861;-1;2;Motociclo a solo;In marcia / fermata / arresto;Conducente;M;Rimandato;0;NON DECEDUTO;Non accertato;
5987779;18;31/05/2022 19:20:00;Statale;VIA AURELIA;in corrispondenza;;della chilometrica;9.6;;Tamponamento Multiplo;Rettilineo;Una carreggiata a senso unico di marcia;Asciutto;Asfaltata;Verticale ed orizzontale;Sereno;Intenso;Buona;;3;0;0;1;12.4012;41.8861;-1;1;Autovettura privata;In marcia / fermata / arresto;Conducente;F;Rimandato;0;NON DECEDUTO;Non accertato;Esploso
5987779;18;31/05/2022 19:20:00;Statale;VIA AURELIA;in corrispondenza;;della chilometrica;9.6;;Tamponamento Multiplo;Rettilineo;Una carreggiata a senso unico di marcia;Asciutto;Asfaltata;Verticale ed orizzontale;Sereno;Intenso;Buona;;3;0;0;1;12.4012;41.8861;-1;2;Autovettura privata;In marcia / fermata / arresto;Conducente;M;Illeso;0;;Non accertato;Inesploso
5987779;18;31/05/2022 19:20:00;Statale;VIA AURELIA;in corrispondenza;;della chilometrica;9.6;;Tamponamento Multiplo;Rettilineo;Una carreggiata a senso unico di marcia;Asciutto;Asfaltata;Verticale ed orizzontale;Sereno;Intenso;Buona;;3;0;0;1;12.4012;41.8861;-1;2;Autovettura privata;In marcia / fermata / arresto;Passeggero;F;Rimandato;0;NON DECEDUTO;Non accertato;Inesploso
5987779;18;31/05/2022 19:20:00;Statale;VIA AURELIA;in corrispondenza;;della chilometrica;9.6;;Tamponamento Multiplo;Rettilineo;Una carreggiata a senso unico di marcia;Asciutto;Asfaltata;Verticale ed orizzontale;Sereno;Intenso;Buona;;3;0;0;1;12.4012;41.8861;-1;3;Autovettura privata;In marcia / fermata / arresto;Conducente;F;Rifiuta cure immediate;0;NON DECEDUTO;Non accertato;Inesploso
5987782;3;31/05/2022 08:13:00;Strada Urbana;VIA MICHELE DI LANDO;da specificare;;;;fronte 84 A;Veicolo in marcia contro veicolo in sosta;Rettilineo;Una carreggiata a senso unico di marcia;Asciutto;Asfaltata;Verticale ed orizzontale;Sereno;Normale;Buona;;0;0;0;3;12.5247;41.914;-1;1;Autocarro inferiore 35 q.;Sosta;;;;;;;
5987782;3;31/05/2022 08:13:00;Strada Urbana;VIA MICHELE DI LANDO;da specificare;;;;fronte 84 A;Veicolo in marcia contro veicolo in sosta;Rettilineo;Una carreggiata a senso unico di marcia;Asciutto;Asfaltata;Verticale ed orizzontale;Sereno;Normale;Buona;;0;0;0;3;12.5247;41.914;-1;2;Autovettura privata;In marcia / fermata / arresto;Conducente;F;Illeso;0;;;
5987782;3;31/05/2022 08:13:00;Strada Urbana;VIA MICHELE DI LANDO;da specificare;;;;fronte 84 A;Veicolo in marcia contro veicolo in sosta;Rettilineo;Una carreggiata a senso unico di marcia;Asciutto;Asfaltata;Verticale ed orizzontale;Sereno;Normale;Buona;;0;0;0;3;12.5247;41.914;-1;2;Autovettura privata;In marcia / fermata / arresto;Passeggero;F;Illeso;0;;;
5987782;3;31/05/2022 08:13:00;Strada Urbana;VIA MICHELE DI LANDO;da specificare;;;;fronte 84 A;Veicolo in marcia contro veicolo in sosta;Rettilineo;Una carreggiata a senso unico di marcia;Asciutto;Asfaltata;Verticale ed orizzontale;Sereno;Normale;Buona;;0;0;0;3;12.5247;41.914;-1;2;Autovettura privata;In marcia / fermata / arresto;Passeggero;F;Illeso;0;;;
5987883;18;31/05/2022 16:45:00;Strada Urbana;VIA DI BOCCEA;in corrispondenza;;del civico n.;240;;Tamponamento;Rettilineo;Una carreggiata a doppio senso;Asciutto;Asfaltata;Verticale ed orizzontale;Sereno;Intenso;Buona;;1;0;0;3;12.4203;41.9036;-1;1;Autovettura privata;In marcia / fermata / arresto;Conducente;M;Illeso;0;;Non accertato;Inesploso
5987883;18;31/05/2022 16:45:00;Strada Urbana;VIA DI BOCCEA;in corrispondenza;;del civico n.;240;;Tamponamento;Rettilineo;Una carreggiata a doppio senso;Asciutto;Asfaltata;Verticale ed orizzontale;Sereno;Intenso;Buona;;1;0;0;3;12.4203;41.9036;-1;1;Autovettura privata;In marcia / fermata / arresto;Passeggero;M;Illeso;0;;Non accertato;
5987883;18;31/05/2022 16:45:00;Strada Urbana;VIA DI BOCCEA;in corrispondenza;;del civico n.;240;;Tamponamento;Rettilineo;Una carreggiata a doppio senso;Asciutto;Asfaltata;Verticale ed orizzontale;Sereno;Intenso;Buona;;1;0;0;3;12.4203;41.9036;-1;2;Autovettura privata;In marcia / fermata / arresto;Conducente;F;Rimandato;0;NON DECEDUTO;Non accertato;Inesploso
5987883;18;31/05/2022 16:45:00;Strada Urbana;VIA DI BOCCEA;in corrispondenza;;del civico n.;240;;Tamponamento;Rettilineo;Una carreggiata a doppio senso;Asciutto;Asfaltata;Verticale ed orizzontale;Sereno;Intenso;Buona;;1;0;0;3;12.4203;41.9036;-1;2;Autovettura privata;In marcia / fermata / arresto;Passeggero;M;Illeso;0;;Non accertato;Inesploso
5988083;16;31/05/2022 15:35:00;Strada Urbana;LARGO GIUSEPPE VITETTI;all'intersezione con;VIA S. CALEPODIO;VIA S. CALEPODIO;;;Scontro laterale fra veicoli in marcia;Incrocio;Più di due carreggiate;Asciutto;Asfaltata;Verticale ed orizzontale;Sereno;Normale;Buona;;0;0;0;2;12.4565;41.8808;-1;1;Motociclo a solo;In marcia / fermata / arresto;Conducente;M;Illeso;0;;Non accertato;
5988083;16;31/05/2022 15:35:00;Strada Urbana;LARGO GIUSEPPE VITETTI;all'intersezione con;VIA S. CALEPODIO;VIA S. CALEPODIO;;;Scontro laterale fra veicoli in marcia;Incrocio;Più di due carreggiate;Asciutto;Asfaltata;Verticale ed orizzontale;Sereno;Normale;Buona;;0;0;0;2;12.4565;41.8808;-1;2;Autovettura privata;In marcia / fermata / arresto;Conducente;F;Illeso;0;;Non accertato;Inesploso
5988092;16;31/05/2022 15:55:00;Strada Urbana;VIA ANDREA BUSIRI VICI;in corrispondenza;;del civico n.;2;;Scontro laterale fra veicoli in marcia;Rettilineo;Una carreggiata a senso unico di marcia;Asciutto;Asfaltata;Verticale ed orizzontale;Sereno;Normale;Buona;;0;0;0;2;12.4568;41.8827;-1;1;Autovettura privata;In marcia / fermata / arresto;Conducente;F;Illeso;0;;Non accertato;Inesploso
5988092;16;31/05/2022 15:55:00;Strada Urbana;VIA ANDREA BUSIRI VICI;in corrispondenza;;del civico n.;2;;Scontro laterale fra veicoli in marcia;Rettilineo;Una carreggiata a senso unico di marcia;Asciutto;Asfaltata;Verticale ed orizzontale;Sereno;Normale;Buona;;0;0;0;2;12.4568;41.8827;-1;2;Autovettura privata;In marcia / fermata / arresto;Conducente;M;Illeso;0;;Non accertato;Inesploso
5988100;16;31/05/2022 16:30:00;Strada Urbana;VIA DI BRAVETTA;da specificare;;;;prossimità vicolo di Bravetta;Veicolo in marcia contro veicolo in sosta;Rettilineo;Una carreggiata a doppio senso;Asciutto;Asfaltata;Verticale ed orizzontale;Sereno;Normale;Buona;;1;0;0;3;12.4257;41.8762;-1;1;Autovettura privata;In marcia / fermata / arresto;Conducente;F;Illeso;0;;Non accertato;Inesploso
5988100;16;31/05/2022 16:30:00;Strada Urbana;VIA DI BRAVETTA;da specificare;;;;prossimità vicolo di Bravetta;Veicolo in marcia contro veicolo in sosta;Rettilineo;Una carreggiata a doppio senso;Asciutto;Asfaltata;Verticale ed orizzontale;Sereno;Normale;Buona;;1;0;0;3;12.4257;41.8762;-1;1;Autovettura privata;In marcia / fermata / arresto;Passeggero;F;Rimandato;0;NON DECEDUTO;Non accertato;Inesploso
5988100;16;31/05/2022 16:30:00;Strada Urbana;VIA DI BRAVETTA;da specificare;;;;prossimità vicolo di Bravetta;Veicolo in marcia contro veicolo in sosta;Rettilineo;Una carreggiata a doppio senso;Asciutto;Asfaltata;Verticale ed orizzontale;Sereno;Normale;Buona;;1;0;0;3;12.4257;41.8762;-1;1;Autovettura privata;In marcia / fermata / arresto;Passeggero;M;Illeso;0;;Non accertato;Inesploso
5988100;16;31/05/2022 16:30:00;Strada Urbana;VIA DI BRAVETTA;da specificare;;;;prossimità vicolo di Bravetta;Veicolo in marcia contro veicolo in sosta;Rettilineo;Una carreggiata a doppio senso;Asciutto;Asfaltata;Verticale ed orizzontale;Sereno;Normale;Buona;;1;0;0;3;12.4257;41.8762;-1;1;Autovettura privata;In marcia / fermata / arresto;Passeggero;F;Illeso;0;;Non accertato;Inesploso
5988100;16;31/05/2022 16:30:00;Strada Urbana;VIA DI BRAVETTA;da specificare;;;;prossimità vicolo di Bravetta;Veicolo in marcia contro veicolo in sosta;Rettilineo;Una carreggiata a doppio senso;Asciutto;Asfaltata;Verticale ed orizzontale;Sereno;Normale;Buona;;1;0;0;3;12.4257;41.8762;-1;2;Autovettura privata;Sosta;;;;;;;
5988100;16;31/05/2022 16:30:00;Strada Urbana;VIA DI BRAVETTA;da specificare;;;;prossimità vicolo di Bravetta;Veicolo in marcia contro veicolo in sosta;Rettilineo;Una carreggiata a doppio senso;Asciutto;Asfaltata;Verticale ed orizzontale;Sereno;Normale;Buona;;1;0;0;3;12.4257;41.8762;-1;3;Autovettura privata;Sosta;;;;;;;
5988132;16;31/05/2022 16:45:00;Strada Urbana;VIALE DI TRASTEVERE;all'intersezione semaforizzata con;VIALE AURELIO SAFFI;VIALE AURELIO SAFFI;;;Scontro laterale fra veicoli in marcia;Incrocio;Più di due carreggiate;Asciutto;Asfaltata;Verticale ed orizzontale;Sereno;Normale;Buona;;1;0;0;1;12.4679;41.8817;-1;1;Motociclo a solo;In marcia / fermata / arresto;Conducente;M;Illeso;0;;Non accertato;
5988132;16;31/05/2022 16:45:00;Strada Urbana;VIALE DI TRASTEVERE;all'intersezione semaforizzata con;VIALE AURELIO SAFFI;VIALE AURELIO SAFFI;;;Scontro laterale fra veicoli in marcia;Incrocio;Più di due carreggiate;Asciutto;Asfaltata;Verticale ed orizzontale;Sereno;Normale;Buona;;1;0;0;1;12.4679;41.8817;-1;2;Motociclo a solo;In marcia / fermata / arresto;Conducente;M;Rimandato;0;NON DECEDUTO;Non accertato;
5988160;1;31/05/2022 12:00:00;Strada Urbana;VIA DELL'ARA MASSIMA DI ERCOLE;in corrispondenza;;del civico n.;101/A;;Veicolo in marcia contro veicolo in sosta;Rettilineo;Una carreggiata a doppio senso;Asciutto;Asfaltata;Verticale ed orizzontale;Sereno;Normale;Buona;;1;0;0;0;12.4828;41.8878;0;1;Autocarro inferiore 35 q.;Sosta;;;;;;;
5988160;1;31/05/2022 12:00:00;Strada Urbana;VIA DELL'ARA MASSIMA DI ERCOLE;in corrispondenza;;del civico n.;101/A;;Veicolo in marcia contro veicolo in sosta;Rettilineo;Una carreggiata a doppio senso;Asciutto;Asfaltata;Verticale ed orizzontale;Sereno;Normale;Buona;;1;0;0;0;12.4828;41.8878;0;2;Monopattino elettrico;In marcia / fermata / arresto;Conducente;F;Rimandato;0;NON DECEDUTO;;
5990221;18;23/05/2022 18:50:00;Strada Urbana;VIA BEVERINO;in corrispondenza;;del civico n.;6;;Veicolo in marcia contro veicolo in sosta;Rettilineo;Una carreggiata a senso unico di marcia;Asciutto;Asfaltata;Assente;Sereno;Intenso;Buona;;0;0;0;1;12.4;41.9107;-1;1;Autovettura privata;In marcia / fermata / arresto;Conducente;M;Illeso;0;;Non accertato;Inesploso
5990221;18;23/05/2022 18:50:00;Strada Urbana;VIA BEVERINO;in corrispondenza;;del civico n.;6;;Veicolo in marcia contro veicolo in sosta;Rettilineo;Una carreggiata a senso unico di marcia;Asciutto;Asfaltata;Assente;Sereno;Intenso;Buona;;0;0;0;1;12.4;41.9107;-1;2;Autovettura privata;Sosta;;;;;;;
5996119;1;30/05/2022 07:00:00;;VIA DEL CORSO;in corrispondenza;;del civico n.;499;;Veicolo in marcia contro ostacolo fisso;;;;;;;;;;0;0;0;1;12.4776;41.9078;0;1;Macchina operatrice;In marcia / fermata / arresto;Conducente;M;Illeso;0;;Non accertato;Inesploso
6008367;18;30/05/2022 21:20:00;Strada Urbana;VIA DI BOCCEA;in prossimità;;del civico n.;114/116;;Tamponamento;Rettilineo;Una carreggiata a doppio senso;Asciutto;Asfaltata;Verticale ed orizzontale;Sereno;Normale;Sufficiente;;0;0;0;2;12.425;41.9023;-1;1;Autovettura privata;In marcia / fermata / arresto;Conducente;M;Illeso;0;;Non accertato;Inesploso
6008367;18;30/05/2022 21:20:00;Strada Urbana;VIA DI BOCCEA;in prossimità;;del civico n.;114/116;;Tamponamento;Rettilineo;Una carreggiata a doppio senso;Asciutto;Asfaltata;Verticale ed orizzontale;Sereno;Normale;Sufficiente;;0;0;0;2;12.425;41.9023;-1;2;Autovettura privata;In marcia / fermata / arresto;Conducente;F;Illeso;0;;Non accertato;Inesploso
6011465;11;06/05/2022 07:00:00;Strada Urbana;VIA OSTIENSE;in prossimità;;del civico n.;133 b;;Veicolo in marcia contro veicolo in sosta;Rettilineo;Due carreggiate;Asciutto;Asfaltata;Verticale ed orizzontale;Sereno;Scarso;Buona;;0;0;0;1;12.479;41.8645;-1;1;Autovettura privata;Sosta;;;;;;;
6011465;11;06/05/2022 07:00:00;Strada Urbana;VIA OSTIENSE;in prossimità;;del civico n.;133 b;;Veicolo in marcia contro veicolo in sosta;Rettilineo;Due carreggiate;Asciutto;Asfaltata;Verticale ed orizzontale;Sereno;Scarso;Buona;;0;0;0;1;12.479;41.8645;-1;2;Autocarro inferiore 35 q.;In marcia / fermata / arresto;Conducente;M;Illeso;0;;Non accertato;
6019106;12;31/05/2022 06:00:00;Provinciale;VIA ARDEATINA;in prossimità;;della chilometrica;15.8;;Veicolo in marcia contro ostacolo fisso;Rettilineo;Una carreggiata a doppio senso;Asciutto;Asfaltata;Verticale ed orizzontale;Sereno;Normale;Buona;;0;0;0;1;;;0;1;Autobus di linea;In marcia / fermata / arresto;Conducente;M;Illeso;0;;Non accertato;Inesploso
6051740;1;19/05/2022 19:45:00;Strada Urbana;VIA EMANUELE FILIBERTO;all'intersezione con;VIALE MANZONI;VIALE MANZONI;;;Veicolo in marcia contro ostacolo accidentale;Incrocio;Una carreggiata a doppio senso;Asciutto;Asfaltata;Assente;Sereno;Normale;Buona;;1;0;0;0;12.5066;41.8906;-1;1;Motociclo a solo;In marcia / fermata / arresto;Conducente;M;Ricoverato;0;NON DECEDUTO;;